ISO-10303-21;
HEADER;

/* File generated by HOOPS Exchange Version 24.2.0 */

FILE_DESCRIPTION(('HOOPS Exchange Step'),'2;1');

FILE_NAME('/Users/david/Downloads/10mm Bed.stp',
'2025-03-24T20:18:45+17:00',
('david'),
('Unknown organisation'),
'HOOPS Exchange 2024.2',
'HOOPS Exchange',
'Unknown authorisation');

FILE_SCHEMA( ('AP203_CONFIGURATION_CONTROLLED_3D_DESIGN_OF_MECHANICAL_PARTS_AND_ASSEMBLIES_MIM_LF') );

ENDSEC;

DATA;
#3=(NAMED_UNIT(*)PLANE_ANGLE_UNIT()SI_UNIT($,.RADIAN.));
#4=PLANE_ANGLE_MEASURE_WITH_UNIT(PLANE_ANGLE_MEASURE(0.0174532925),#3);
#5=(CONVERSION_BASED_UNIT('DEGREE',#4)NAMED_UNIT(#6)PLANE_ANGLE_UNIT());
#6=DIMENSIONAL_EXPONENTS(0.,0.,0.,0.,0.,0.,0.);
#7=(NAMED_UNIT(*)SI_UNIT($,.STERADIAN.)SOLID_ANGLE_UNIT());
#8=(LENGTH_UNIT()NAMED_UNIT(*)SI_UNIT(.MILLI.,.METRE.));
#9=UNCERTAINTY_MEASURE_WITH_UNIT(LENGTH_MEASURE(1.000000E-03),#8,'DISTANCE_ACCURACY_VALUE','Maximum Tolerance applied to model');
#10=(GEOMETRIC_REPRESENTATION_CONTEXT(3)GLOBAL_UNCERTAINTY_ASSIGNED_CONTEXT((#9))GLOBAL_UNIT_ASSIGNED_CONTEXT((#8,#5,#7))REPRESENTATION_CONTEXT('','root'));
#12=CARTESIAN_POINT('',(0.,0.,0.));
#13=DIRECTION('',(0.,0.,1.));
#14=DIRECTION('',(1.,0.,0.));
#15=AXIS2_PLACEMENT_3D('TS3D_PRODUCT_CSYS',#12,#13,#14);
#26=(NAMED_UNIT(*)PLANE_ANGLE_UNIT()SI_UNIT($,.RADIAN.));
#27=PLANE_ANGLE_MEASURE_WITH_UNIT(PLANE_ANGLE_MEASURE(0.0174532925),#26);
#28=(CONVERSION_BASED_UNIT('DEGREE',#27)NAMED_UNIT(#29)PLANE_ANGLE_UNIT());
#29=DIMENSIONAL_EXPONENTS(0.,0.,0.,0.,0.,0.,0.);
#30=(NAMED_UNIT(*)SI_UNIT($,.STERADIAN.)SOLID_ANGLE_UNIT());
#31=(LENGTH_UNIT()NAMED_UNIT(*)SI_UNIT(.MILLI.,.METRE.));
#32=UNCERTAINTY_MEASURE_WITH_UNIT(LENGTH_MEASURE(1.000000E-03),#31,'DISTANCE_ACCURACY_VALUE','Maximum Tolerance applied to model');
#33=(GEOMETRIC_REPRESENTATION_CONTEXT(3)GLOBAL_UNCERTAINTY_ASSIGNED_CONTEXT((#32))GLOBAL_UNIT_ASSIGNED_CONTEXT((#31,#28,#30))REPRESENTATION_CONTEXT('','0'));
#45=CARTESIAN_POINT('',(0.,0.,0.));
#46=DIRECTION('',(0.,0.,1.));
#47=DIRECTION('',(1.,0.,-0.));
#48=AXIS2_PLACEMENT_3D('',#45,#46,#47);
#49=ITEM_DEFINED_TRANSFORMATION('','',#48,#15);
#50=(REPRESENTATION_RELATIONSHIP('','',#35,#16)REPRESENTATION_RELATIONSHIP_WITH_TRANSFORMATION(#49)SHAPE_REPRESENTATION_RELATIONSHIP());
#51=NEXT_ASSEMBLY_USAGE_OCCURRENCE('300mm Voron 2.4_1','300mm Voron 2.4','300mm Voron 2.4',#25,#44,$);
#52=PRODUCT_DEFINITION_SHAPE('','',#51);
#53=CONTEXT_DEPENDENT_SHAPE_REPRESENTATION(#50,#52);
#54=(NAMED_UNIT(*)PLANE_ANGLE_UNIT()SI_UNIT($,.RADIAN.));
#55=PLANE_ANGLE_MEASURE_WITH_UNIT(PLANE_ANGLE_MEASURE(0.0174532925),#54);
#56=(CONVERSION_BASED_UNIT('DEGREE',#55)NAMED_UNIT(#57)PLANE_ANGLE_UNIT());
#57=DIMENSIONAL_EXPONENTS(0.,0.,0.,0.,0.,0.,0.);
#58=(NAMED_UNIT(*)SI_UNIT($,.STERADIAN.)SOLID_ANGLE_UNIT());
#59=(LENGTH_UNIT()NAMED_UNIT(*)SI_UNIT(.MILLI.,.METRE.));
#60=UNCERTAINTY_MEASURE_WITH_UNIT(LENGTH_MEASURE(1.000000E-03),#59,'DISTANCE_ACCURACY_VALUE','Maximum Tolerance applied to model');
#61=(GEOMETRIC_REPRESENTATION_CONTEXT(3)GLOBAL_UNCERTAINTY_ASSIGNED_CONTEXT((#60))GLOBAL_UNIT_ASSIGNED_CONTEXT((#59,#56,#58))REPRESENTATION_CONTEXT('','0'));
#73=CARTESIAN_POINT('',(0.,0.,0.));
#74=DIRECTION('',(0.,0.,1.));
#75=DIRECTION('',(1.,0.,-0.));
#76=AXIS2_PLACEMENT_3D('',#73,#74,#75);
#77=ITEM_DEFINED_TRANSFORMATION('','',#76,#15);
#78=(REPRESENTATION_RELATIONSHIP('','',#63,#35)REPRESENTATION_RELATIONSHIP_WITH_TRANSFORMATION(#77)SHAPE_REPRESENTATION_RELATIONSHIP());
#79=NEXT_ASSEMBLY_USAGE_OCCURRENCE('10mm Bed (LDO)_2','10mm Bed (LDO)','10mm Bed (LDO)',#44,#72,$);
#80=PRODUCT_DEFINITION_SHAPE('','',#79);
#81=CONTEXT_DEPENDENT_SHAPE_REPRESENTATION(#78,#80);
#82=(NAMED_UNIT(*)PLANE_ANGLE_UNIT()SI_UNIT($,.RADIAN.));
#83=PLANE_ANGLE_MEASURE_WITH_UNIT(PLANE_ANGLE_MEASURE(0.0174532925),#82);
#84=(CONVERSION_BASED_UNIT('DEGREE',#83)NAMED_UNIT(#85)PLANE_ANGLE_UNIT());
#85=DIMENSIONAL_EXPONENTS(0.,0.,0.,0.,0.,0.,0.);
#86=(NAMED_UNIT(*)SI_UNIT($,.STERADIAN.)SOLID_ANGLE_UNIT());
#87=(LENGTH_UNIT()NAMED_UNIT(*)SI_UNIT(.MILLI.,.METRE.));
#88=UNCERTAINTY_MEASURE_WITH_UNIT(LENGTH_MEASURE(1.000000E-05),#87,'DISTANCE_ACCURACY_VALUE','Maximum Tolerance applied to model');
#89=(GEOMETRIC_REPRESENTATION_CONTEXT(3)GLOBAL_UNCERTAINTY_ASSIGNED_CONTEXT((#88))GLOBAL_UNIT_ASSIGNED_CONTEXT((#87,#84,#86))REPRESENTATION_CONTEXT('','0'));
#101=CARTESIAN_POINT('',(0.,0.,0.));
#102=DIRECTION('',(0.,0.,1.));
#103=DIRECTION('',(1.,0.,-0.));
#104=AXIS2_PLACEMENT_3D('',#101,#102,#103);
#105=ITEM_DEFINED_TRANSFORMATION('','',#104,#15);
#106=(REPRESENTATION_RELATIONSHIP('','',#91,#63)REPRESENTATION_RELATIONSHIP_WITH_TRANSFORMATION(#105)SHAPE_REPRESENTATION_RELATIONSHIP());
#107=NEXT_ASSEMBLY_USAGE_OCCURRENCE('PRINT FILES_3','PRINT FILES','PRINT FILES',#72,#100,$);
#108=PRODUCT_DEFINITION_SHAPE('','',#107);
#109=CONTEXT_DEPENDENT_SHAPE_REPRESENTATION(#106,#108);
#111=CARTESIAN_POINT('',(212.617922254,858.613811234,60.285313421));
#112=DIRECTION('',(1.,0.,0.));
#113=DIRECTION('',(0.,0.,-1.));
#114=AXIS2_PLACEMENT_3D('',#111,#112,#113);
#115=PLANE('',#114);
#116=CARTESIAN_POINT('',(212.617922254,836.34775458,38.853084188));
#117=VERTEX_POINT('',#116);
#118=CARTESIAN_POINT('',(212.617922254,826.064432108,38.853084188));
#119=VERTEX_POINT('',#118);
#120=CARTESIAN_POINT('',(212.617922254,836.34775458,38.853084188));
#121=DIRECTION('',(0.,-1.,0.));
#122=VECTOR('',#121,10.283322472);
#123=LINE('',#120,#122);
#124=EDGE_CURVE('',#117,#119,#123,.T.);
#125=ORIENTED_EDGE('',*,*,#124,.F.);
#126=CARTESIAN_POINT('',(212.617922254,837.895883307,39.494312691));
#127=VERTEX_POINT('',#126);
#128=CARTESIAN_POINT('',(212.617922254,836.347820759,41.042375239));
#129=DIRECTION('',(1.,0.,0.));
#130=DIRECTION('',(0.,0.,-1.));
#131=AXIS2_PLACEMENT_3D('',#128,#129,#130);
#132=CIRCLE('',#131,2.189291052);
#133=EDGE_CURVE('',#117,#127,#132,.T.);
#134=ORIENTED_EDGE('',*,*,#133,.T.);
#135=CARTESIAN_POINT('',(212.617922254,838.875325017,40.4737544));
#136=VERTEX_POINT('',#135);
#137=CARTESIAN_POINT('',(212.617922254,837.895883307,39.494312691));
#138=DIRECTION('',(0.,0.707106781,0.707106781));
#139=VECTOR('',#138,1.385139749);
#140=LINE('',#137,#139);
#141=EDGE_CURVE('',#127,#136,#140,.T.);
#142=ORIENTED_EDGE('',*,*,#141,.T.);
#143=CARTESIAN_POINT('',(212.617922254,841.089926636,41.391072426));
#144=VERTEX_POINT('',#143);
#145=CARTESIAN_POINT('',(212.617922254,841.089926636,38.259152781));
#146=DIRECTION('',(-1.,-0.,-0.));
#147=DIRECTION('',(0.,0.,-1.));
#148=AXIS2_PLACEMENT_3D('',#145,#146,#147);
#149=CIRCLE('',#148,3.131919644);
#150=EDGE_CURVE('',#136,#144,#149,.T.);
#151=ORIENTED_EDGE('',*,*,#150,.T.);
#152=CARTESIAN_POINT('',(212.617922254,857.16319036,41.391072426));
#153=VERTEX_POINT('',#152);
#154=CARTESIAN_POINT('',(212.617922254,857.16319036,41.391072426));
#155=DIRECTION('',(0.,-1.,0.));
#156=VECTOR('',#155,16.073263724);
#157=LINE('',#154,#156);
#158=EDGE_CURVE('',#153,#144,#157,.T.);
#159=ORIENTED_EDGE('',*,*,#158,.F.);
#160=CARTESIAN_POINT('',(212.617922254,857.16319036,20.000000149));
#161=VERTEX_POINT('',#160);
#162=CARTESIAN_POINT('',(212.617922254,857.16319036,41.391072426));
#163=DIRECTION('',(0.,0.,-1.));
#164=VECTOR('',#163,21.391072277);
#165=LINE('',#162,#164);
#166=EDGE_CURVE('',#153,#161,#165,.T.);
#167=ORIENTED_EDGE('',*,*,#166,.T.);
#168=CARTESIAN_POINT('',(212.617922254,826.064432108,20.000000149));
#169=VERTEX_POINT('',#168);
#170=CARTESIAN_POINT('',(212.617922254,857.16319036,20.000000149));
#171=DIRECTION('',(0.,-1.,0.));
#172=VECTOR('',#171,31.098758252);
#173=LINE('',#170,#172);
#174=EDGE_CURVE('',#161,#169,#173,.T.);
#175=ORIENTED_EDGE('',*,*,#174,.T.);
#176=CARTESIAN_POINT('',(212.617922254,826.064432108,20.000000149));
#177=DIRECTION('',(-0.,-0.,1.));
#178=VECTOR('',#177,18.853084039);
#179=LINE('',#176,#178);
#180=EDGE_CURVE('',#169,#119,#179,.T.);
#181=ORIENTED_EDGE('',*,*,#180,.T.);
#182=EDGE_LOOP('',(#125,#134,#142,#151,#159,#167,#175,#181));
#183=FACE_BOUND('',#182,.T.);
#184=ADVANCED_FACE('',(#183),#115,.F.);
#185=CARTESIAN_POINT('',(87.,858.613811234,60.285313421));
#186=DIRECTION('',(0.,1.,0.));
#187=DIRECTION('',(0.,0.,1.));
#188=AXIS2_PLACEMENT_3D('',#185,#186,#187);
#189=PLANE('',#188);
#190=CARTESIAN_POINT('',(88.450620873,858.613811234,41.391072426));
#191=VERTEX_POINT('',#190);
#192=CARTESIAN_POINT('',(211.16730138,858.613811234,41.391072426));
#193=VERTEX_POINT('',#192);
#194=CARTESIAN_POINT('',(88.450620873,858.613811234,41.391072426));
#195=DIRECTION('',(1.,0.,-0.));
#196=VECTOR('',#195,122.716680507);
#197=LINE('',#194,#196);
#198=EDGE_CURVE('',#191,#193,#197,.T.);
#199=ORIENTED_EDGE('',*,*,#198,.F.);
#200=CARTESIAN_POINT('',(88.450620873,858.613811234,20.000000149));
#201=VERTEX_POINT('',#200);
#202=CARTESIAN_POINT('',(88.450620873,858.613811234,41.391072426));
#203=DIRECTION('',(-0.,0.,-1.));
#204=VECTOR('',#203,21.391072277);
#205=LINE('',#202,#204);
#206=EDGE_CURVE('',#191,#201,#205,.T.);
#207=ORIENTED_EDGE('',*,*,#206,.T.);
#208=CARTESIAN_POINT('',(211.16730138,858.613811234,20.000000149));
#209=VERTEX_POINT('',#208);
#210=CARTESIAN_POINT('',(88.450620873,858.613811234,20.000000149));
#211=DIRECTION('',(1.,0.,-0.));
#212=VECTOR('',#211,122.716680507);
#213=LINE('',#210,#212);
#214=EDGE_CURVE('',#201,#209,#213,.T.);
#215=ORIENTED_EDGE('',*,*,#214,.T.);
#216=CARTESIAN_POINT('',(211.16730138,858.613811234,20.000000149));
#217=DIRECTION('',(-0.,-0.,1.));
#218=VECTOR('',#217,21.391072277);
#219=LINE('',#216,#218);
#220=EDGE_CURVE('',#209,#193,#219,.T.);
#221=ORIENTED_EDGE('',*,*,#220,.T.);
#222=EDGE_LOOP('',(#199,#207,#215,#221));
#223=FACE_BOUND('',#222,.T.);
#224=ADVANCED_FACE('',(#223),#189,.F.);
#225=CARTESIAN_POINT('',(87.,848.105004701,60.285313421));
#226=DIRECTION('',(-1.,0.,0.));
#227=DIRECTION('',(0.,0.,1.));
#228=AXIS2_PLACEMENT_3D('',#225,#226,#227);
#229=PLANE('',#228);
#230=CARTESIAN_POINT('',(87.,848.562466527,41.391072426));
#231=VERTEX_POINT('',#230);
#232=CARTESIAN_POINT('',(87.,857.16319036,41.391072426));
#233=VERTEX_POINT('',#232);
#234=CARTESIAN_POINT('',(87.,848.562466527,41.391072426));
#235=DIRECTION('',(0.,1.,0.));
#236=VECTOR('',#235,8.600723833);
#237=LINE('',#234,#236);
#238=EDGE_CURVE('',#231,#233,#237,.T.);
#239=ORIENTED_EDGE('',*,*,#238,.F.);
#240=CARTESIAN_POINT('',(87.,846.347864908,40.4737544));
#241=VERTEX_POINT('',#240);
#242=CARTESIAN_POINT('',(87.,848.562466527,38.259152781));
#243=DIRECTION('',(1.,-0.,-0.));
#244=DIRECTION('',(0.,0.,1.));
#245=AXIS2_PLACEMENT_3D('',#242,#243,#244);
#246=CIRCLE('',#245,3.131919644);
#247=EDGE_CURVE('',#231,#241,#246,.T.);
#248=ORIENTED_EDGE('',*,*,#247,.T.);
#249=CARTESIAN_POINT('',(87.,845.368423199,39.49431269));
#250=VERTEX_POINT('',#249);
#251=CARTESIAN_POINT('',(87.,846.347864907,40.4737544));
#252=DIRECTION('',(0.,-0.707106781,-0.707106781));
#253=VECTOR('',#252,1.385139749);
#254=LINE('',#251,#253);
#255=EDGE_CURVE('',#241,#250,#254,.T.);
#256=ORIENTED_EDGE('',*,*,#255,.T.);
#257=CARTESIAN_POINT('',(87.,843.820294471,38.853084188));
#258=VERTEX_POINT('',#257);
#259=CARTESIAN_POINT('',(87.,843.82036065,41.042375239));
#260=DIRECTION('',(-1.,0.,0.));
#261=DIRECTION('',(0.,0.,1.));
#262=AXIS2_PLACEMENT_3D('',#259,#260,#261);
#263=CIRCLE('',#262,2.189291052);
#264=EDGE_CURVE('',#250,#258,#263,.T.);
#265=ORIENTED_EDGE('',*,*,#264,.T.);
#266=CARTESIAN_POINT('',(87.,834.313811235,38.853084188));
#267=VERTEX_POINT('',#266);
#268=CARTESIAN_POINT('',(87.,834.313811235,38.853084188));
#269=DIRECTION('',(0.,1.,0.));
#270=VECTOR('',#269,9.506483236);
#271=LINE('',#268,#270);
#272=EDGE_CURVE('',#267,#258,#271,.T.);
#273=ORIENTED_EDGE('',*,*,#272,.F.);
#274=CARTESIAN_POINT('',(87.,834.313811235,20.000000149));
#275=VERTEX_POINT('',#274);
#276=CARTESIAN_POINT('',(87.,834.313811235,38.853084188));
#277=DIRECTION('',(0.,0.,-1.));
#278=VECTOR('',#277,18.853084039);
#279=LINE('',#276,#278);
#280=EDGE_CURVE('',#267,#275,#279,.T.);
#281=ORIENTED_EDGE('',*,*,#280,.T.);
#282=CARTESIAN_POINT('',(86.999999999,857.16319036,20.000000149));
#283=VERTEX_POINT('',#282);
#284=CARTESIAN_POINT('',(87.,834.313811235,20.000000149));
#285=DIRECTION('',(0.,1.,0.));
#286=VECTOR('',#285,22.849379125);
#287=LINE('',#284,#286);
#288=EDGE_CURVE('',#275,#283,#287,.T.);
#289=ORIENTED_EDGE('',*,*,#288,.T.);
#290=CARTESIAN_POINT('',(87.,857.16319036,20.000000149));
#291=DIRECTION('',(0.,0.,1.));
#292=VECTOR('',#291,21.391072277);
#293=LINE('',#290,#292);
#294=EDGE_CURVE('',#283,#233,#293,.T.);
#295=ORIENTED_EDGE('',*,*,#294,.T.);
#296=EDGE_LOOP('',(#239,#248,#256,#265,#273,#281,#289,#295));
#297=FACE_BOUND('',#296,.T.);
#298=ADVANCED_FACE('',(#297),#229,.F.);
#299=CARTESIAN_POINT('',(85.,860.613811234,60.285313421));
#300=DIRECTION('',(1.,0.,0.));
#301=DIRECTION('',(0.,0.,-1.));
#302=AXIS2_PLACEMENT_3D('',#299,#300,#301);
#303=PLANE('',#302);
#304=CARTESIAN_POINT('',(84.999999999,825.020257474,14.500000149));
#305=VERTEX_POINT('',#304);
#306=CARTESIAN_POINT('',(85.,858.207364995,14.500000149));
#307=VERTEX_POINT('',#306);
#308=CARTESIAN_POINT('',(85.,825.020257474,14.500000149));
#309=DIRECTION('',(0.,1.,0.));
#310=VECTOR('',#309,33.187107521);
#311=LINE('',#308,#310);
#312=EDGE_CURVE('',#305,#307,#311,.T.);
#313=ORIENTED_EDGE('',*,*,#312,.F.);
#314=CARTESIAN_POINT('',(84.999999999,825.020257474,20.000000149));
#315=VERTEX_POINT('',#314);
#316=CARTESIAN_POINT('',(85.,825.020257474,14.500000149));
#317=DIRECTION('',(-0.,-0.,1.));
#318=VECTOR('',#317,5.5);
#319=LINE('',#316,#318);
#320=EDGE_CURVE('',#305,#315,#319,.T.);
#321=ORIENTED_EDGE('',*,*,#320,.T.);
#322=CARTESIAN_POINT('',(85.,832.313811235,20.000000149));
#323=VERTEX_POINT('',#322);
#324=CARTESIAN_POINT('',(85.,832.313811235,20.000000149));
#325=DIRECTION('',(0.,-1.,-0.));
#326=VECTOR('',#325,7.293553761);
#327=LINE('',#324,#326);
#328=EDGE_CURVE('',#323,#315,#327,.T.);
#329=ORIENTED_EDGE('',*,*,#328,.F.);
#330=CARTESIAN_POINT('',(85.,832.313811235,38.853084188));
#331=VERTEX_POINT('',#330);
#332=CARTESIAN_POINT('',(85.,832.313811235,38.853084188));
#333=DIRECTION('',(0.,0.,-1.));
#334=VECTOR('',#333,18.853084039);
#335=LINE('',#332,#334);
#336=EDGE_CURVE('',#331,#323,#335,.T.);
#337=ORIENTED_EDGE('',*,*,#336,.F.);
#338=CARTESIAN_POINT('',(85.,843.820294471,38.853084188));
#339=VERTEX_POINT('',#338);
#340=CARTESIAN_POINT('',(85.,832.313811235,38.853084188));
#341=DIRECTION('',(0.,1.,0.));
#342=VECTOR('',#341,11.506483236);
#343=LINE('',#340,#342);
#344=EDGE_CURVE('',#331,#339,#343,.T.);
#345=ORIENTED_EDGE('',*,*,#344,.T.);
#346=CARTESIAN_POINT('',(85.,845.368423199,39.49431269));
#347=VERTEX_POINT('',#346);
#348=CARTESIAN_POINT('',(85.,843.82036065,41.042375239));
#349=DIRECTION('',(1.,0.,0.));
#350=DIRECTION('',(0.,0.,-1.));
#351=AXIS2_PLACEMENT_3D('',#348,#349,#350);
#352=CIRCLE('',#351,2.189291052);
#353=EDGE_CURVE('',#339,#347,#352,.T.);
#354=ORIENTED_EDGE('',*,*,#353,.T.);
#355=CARTESIAN_POINT('',(85.,846.347864908,40.4737544));
#356=VERTEX_POINT('',#355);
#357=CARTESIAN_POINT('',(85.,845.368423198,39.494312691));
#358=DIRECTION('',(0.,0.707106781,0.707106781));
#359=VECTOR('',#358,1.385139749);
#360=LINE('',#357,#359);
#361=EDGE_CURVE('',#347,#356,#360,.T.);
#362=ORIENTED_EDGE('',*,*,#361,.T.);
#363=CARTESIAN_POINT('',(85.,848.562466527,41.391072426));
#364=VERTEX_POINT('',#363);
#365=CARTESIAN_POINT('',(85.,848.562466527,38.259152781));
#366=DIRECTION('',(-1.,-0.,-0.));
#367=DIRECTION('',(0.,0.,-1.));
#368=AXIS2_PLACEMENT_3D('',#365,#366,#367);
#369=CIRCLE('',#368,3.131919644);
#370=EDGE_CURVE('',#356,#364,#369,.T.);
#371=ORIENTED_EDGE('',*,*,#370,.T.);
#372=CARTESIAN_POINT('',(85.,858.207364995,41.391072426));
#373=VERTEX_POINT('',#372);
#374=CARTESIAN_POINT('',(85.,858.207364995,41.391072426));
#375=DIRECTION('',(0.,-1.,0.));
#376=VECTOR('',#375,9.644898468);
#377=LINE('',#374,#376);
#378=EDGE_CURVE('',#373,#364,#377,.T.);
#379=ORIENTED_EDGE('',*,*,#378,.F.);
#380=CARTESIAN_POINT('',(84.999999999,858.207364995,20.000000149));
#381=VERTEX_POINT('',#380);
#382=CARTESIAN_POINT('',(85.,858.207364995,41.391072426));
#383=DIRECTION('',(0.,0.,-1.));
#384=VECTOR('',#383,21.391072277);
#385=LINE('',#382,#384);
#386=EDGE_CURVE('',#373,#381,#385,.T.);
#387=ORIENTED_EDGE('',*,*,#386,.T.);
#388=CARTESIAN_POINT('',(85.,858.207364995,20.000000149));
#389=DIRECTION('',(0.,0.,-1.));
#390=VECTOR('',#389,5.5);
#391=LINE('',#388,#390);
#392=EDGE_CURVE('',#381,#307,#391,.T.);
#393=ORIENTED_EDGE('',*,*,#392,.T.);
#394=EDGE_LOOP('',(#313,#321,#329,#337,#345,#354,#362,#371,#379,#387,#393));
#395=FACE_BOUND('',#394,.T.);
#396=ADVANCED_FACE('',(#395),#303,.F.);
#397=CARTESIAN_POINT('',(153.,860.613811234,60.285313421));
#398=DIRECTION('',(0.,-1.,0.));
#399=DIRECTION('',(0.,0.,-1.));
#400=AXIS2_PLACEMENT_3D('',#397,#398,#399);
#401=PLANE('',#400);
#402=CARTESIAN_POINT('',(212.211476014,860.613811234,41.391072426));
#403=VERTEX_POINT('',#402);
#404=CARTESIAN_POINT('',(212.211476014,860.613811234,14.500000149));
#405=VERTEX_POINT('',#404);
#406=CARTESIAN_POINT('',(212.211476014,860.613811234,41.391072426));
#407=DIRECTION('',(0.,0.,-1.));
#408=VECTOR('',#407,26.891072277);
#409=LINE('',#406,#408);
#410=EDGE_CURVE('',#403,#405,#409,.T.);
#411=ORIENTED_EDGE('',*,*,#410,.T.);
#412=CARTESIAN_POINT('',(87.406446239,860.613811234,14.500000149));
#413=VERTEX_POINT('',#412);
#414=CARTESIAN_POINT('',(212.211476014,860.613811234,14.500000149));
#415=DIRECTION('',(-1.,0.,0.));
#416=VECTOR('',#415,124.805029775);
#417=LINE('',#414,#416);
#418=EDGE_CURVE('',#405,#413,#417,.T.);
#419=ORIENTED_EDGE('',*,*,#418,.T.);
#420=CARTESIAN_POINT('',(87.406446239,860.613811235,20.000000149));
#421=VERTEX_POINT('',#420);
#422=CARTESIAN_POINT('',(87.406446239,860.613811234,14.500000149));
#423=DIRECTION('',(-0.,-0.,1.));
#424=VECTOR('',#423,5.5);
#425=LINE('',#422,#424);
#426=EDGE_CURVE('',#413,#421,#425,.T.);
#427=ORIENTED_EDGE('',*,*,#426,.T.);
#428=CARTESIAN_POINT('',(87.406446239,860.613811234,41.391072426));
#429=VERTEX_POINT('',#428);
#430=CARTESIAN_POINT('',(87.406446239,860.613811234,20.000000149));
#431=DIRECTION('',(-0.,-0.,1.));
#432=VECTOR('',#431,21.391072277);
#433=LINE('',#430,#432);
#434=EDGE_CURVE('',#421,#429,#433,.T.);
#435=ORIENTED_EDGE('',*,*,#434,.T.);
#436=CARTESIAN_POINT('',(212.211476014,860.613811234,41.391072426));
#437=DIRECTION('',(-1.,0.,0.));
#438=VECTOR('',#437,124.805029775);
#439=LINE('',#436,#438);
#440=EDGE_CURVE('',#403,#429,#439,.T.);
#441=ORIENTED_EDGE('',*,*,#440,.F.);
#442=EDGE_LOOP('',(#411,#419,#427,#435,#441));
#443=FACE_BOUND('',#442,.T.);
#444=ADVANCED_FACE('',(#443),#401,.F.);
#445=CARTESIAN_POINT('',(214.617922254,848.105004701,60.285313421));
#446=DIRECTION('',(-1.,0.,0.));
#447=DIRECTION('',(0.,0.,1.));
#448=AXIS2_PLACEMENT_3D('',#445,#446,#447);
#449=PLANE('',#448);
#450=CARTESIAN_POINT('',(214.617922254,858.207364995,14.500000149));
#451=VERTEX_POINT('',#450);
#452=CARTESIAN_POINT('',(214.617922254,825.020257474,14.500000149));
#453=VERTEX_POINT('',#452);
#454=CARTESIAN_POINT('',(214.617922254,858.207364995,14.500000149));
#455=DIRECTION('',(0.,-1.,0.));
#456=VECTOR('',#455,33.187107521);
#457=LINE('',#454,#456);
#458=EDGE_CURVE('',#451,#453,#457,.T.);
#459=ORIENTED_EDGE('',*,*,#458,.F.);
#460=CARTESIAN_POINT('',(214.617922254,858.207364995,20.000000149));
#461=VERTEX_POINT('',#460);
#462=CARTESIAN_POINT('',(214.617922254,858.207364995,14.500000149));
#463=DIRECTION('',(-0.,-0.,1.));
#464=VECTOR('',#463,5.5);
#465=LINE('',#462,#464);
#466=EDGE_CURVE('',#451,#461,#465,.T.);
#467=ORIENTED_EDGE('',*,*,#466,.T.);
#468=CARTESIAN_POINT('',(214.617922254,858.207364995,41.391072426));
#469=VERTEX_POINT('',#468);
#470=CARTESIAN_POINT('',(214.617922254,858.207364995,20.000000149));
#471=DIRECTION('',(0.,0.,1.));
#472=VECTOR('',#471,21.391072277);
#473=LINE('',#470,#472);
#474=EDGE_CURVE('',#461,#469,#473,.T.);
#475=ORIENTED_EDGE('',*,*,#474,.T.);
#476=CARTESIAN_POINT('',(214.617922254,841.089926636,41.391072426));
#477=VERTEX_POINT('',#476);
#478=CARTESIAN_POINT('',(214.617922254,841.089926636,41.391072426));
#479=DIRECTION('',(0.,1.,0.));
#480=VECTOR('',#479,17.117438359);
#481=LINE('',#478,#480);
#482=EDGE_CURVE('',#477,#469,#481,.T.);
#483=ORIENTED_EDGE('',*,*,#482,.F.);
#484=CARTESIAN_POINT('',(214.617922254,838.875325017,40.4737544));
#485=VERTEX_POINT('',#484);
#486=CARTESIAN_POINT('',(214.617922254,841.089926636,38.259152781));
#487=DIRECTION('',(1.,-0.,-0.));
#488=DIRECTION('',(0.,0.,1.));
#489=AXIS2_PLACEMENT_3D('',#486,#487,#488);
#490=CIRCLE('',#489,3.131919644);
#491=EDGE_CURVE('',#477,#485,#490,.T.);
#492=ORIENTED_EDGE('',*,*,#491,.T.);
#493=CARTESIAN_POINT('',(214.617922254,837.895883307,39.494312691));
#494=VERTEX_POINT('',#493);
#495=CARTESIAN_POINT('',(214.617922254,838.875325017,40.4737544));
#496=DIRECTION('',(0.,-0.707106781,-0.707106781));
#497=VECTOR('',#496,1.385139749);
#498=LINE('',#495,#497);
#499=EDGE_CURVE('',#485,#494,#498,.T.);
#500=ORIENTED_EDGE('',*,*,#499,.T.);
#501=CARTESIAN_POINT('',(214.617922254,836.347820759,38.853084188));
#502=VERTEX_POINT('',#501);
#503=CARTESIAN_POINT('',(214.617922254,836.347820759,41.042375239));
#504=DIRECTION('',(-1.,0.,0.));
#505=DIRECTION('',(0.,0.,1.));
#506=AXIS2_PLACEMENT_3D('',#503,#504,#505);
#507=CIRCLE('',#506,2.189291052);
#508=EDGE_CURVE('',#494,#502,#507,.T.);
#509=ORIENTED_EDGE('',*,*,#508,.T.);
#510=CARTESIAN_POINT('',(214.617922254,825.020257474,38.853084188));
#511=VERTEX_POINT('',#510);
#512=CARTESIAN_POINT('',(214.617922254,836.347820759,38.853084188));
#513=DIRECTION('',(0.,-1.,0.));
#514=VECTOR('',#513,11.327563285);
#515=LINE('',#512,#514);
#516=EDGE_CURVE('',#502,#511,#515,.T.);
#517=ORIENTED_EDGE('',*,*,#516,.T.);
#518=CARTESIAN_POINT('',(214.617922254,825.020257474,20.000000149));
#519=VERTEX_POINT('',#518);
#520=CARTESIAN_POINT('',(214.617922254,825.020257474,38.853084188));
#521=DIRECTION('',(-0.,-0.,-1.));
#522=VECTOR('',#521,18.853084039);
#523=LINE('',#520,#522);
#524=EDGE_CURVE('',#511,#519,#523,.T.);
#525=ORIENTED_EDGE('',*,*,#524,.T.);
#526=CARTESIAN_POINT('',(214.617922254,825.020257474,20.000000149));
#527=DIRECTION('',(0.,0.,-1.));
#528=VECTOR('',#527,5.5);
#529=LINE('',#526,#528);
#530=EDGE_CURVE('',#519,#453,#529,.T.);
#531=ORIENTED_EDGE('',*,*,#530,.T.);
#532=EDGE_LOOP('',(#459,#467,#475,#483,#492,#500,#509,#517,#525,#531));
#533=FACE_BOUND('',#532,.T.);
#534=ADVANCED_FACE('',(#533),#449,.F.);
#535=CARTESIAN_POINT('',(119.,854.359407967,41.391072426));
#536=DIRECTION('',(0.,0.,-1.));
#537=DIRECTION('',(-1.,0.,0.));
#538=AXIS2_PLACEMENT_3D('',#535,#536,#537);
#539=PLANE('',#538);
#540=ORIENTED_EDGE('',*,*,#378,.T.);
#541=CARTESIAN_POINT('',(85.,848.562466527,41.391072426));
#542=DIRECTION('',(1.,0.,-0.));
#543=VECTOR('',#542,2.);
#544=LINE('',#541,#543);
#545=EDGE_CURVE('',#364,#231,#544,.T.);
#546=ORIENTED_EDGE('',*,*,#545,.T.);
#547=ORIENTED_EDGE('',*,*,#238,.T.);
#548=CARTESIAN_POINT('',(88.450620873,857.16319036,41.391072426));
#549=DIRECTION('',(0.,0.,-1.));
#550=DIRECTION('',(-1.,0.,0.));
#551=AXIS2_PLACEMENT_3D('',#548,#549,#550);
#552=CIRCLE('',#551,1.450620874);
#553=EDGE_CURVE('',#233,#191,#552,.T.);
#554=ORIENTED_EDGE('',*,*,#553,.T.);
#555=ORIENTED_EDGE('',*,*,#198,.T.);
#556=CARTESIAN_POINT('',(211.16730138,857.16319036,41.391072426));
#557=DIRECTION('',(0.,0.,-1.));
#558=DIRECTION('',(-1.,0.,0.));
#559=AXIS2_PLACEMENT_3D('',#556,#557,#558);
#560=CIRCLE('',#559,1.450620874);
#561=EDGE_CURVE('',#193,#153,#560,.T.);
#562=ORIENTED_EDGE('',*,*,#561,.T.);
#563=ORIENTED_EDGE('',*,*,#158,.T.);
#564=CARTESIAN_POINT('',(212.617922254,841.089926636,41.391072426));
#565=DIRECTION('',(1.,0.,-0.));
#566=VECTOR('',#565,2.);
#567=LINE('',#564,#566);
#568=EDGE_CURVE('',#144,#477,#567,.T.);
#569=ORIENTED_EDGE('',*,*,#568,.T.);
#570=ORIENTED_EDGE('',*,*,#482,.T.);
#571=CARTESIAN_POINT('',(212.211476014,858.207364995,41.391072426));
#572=DIRECTION('',(-0.,-0.,1.));
#573=DIRECTION('',(-1.,0.,0.));
#574=AXIS2_PLACEMENT_3D('',#571,#572,#573);
#575=CIRCLE('',#574,2.40644624);
#576=EDGE_CURVE('',#469,#403,#575,.T.);
#577=ORIENTED_EDGE('',*,*,#576,.T.);
#578=ORIENTED_EDGE('',*,*,#440,.T.);
#579=CARTESIAN_POINT('',(87.406446239,858.207364995,41.391072426));
#580=DIRECTION('',(-0.,-0.,1.));
#581=DIRECTION('',(-1.,0.,0.));
#582=AXIS2_PLACEMENT_3D('',#579,#580,#581);
#583=CIRCLE('',#582,2.40644624);
#584=EDGE_CURVE('',#429,#373,#583,.T.);
#585=ORIENTED_EDGE('',*,*,#584,.T.);
#586=EDGE_LOOP('',(#540,#546,#547,#554,#555,#562,#563,#569,#570,#577,#578,#585));
#587=FACE_BOUND('',#586,.T.);
#588=ADVANCED_FACE('',(#587),#539,.F.);
#589=CARTESIAN_POINT('',(119.,857.778358781,59.376788165));
#590=DIRECTION('',(0.,0.707106781,-0.707106781));
#591=DIRECTION('',(1.,0.,0.));
#592=AXIS2_PLACEMENT_3D('',#589,#590,#591);
#593=PLANE('',#592);
#594=ORIENTED_EDGE('',*,*,#141,.F.);
#595=CARTESIAN_POINT('',(212.617922254,837.895883307,39.494312691));
#596=DIRECTION('',(1.,-0.,-0.));
#597=VECTOR('',#596,2.);
#598=LINE('',#595,#597);
#599=EDGE_CURVE('',#127,#494,#598,.T.);
#600=ORIENTED_EDGE('',*,*,#599,.T.);
#601=ORIENTED_EDGE('',*,*,#499,.F.);
#602=CARTESIAN_POINT('',(214.617922254,838.875325017,40.4737544));
#603=DIRECTION('',(-1.,-0.,0.));
#604=VECTOR('',#603,2.);
#605=LINE('',#602,#604);
#606=EDGE_CURVE('',#485,#136,#605,.T.);
#607=ORIENTED_EDGE('',*,*,#606,.T.);
#608=EDGE_LOOP('',(#594,#600,#601,#607));
#609=FACE_BOUND('',#608,.T.);
#610=ADVANCED_FACE('',(#609),#593,.F.);
#611=CARTESIAN_POINT('',(119.,861.514628726,55.640518219));
#612=DIRECTION('',(0.,0.707106781,-0.707106781));
#613=DIRECTION('',(1.,0.,0.));
#614=AXIS2_PLACEMENT_3D('',#611,#612,#613);
#615=PLANE('',#614);
#616=ORIENTED_EDGE('',*,*,#361,.F.);
#617=CARTESIAN_POINT('',(85.,845.368423198,39.494312691));
#618=DIRECTION('',(1.,-0.,-0.));
#619=VECTOR('',#618,2.);
#620=LINE('',#617,#619);
#621=EDGE_CURVE('',#347,#250,#620,.T.);
#622=ORIENTED_EDGE('',*,*,#621,.T.);
#623=ORIENTED_EDGE('',*,*,#255,.F.);
#624=CARTESIAN_POINT('',(87.,846.347864908,40.4737544));
#625=DIRECTION('',(-1.,-0.,0.));
#626=VECTOR('',#625,2.);
#627=LINE('',#624,#626);
#628=EDGE_CURVE('',#241,#356,#627,.T.);
#629=ORIENTED_EDGE('',*,*,#628,.T.);
#630=EDGE_LOOP('',(#616,#622,#623,#629));
#631=FACE_BOUND('',#630,.T.);
#632=ADVANCED_FACE('',(#631),#615,.F.);
#633=CARTESIAN_POINT('',(212.211476014,858.207364995,60.285313421));
#634=DIRECTION('',(0.,0.,-1.));
#635=DIRECTION('',(-1.,0.,0.));
#636=AXIS2_PLACEMENT_3D('',#633,#634,#635);
#637=CYLINDRICAL_SURFACE('',#636,2.40644624);
#638=ORIENTED_EDGE('',*,*,#466,.F.);
#639=CARTESIAN_POINT('',(212.211476014,858.207364995,14.500000149));
#640=DIRECTION('',(0.,0.,1.));
#641=DIRECTION('',(1.,0.,-0.));
#642=AXIS2_PLACEMENT_3D('',#639,#640,#641);
#643=CIRCLE('',#642,2.40644624);
#644=EDGE_CURVE('',#451,#405,#643,.T.);
#645=ORIENTED_EDGE('',*,*,#644,.T.);
#646=ORIENTED_EDGE('',*,*,#410,.F.);
#647=ORIENTED_EDGE('',*,*,#576,.F.);
#648=ORIENTED_EDGE('',*,*,#474,.F.);
#649=EDGE_LOOP('',(#638,#645,#646,#647,#648));
#650=FACE_BOUND('',#649,.T.);
#651=ADVANCED_FACE('',(#650),#637,.T.);
#652=CARTESIAN_POINT('',(87.406446239,858.207364995,60.285313421));
#653=DIRECTION('',(0.,0.,-1.));
#654=DIRECTION('',(-1.,0.,0.));
#655=AXIS2_PLACEMENT_3D('',#652,#653,#654);
#656=CYLINDRICAL_SURFACE('',#655,2.40644624);
#657=ORIENTED_EDGE('',*,*,#426,.F.);
#658=CARTESIAN_POINT('',(87.406446239,858.207364995,14.500000149));
#659=DIRECTION('',(0.,0.,1.));
#660=DIRECTION('',(1.,0.,-0.));
#661=AXIS2_PLACEMENT_3D('',#658,#659,#660);
#662=CIRCLE('',#661,2.40644624);
#663=EDGE_CURVE('',#413,#307,#662,.T.);
#664=ORIENTED_EDGE('',*,*,#663,.T.);
#665=ORIENTED_EDGE('',*,*,#392,.F.);
#666=ORIENTED_EDGE('',*,*,#386,.F.);
#667=ORIENTED_EDGE('',*,*,#584,.F.);
#668=ORIENTED_EDGE('',*,*,#434,.F.);
#669=EDGE_LOOP('',(#657,#664,#665,#666,#667,#668));
#670=FACE_BOUND('',#669,.T.);
#671=ADVANCED_FACE('',(#670),#656,.T.);
#672=CARTESIAN_POINT('',(88.450620873,857.16319036,60.285313421));
#673=DIRECTION('',(0.,0.,1.));
#674=DIRECTION('',(1.,0.,-0.));
#675=AXIS2_PLACEMENT_3D('',#672,#673,#674);
#676=CYLINDRICAL_SURFACE('',#675,1.450620874);
#677=ORIENTED_EDGE('',*,*,#553,.F.);
#678=ORIENTED_EDGE('',*,*,#294,.F.);
#679=CARTESIAN_POINT('',(88.450620873,857.16319036,20.000000149));
#680=DIRECTION('',(0.,0.,1.));
#681=DIRECTION('',(1.,0.,-0.));
#682=AXIS2_PLACEMENT_3D('',#679,#680,#681);
#683=CIRCLE('',#682,1.450620874);
#684=EDGE_CURVE('',#201,#283,#683,.T.);
#685=ORIENTED_EDGE('',*,*,#684,.F.);
#686=ORIENTED_EDGE('',*,*,#206,.F.);
#687=EDGE_LOOP('',(#677,#678,#685,#686));
#688=FACE_BOUND('',#687,.T.);
#689=ADVANCED_FACE('',(#688),#676,.F.);
#690=CARTESIAN_POINT('',(211.16730138,857.16319036,60.285313421));
#691=DIRECTION('',(0.,0.,1.));
#692=DIRECTION('',(1.,0.,-0.));
#693=AXIS2_PLACEMENT_3D('',#690,#691,#692);
#694=CYLINDRICAL_SURFACE('',#693,1.450620874);
#695=ORIENTED_EDGE('',*,*,#561,.F.);
#696=ORIENTED_EDGE('',*,*,#220,.F.);
#697=CARTESIAN_POINT('',(211.16730138,857.16319036,20.000000149));
#698=DIRECTION('',(-0.,-0.,1.));
#699=DIRECTION('',(-1.,0.,0.));
#700=AXIS2_PLACEMENT_3D('',#697,#698,#699);
#701=CIRCLE('',#700,1.450620874);
#702=EDGE_CURVE('',#161,#209,#701,.T.);
#703=ORIENTED_EDGE('',*,*,#702,.F.);
#704=ORIENTED_EDGE('',*,*,#166,.F.);
#705=EDGE_LOOP('',(#695,#696,#703,#704));
#706=FACE_BOUND('',#705,.T.);
#707=ADVANCED_FACE('',(#706),#694,.F.);
#708=CARTESIAN_POINT('',(119.,841.613811234,38.853084188));
#709=DIRECTION('',(0.,0.,-1.));
#710=DIRECTION('',(0.,1.,0.));
#711=AXIS2_PLACEMENT_3D('',#708,#709,#710);
#712=PLANE('',#711);
#713=ORIENTED_EDGE('',*,*,#272,.T.);
#714=CARTESIAN_POINT('',(87.,843.82036065,38.853084188));
#715=DIRECTION('',(-1.,0.,0.));
#716=VECTOR('',#715,2.);
#717=LINE('',#714,#716);
#718=EDGE_CURVE('',#258,#339,#717,.T.);
#719=ORIENTED_EDGE('',*,*,#718,.T.);
#720=ORIENTED_EDGE('',*,*,#344,.F.);
#721=CARTESIAN_POINT('',(123.861458568,832.313811235,38.853084188));
#722=VERTEX_POINT('',#721);
#723=CARTESIAN_POINT('',(123.861458568,832.313811235,38.853084188));
#724=DIRECTION('',(-1.,0.,0.));
#725=VECTOR('',#724,38.861458568);
#726=LINE('',#723,#725);
#727=EDGE_CURVE('',#722,#331,#726,.T.);
#728=ORIENTED_EDGE('',*,*,#727,.F.);
#729=CARTESIAN_POINT('',(126.306416167,829.868853636,38.853084188));
#730=VERTEX_POINT('',#729);
#731=CARTESIAN_POINT('',(123.861458568,829.868853636,38.853084188));
#732=DIRECTION('',(0.,0.,-1.));
#733=DIRECTION('',(-1.,0.,0.));
#734=AXIS2_PLACEMENT_3D('',#731,#732,#733);
#735=CIRCLE('',#734,2.444957599);
#736=EDGE_CURVE('',#722,#730,#735,.T.);
#737=ORIENTED_EDGE('',*,*,#736,.T.);
#738=CARTESIAN_POINT('',(126.306416167,822.613811234,38.853084188));
#739=VERTEX_POINT('',#738);
#740=CARTESIAN_POINT('',(126.306416167,822.613811234,38.853084188));
#741=DIRECTION('',(0.,1.,0.));
#742=VECTOR('',#741,7.255042401);
#743=LINE('',#740,#742);
#744=EDGE_CURVE('',#739,#730,#743,.T.);
#745=ORIENTED_EDGE('',*,*,#744,.F.);
#746=CARTESIAN_POINT('',(212.211476014,822.613811234,38.853084188));
#747=VERTEX_POINT('',#746);
#748=CARTESIAN_POINT('',(212.211476014,822.613811234,38.853084188));
#749=DIRECTION('',(-1.,0.,0.));
#750=VECTOR('',#749,85.905059846);
#751=LINE('',#748,#750);
#752=EDGE_CURVE('',#747,#739,#751,.T.);
#753=ORIENTED_EDGE('',*,*,#752,.F.);
#754=CARTESIAN_POINT('',(212.211476014,825.020257474,38.853084188));
#755=DIRECTION('',(-0.,-0.,1.));
#756=DIRECTION('',(-1.,0.,0.));
#757=AXIS2_PLACEMENT_3D('',#754,#755,#756);
#758=CIRCLE('',#757,2.40644624);
#759=EDGE_CURVE('',#747,#511,#758,.T.);
#760=ORIENTED_EDGE('',*,*,#759,.T.);
#761=ORIENTED_EDGE('',*,*,#516,.F.);
#762=CARTESIAN_POINT('',(214.617922254,836.347820759,38.853084188));
#763=DIRECTION('',(-1.,0.,0.));
#764=VECTOR('',#763,2.);
#765=LINE('',#762,#764);
#766=EDGE_CURVE('',#502,#117,#765,.T.);
#767=ORIENTED_EDGE('',*,*,#766,.T.);
#768=ORIENTED_EDGE('',*,*,#124,.T.);
#769=CARTESIAN_POINT('',(211.16730138,824.613811234,38.853084188));
#770=VERTEX_POINT('',#769);
#771=CARTESIAN_POINT('',(211.16730138,826.064432108,38.853084188));
#772=DIRECTION('',(0.,0.,-1.));
#773=DIRECTION('',(-1.,0.,0.));
#774=AXIS2_PLACEMENT_3D('',#771,#772,#773);
#775=CIRCLE('',#774,1.450620874);
#776=EDGE_CURVE('',#119,#770,#775,.T.);
#777=ORIENTED_EDGE('',*,*,#776,.T.);
#778=CARTESIAN_POINT('',(128.306416167,824.613811234,38.853084188));
#779=VERTEX_POINT('',#778);
#780=CARTESIAN_POINT('',(211.16730138,824.613811234,38.853084188));
#781=DIRECTION('',(-1.,0.,0.));
#782=VECTOR('',#781,82.860885212);
#783=LINE('',#780,#782);
#784=EDGE_CURVE('',#770,#779,#783,.T.);
#785=ORIENTED_EDGE('',*,*,#784,.T.);
#786=CARTESIAN_POINT('',(128.306416167,828.914580873,38.853084188));
#787=VERTEX_POINT('',#786);
#788=CARTESIAN_POINT('',(128.306416167,824.613811234,38.853084188));
#789=DIRECTION('',(0.,1.,0.));
#790=VECTOR('',#789,4.300769639);
#791=LINE('',#788,#790);
#792=EDGE_CURVE('',#779,#787,#791,.T.);
#793=ORIENTED_EDGE('',*,*,#792,.T.);
#794=CARTESIAN_POINT('',(122.907185805,834.313811235,38.853084188));
#795=VERTEX_POINT('',#794);
#796=CARTESIAN_POINT('',(122.907185805,828.914580873,38.853084188));
#797=DIRECTION('',(-0.,-0.,1.));
#798=DIRECTION('',(-1.,0.,0.));
#799=AXIS2_PLACEMENT_3D('',#796,#797,#798);
#800=CIRCLE('',#799,5.399230362);
#801=EDGE_CURVE('',#787,#795,#800,.T.);
#802=ORIENTED_EDGE('',*,*,#801,.T.);
#803=CARTESIAN_POINT('',(122.907185805,834.313811235,38.853084188));
#804=DIRECTION('',(-1.,0.,0.));
#805=VECTOR('',#804,35.907185805);
#806=LINE('',#803,#805);
#807=EDGE_CURVE('',#795,#267,#806,.T.);
#808=ORIENTED_EDGE('',*,*,#807,.T.);
#809=EDGE_LOOP('',(#713,#719,#720,#728,#737,#745,#753,#760,#761,#767,#768,#777,#785,#793,#802,#808));
#810=FACE_BOUND('',#809,.T.);
#811=ADVANCED_FACE('',(#810),#712,.F.);
#812=CARTESIAN_POINT('',(153.,822.613811234,53.653257688));
#813=DIRECTION('',(0.,-1.,0.));
#814=DIRECTION('',(1.,0.,0.));
#815=AXIS2_PLACEMENT_3D('',#812,#813,#814);
#816=PLANE('',#815);
#817=CARTESIAN_POINT('',(87.406446239,822.613811234,20.000000149));
#818=VERTEX_POINT('',#817);
#819=CARTESIAN_POINT('',(87.406446239,822.613811234,14.500000149));
#820=VERTEX_POINT('',#819);
#821=CARTESIAN_POINT('',(87.406446239,822.613811234,20.000000149));
#822=DIRECTION('',(-0.,-0.,-1.));
#823=VECTOR('',#822,5.5);
#824=LINE('',#821,#823);
#825=EDGE_CURVE('',#818,#820,#824,.T.);
#826=ORIENTED_EDGE('',*,*,#825,.T.);
#827=CARTESIAN_POINT('',(212.211476014,822.613811234,14.500000149));
#828=VERTEX_POINT('',#827);
#829=CARTESIAN_POINT('',(87.406446239,822.613811234,14.500000149));
#830=DIRECTION('',(1.,0.,-0.));
#831=VECTOR('',#830,124.805029775);
#832=LINE('',#829,#831);
#833=EDGE_CURVE('',#820,#828,#832,.T.);
#834=ORIENTED_EDGE('',*,*,#833,.T.);
#835=CARTESIAN_POINT('',(212.211476014,822.613811234,14.500000149));
#836=DIRECTION('',(0.,0.,1.));
#837=VECTOR('',#836,24.353084039);
#838=LINE('',#835,#837);
#839=EDGE_CURVE('',#828,#747,#838,.T.);
#840=ORIENTED_EDGE('',*,*,#839,.T.);
#841=ORIENTED_EDGE('',*,*,#752,.T.);
#842=CARTESIAN_POINT('',(126.306416167,822.613811234,20.000000149));
#843=VERTEX_POINT('',#842);
#844=CARTESIAN_POINT('',(126.306416167,822.613811234,38.853084188));
#845=DIRECTION('',(0.,0.,-1.));
#846=VECTOR('',#845,18.853084039);
#847=LINE('',#844,#846);
#848=EDGE_CURVE('',#739,#843,#847,.T.);
#849=ORIENTED_EDGE('',*,*,#848,.T.);
#850=CARTESIAN_POINT('',(87.406446239,822.613811234,20.000000149));
#851=DIRECTION('',(1.,0.,0.));
#852=VECTOR('',#851,38.899969928);
#853=LINE('',#850,#852);
#854=EDGE_CURVE('',#818,#843,#853,.T.);
#855=ORIENTED_EDGE('',*,*,#854,.F.);
#856=EDGE_LOOP('',(#826,#834,#840,#841,#849,#855));
#857=FACE_BOUND('',#856,.T.);
#858=ADVANCED_FACE('',(#857),#816,.T.);
#859=CARTESIAN_POINT('',(126.306416167,822.613811234,53.653257688));
#860=DIRECTION('',(-1.,0.,0.));
#861=DIRECTION('',(0.,0.,1.));
#862=AXIS2_PLACEMENT_3D('',#859,#860,#861);
#863=PLANE('',#862);
#864=ORIENTED_EDGE('',*,*,#744,.T.);
#865=CARTESIAN_POINT('',(126.306416167,829.868853636,20.000000149));
#866=VERTEX_POINT('',#865);
#867=CARTESIAN_POINT('',(126.306416167,829.868853636,38.853084188));
#868=DIRECTION('',(-0.,-0.,-1.));
#869=VECTOR('',#868,18.853084039);
#870=LINE('',#867,#869);
#871=EDGE_CURVE('',#730,#866,#870,.T.);
#872=ORIENTED_EDGE('',*,*,#871,.T.);
#873=CARTESIAN_POINT('',(126.306416167,822.613811234,20.000000149));
#874=DIRECTION('',(0.,1.,0.));
#875=VECTOR('',#874,7.255042401);
#876=LINE('',#873,#875);
#877=EDGE_CURVE('',#843,#866,#876,.T.);
#878=ORIENTED_EDGE('',*,*,#877,.F.);
#879=ORIENTED_EDGE('',*,*,#848,.F.);
#880=EDGE_LOOP('',(#864,#872,#878,#879));
#881=FACE_BOUND('',#880,.T.);
#882=ADVANCED_FACE('',(#881),#863,.T.);
#883=CARTESIAN_POINT('',(85.,832.313811235,53.653257688));
#884=DIRECTION('',(0.,-1.,0.));
#885=DIRECTION('',(0.,0.,-1.));
#886=AXIS2_PLACEMENT_3D('',#883,#884,#885);
#887=PLANE('',#886);
#888=CARTESIAN_POINT('',(123.861458568,832.313811235,20.000000149));
#889=VERTEX_POINT('',#888);
#890=CARTESIAN_POINT('',(123.861458568,832.313811235,20.000000149));
#891=DIRECTION('',(-1.,0.,0.));
#892=VECTOR('',#891,38.861458568);
#893=LINE('',#890,#892);
#894=EDGE_CURVE('',#889,#323,#893,.T.);
#895=ORIENTED_EDGE('',*,*,#894,.F.);
#896=CARTESIAN_POINT('',(123.861458568,832.313811235,20.000000149));
#897=DIRECTION('',(0.,0.,1.));
#898=VECTOR('',#897,18.853084039);
#899=LINE('',#896,#898);
#900=EDGE_CURVE('',#889,#722,#899,.T.);
#901=ORIENTED_EDGE('',*,*,#900,.T.);
#902=ORIENTED_EDGE('',*,*,#727,.T.);
#903=ORIENTED_EDGE('',*,*,#336,.T.);
#904=EDGE_LOOP('',(#895,#901,#902,#903));
#905=FACE_BOUND('',#904,.T.);
#906=ADVANCED_FACE('',(#905),#887,.T.);
#907=CARTESIAN_POINT('',(85.,834.313811235,53.653257688));
#908=DIRECTION('',(0.,-1.,0.));
#909=DIRECTION('',(0.,0.,-1.));
#910=AXIS2_PLACEMENT_3D('',#907,#908,#909);
#911=PLANE('',#910);
#912=ORIENTED_EDGE('',*,*,#807,.F.);
#913=CARTESIAN_POINT('',(122.907185805,834.313811235,20.000000149));
#914=VERTEX_POINT('',#913);
#915=CARTESIAN_POINT('',(122.907185805,834.313811235,38.853084188));
#916=DIRECTION('',(0.,0.,-1.));
#917=VECTOR('',#916,18.853084039);
#918=LINE('',#915,#917);
#919=EDGE_CURVE('',#795,#914,#918,.T.);
#920=ORIENTED_EDGE('',*,*,#919,.T.);
#921=CARTESIAN_POINT('',(122.907185805,834.313811235,20.000000149));
#922=DIRECTION('',(-1.,0.,0.));
#923=VECTOR('',#922,35.907185805);
#924=LINE('',#921,#923);
#925=EDGE_CURVE('',#914,#275,#924,.T.);
#926=ORIENTED_EDGE('',*,*,#925,.T.);
#927=ORIENTED_EDGE('',*,*,#280,.F.);
#928=EDGE_LOOP('',(#912,#920,#926,#927));
#929=FACE_BOUND('',#928,.T.);
#930=ADVANCED_FACE('',(#929),#911,.F.);
#931=CARTESIAN_POINT('',(128.306416167,835.596198167,53.653257688));
#932=DIRECTION('',(-1.,0.,0.));
#933=DIRECTION('',(0.,0.,1.));
#934=AXIS2_PLACEMENT_3D('',#931,#932,#933);
#935=PLANE('',#934);
#936=CARTESIAN_POINT('',(128.306416167,824.613811234,20.000000149));
#937=VERTEX_POINT('',#936);
#938=CARTESIAN_POINT('',(128.306416167,828.914580873,20.000000149));
#939=VERTEX_POINT('',#938);
#940=CARTESIAN_POINT('',(128.306416167,824.613811234,20.000000149));
#941=DIRECTION('',(0.,1.,0.));
#942=VECTOR('',#941,4.300769639);
#943=LINE('',#940,#942);
#944=EDGE_CURVE('',#937,#939,#943,.T.);
#945=ORIENTED_EDGE('',*,*,#944,.T.);
#946=CARTESIAN_POINT('',(128.306416167,828.914580873,20.000000149));
#947=DIRECTION('',(-0.,-0.,1.));
#948=VECTOR('',#947,18.853084039);
#949=LINE('',#946,#948);
#950=EDGE_CURVE('',#939,#787,#949,.T.);
#951=ORIENTED_EDGE('',*,*,#950,.T.);
#952=ORIENTED_EDGE('',*,*,#792,.F.);
#953=CARTESIAN_POINT('',(128.306416167,824.613811234,38.853084188));
#954=DIRECTION('',(0.,0.,-1.));
#955=VECTOR('',#954,18.853084039);
#956=LINE('',#953,#955);
#957=EDGE_CURVE('',#779,#937,#956,.T.);
#958=ORIENTED_EDGE('',*,*,#957,.T.);
#959=EDGE_LOOP('',(#945,#951,#952,#958));
#960=FACE_BOUND('',#959,.T.);
#961=ADVANCED_FACE('',(#960),#935,.F.);
#962=CARTESIAN_POINT('',(153.,824.613811234,53.653257688));
#963=DIRECTION('',(0.,-1.,0.));
#964=DIRECTION('',(1.,0.,0.));
#965=AXIS2_PLACEMENT_3D('',#962,#963,#964);
#966=PLANE('',#965);
#967=ORIENTED_EDGE('',*,*,#784,.F.);
#968=CARTESIAN_POINT('',(211.16730138,824.613811234,20.000000149));
#969=VERTEX_POINT('',#968);
#970=CARTESIAN_POINT('',(211.16730138,824.613811234,38.853084188));
#971=DIRECTION('',(0.,0.,-1.));
#972=VECTOR('',#971,18.853084039);
#973=LINE('',#970,#972);
#974=EDGE_CURVE('',#770,#969,#973,.T.);
#975=ORIENTED_EDGE('',*,*,#974,.T.);
#976=CARTESIAN_POINT('',(211.16730138,824.613811234,20.000000149));
#977=DIRECTION('',(-1.,-0.,0.));
#978=VECTOR('',#977,82.860885212);
#979=LINE('',#976,#978);
#980=EDGE_CURVE('',#969,#937,#979,.T.);
#981=ORIENTED_EDGE('',*,*,#980,.T.);
#982=ORIENTED_EDGE('',*,*,#957,.F.);
#983=EDGE_LOOP('',(#967,#975,#981,#982));
#984=FACE_BOUND('',#983,.T.);
#985=ADVANCED_FACE('',(#984),#966,.F.);
#986=CARTESIAN_POINT('',(123.861458568,829.868853636,53.653257688));
#987=DIRECTION('',(0.,0.,-1.));
#988=DIRECTION('',(-1.,0.,0.));
#989=AXIS2_PLACEMENT_3D('',#986,#987,#988);
#990=CYLINDRICAL_SURFACE('',#989,2.444957599);
#991=ORIENTED_EDGE('',*,*,#736,.F.);
#992=ORIENTED_EDGE('',*,*,#900,.F.);
#993=CARTESIAN_POINT('',(123.861458568,829.868853636,20.000000149));
#994=DIRECTION('',(-0.,-0.,1.));
#995=DIRECTION('',(-1.,0.,0.));
#996=AXIS2_PLACEMENT_3D('',#993,#994,#995);
#997=CIRCLE('',#996,2.444957599);
#998=EDGE_CURVE('',#866,#889,#997,.T.);
#999=ORIENTED_EDGE('',*,*,#998,.F.);
#1000=ORIENTED_EDGE('',*,*,#871,.F.);
#1001=EDGE_LOOP('',(#991,#992,#999,#1000));
#1002=FACE_BOUND('',#1001,.T.);
#1003=ADVANCED_FACE('',(#1002),#990,.F.);
#1004=CARTESIAN_POINT('',(122.907185805,828.914580873,53.653257688));
#1005=DIRECTION('',(0.,0.,-1.));
#1006=DIRECTION('',(0.,1.,0.));
#1007=AXIS2_PLACEMENT_3D('',#1004,#1005,#1006);
#1008=CYLINDRICAL_SURFACE('',#1007,5.399230362);
#1009=ORIENTED_EDGE('',*,*,#801,.F.);
#1010=ORIENTED_EDGE('',*,*,#950,.F.);
#1011=CARTESIAN_POINT('',(122.907185805,828.914580873,20.000000149));
#1012=DIRECTION('',(0.,0.,-1.));
#1013=DIRECTION('',(-1.,0.,0.));
#1014=AXIS2_PLACEMENT_3D('',#1011,#1012,#1013);
#1015=CIRCLE('',#1014,5.399230362);
#1016=EDGE_CURVE('',#914,#939,#1015,.T.);
#1017=ORIENTED_EDGE('',*,*,#1016,.F.);
#1018=ORIENTED_EDGE('',*,*,#919,.F.);
#1019=EDGE_LOOP('',(#1009,#1010,#1017,#1018));
#1020=FACE_BOUND('',#1019,.T.);
#1021=ADVANCED_FACE('',(#1020),#1008,.T.);
#1022=CARTESIAN_POINT('',(212.211476014,825.020257474,53.653257688));
#1023=DIRECTION('',(0.,0.,-1.));
#1024=DIRECTION('',(0.,1.,0.));
#1025=AXIS2_PLACEMENT_3D('',#1022,#1023,#1024);
#1026=CYLINDRICAL_SURFACE('',#1025,2.40644624);
#1027=ORIENTED_EDGE('',*,*,#839,.F.);
#1028=CARTESIAN_POINT('',(212.211476014,825.020257474,14.500000149));
#1029=DIRECTION('',(0.,0.,1.));
#1030=DIRECTION('',(1.,0.,-0.));
#1031=AXIS2_PLACEMENT_3D('',#1028,#1029,#1030);
#1032=CIRCLE('',#1031,2.40644624);
#1033=EDGE_CURVE('',#828,#453,#1032,.T.);
#1034=ORIENTED_EDGE('',*,*,#1033,.T.);
#1035=ORIENTED_EDGE('',*,*,#530,.F.);
#1036=ORIENTED_EDGE('',*,*,#524,.F.);
#1037=ORIENTED_EDGE('',*,*,#759,.F.);
#1038=EDGE_LOOP('',(#1027,#1034,#1035,#1036,#1037));
#1039=FACE_BOUND('',#1038,.T.);
#1040=ADVANCED_FACE('',(#1039),#1026,.T.);
#1041=CARTESIAN_POINT('',(211.16730138,826.064432108,53.653257688));
#1042=DIRECTION('',(0.,0.,1.));
#1043=DIRECTION('',(0.,-1.,0.));
#1044=AXIS2_PLACEMENT_3D('',#1041,#1042,#1043);
#1045=CYLINDRICAL_SURFACE('',#1044,1.450620874);
#1046=ORIENTED_EDGE('',*,*,#776,.F.);
#1047=ORIENTED_EDGE('',*,*,#180,.F.);
#1048=CARTESIAN_POINT('',(211.16730138,826.064432108,20.000000149));
#1049=DIRECTION('',(-0.,-0.,1.));
#1050=DIRECTION('',(-1.,0.,0.));
#1051=AXIS2_PLACEMENT_3D('',#1048,#1049,#1050);
#1052=CIRCLE('',#1051,1.450620874);
#1053=EDGE_CURVE('',#969,#169,#1052,.T.);
#1054=ORIENTED_EDGE('',*,*,#1053,.F.);
#1055=ORIENTED_EDGE('',*,*,#974,.F.);
#1056=EDGE_LOOP('',(#1046,#1047,#1054,#1055));
#1057=FACE_BOUND('',#1056,.T.);
#1058=ADVANCED_FACE('',(#1057),#1045,.F.);
#1059=CARTESIAN_POINT('',(119.,848.562466527,38.259152781));
#1060=DIRECTION('',(1.,0.,0.));
#1061=DIRECTION('',(0.,0.,-1.));
#1062=AXIS2_PLACEMENT_3D('',#1059,#1060,#1061);
#1063=CYLINDRICAL_SURFACE('',#1062,3.131919644);
#1064=ORIENTED_EDGE('',*,*,#370,.F.);
#1065=ORIENTED_EDGE('',*,*,#628,.F.);
#1066=ORIENTED_EDGE('',*,*,#247,.F.);
#1067=ORIENTED_EDGE('',*,*,#545,.F.);
#1068=EDGE_LOOP('',(#1064,#1065,#1066,#1067));
#1069=FACE_BOUND('',#1068,.T.);
#1070=ADVANCED_FACE('',(#1069),#1063,.T.);
#1071=CARTESIAN_POINT('',(119.,841.089926636,38.259152781));
#1072=DIRECTION('',(1.,0.,0.));
#1073=DIRECTION('',(0.,0.,-1.));
#1074=AXIS2_PLACEMENT_3D('',#1071,#1072,#1073);
#1075=CYLINDRICAL_SURFACE('',#1074,3.131919644);
#1076=ORIENTED_EDGE('',*,*,#150,.F.);
#1077=ORIENTED_EDGE('',*,*,#606,.F.);
#1078=ORIENTED_EDGE('',*,*,#491,.F.);
#1079=ORIENTED_EDGE('',*,*,#568,.F.);
#1080=EDGE_LOOP('',(#1076,#1077,#1078,#1079));
#1081=FACE_BOUND('',#1080,.T.);
#1082=ADVANCED_FACE('',(#1081),#1075,.T.);
#1083=CARTESIAN_POINT('',(119.,843.82036065,41.042375239));
#1084=DIRECTION('',(1.,0.,0.));
#1085=DIRECTION('',(0.,0.,-1.));
#1086=AXIS2_PLACEMENT_3D('',#1083,#1084,#1085);
#1087=CYLINDRICAL_SURFACE('',#1086,2.189291052);
#1088=ORIENTED_EDGE('',*,*,#264,.F.);
#1089=ORIENTED_EDGE('',*,*,#621,.F.);
#1090=ORIENTED_EDGE('',*,*,#353,.F.);
#1091=ORIENTED_EDGE('',*,*,#718,.F.);
#1092=EDGE_LOOP('',(#1088,#1089,#1090,#1091));
#1093=FACE_BOUND('',#1092,.T.);
#1094=ADVANCED_FACE('',(#1093),#1087,.F.);
#1095=CARTESIAN_POINT('',(119.,836.347820759,41.042375239));
#1096=DIRECTION('',(1.,0.,0.));
#1097=DIRECTION('',(0.,0.,-1.));
#1098=AXIS2_PLACEMENT_3D('',#1095,#1096,#1097);
#1099=CYLINDRICAL_SURFACE('',#1098,2.189291052);
#1100=ORIENTED_EDGE('',*,*,#508,.F.);
#1101=ORIENTED_EDGE('',*,*,#599,.F.);
#1102=ORIENTED_EDGE('',*,*,#133,.F.);
#1103=ORIENTED_EDGE('',*,*,#766,.F.);
#1104=EDGE_LOOP('',(#1100,#1101,#1102,#1103));
#1105=FACE_BOUND('',#1104,.T.);
#1106=ADVANCED_FACE('',(#1105),#1099,.F.);
#1107=CARTESIAN_POINT('',(117.971359982,827.068667191,20.000000149));
#1108=DIRECTION('',(-0.,0.,1.));
#1109=DIRECTION('',(0.,-1.,0.));
#1110=AXIS2_PLACEMENT_3D('',#1107,#1108,#1109);
#1111=CONICAL_SURFACE('',#1110,3.609705172,45.);
#1112=CARTESIAN_POINT('',(117.971359982,823.458962019,20.000000149));
#1113=VERTEX_POINT('',#1112);
#1114=CARTESIAN_POINT('',(117.971359982,823.968667191,19.490294977));
#1115=VERTEX_POINT('',#1114);
#1116=CARTESIAN_POINT('',(117.971359982,823.458962019,20.000000149));
#1117=DIRECTION('',(0.,0.707106781,-0.707106781));
#1118=VECTOR('',#1117,0.720831967);
#1119=LINE('',#1116,#1118);
#1120=EDGE_CURVE('',#1113,#1115,#1119,.T.);
#1121=ORIENTED_EDGE('',*,*,#1120,.F.);
#1122=CARTESIAN_POINT('',(121.581065154,827.068667191,20.000000149));
#1123=VERTEX_POINT('',#1122);
#1124=CARTESIAN_POINT('',(117.971359982,827.068667191,20.000000149));
#1125=DIRECTION('',(-0.,-0.,-1.));
#1126=DIRECTION('',(1.,0.,-0.));
#1127=AXIS2_PLACEMENT_3D('',#1124,#1125,#1126);
#1128=CIRCLE('',#1127,3.609705172);
#1129=EDGE_CURVE('',#1123,#1113,#1128,.T.);
#1130=ORIENTED_EDGE('',*,*,#1129,.F.);
#1131=CARTESIAN_POINT('',(117.971359982,827.068667191,20.000000149));
#1132=DIRECTION('',(-0.,-0.,-1.));
#1133=DIRECTION('',(1.,0.,-0.));
#1134=AXIS2_PLACEMENT_3D('',#1131,#1132,#1133);
#1135=CIRCLE('',#1134,3.609705172);
#1136=EDGE_CURVE('',#1113,#1123,#1135,.T.);
#1137=ORIENTED_EDGE('',*,*,#1136,.F.);
#1138=ORIENTED_EDGE('',*,*,#1120,.T.);
#1139=CARTESIAN_POINT('',(117.971359982,827.068667191,19.490294977));
#1140=DIRECTION('',(-0.,0.,1.));
#1141=DIRECTION('',(0.,-1.,0.));
#1142=AXIS2_PLACEMENT_3D('',#1139,#1140,#1141);
#1143=CIRCLE('',#1142,3.1);
#1144=EDGE_CURVE('',#1115,#1115,#1143,.T.);
#1145=ORIENTED_EDGE('',*,*,#1144,.F.);
#1146=EDGE_LOOP('',(#1121,#1130,#1137,#1138,#1145));
#1147=FACE_BOUND('',#1146,.T.);
#1148=ADVANCED_FACE('',(#1147),#1111,.F.);
#1149=CARTESIAN_POINT('',(94.927385879,827.068667191,20.000000149));
#1150=DIRECTION('',(-0.,0.,1.));
#1151=DIRECTION('',(0.,-1.,0.));
#1152=AXIS2_PLACEMENT_3D('',#1149,#1150,#1151);
#1153=CONICAL_SURFACE('',#1152,3.609705172,45.);
#1154=CARTESIAN_POINT('',(94.927385879,823.458962019,20.000000149));
#1155=VERTEX_POINT('',#1154);
#1156=CARTESIAN_POINT('',(94.927385879,823.968667191,19.490294977));
#1157=VERTEX_POINT('',#1156);
#1158=CARTESIAN_POINT('',(94.927385879,823.458962019,20.000000149));
#1159=DIRECTION('',(0.,0.707106781,-0.707106781));
#1160=VECTOR('',#1159,0.720831967);
#1161=LINE('',#1158,#1160);
#1162=EDGE_CURVE('',#1155,#1157,#1161,.T.);
#1163=ORIENTED_EDGE('',*,*,#1162,.F.);
#1164=CARTESIAN_POINT('',(98.537091051,827.068667191,20.000000149));
#1165=VERTEX_POINT('',#1164);
#1166=CARTESIAN_POINT('',(94.927385879,827.068667191,20.000000149));
#1167=DIRECTION('',(-0.,-0.,-1.));
#1168=DIRECTION('',(1.,0.,-0.));
#1169=AXIS2_PLACEMENT_3D('',#1166,#1167,#1168);
#1170=CIRCLE('',#1169,3.609705172);
#1171=EDGE_CURVE('',#1165,#1155,#1170,.T.);
#1172=ORIENTED_EDGE('',*,*,#1171,.F.);
#1173=CARTESIAN_POINT('',(94.927385879,827.068667191,20.000000149));
#1174=DIRECTION('',(-0.,-0.,-1.));
#1175=DIRECTION('',(1.,0.,-0.));
#1176=AXIS2_PLACEMENT_3D('',#1173,#1174,#1175);
#1177=CIRCLE('',#1176,3.609705172);
#1178=EDGE_CURVE('',#1155,#1165,#1177,.T.);
#1179=ORIENTED_EDGE('',*,*,#1178,.F.);
#1180=ORIENTED_EDGE('',*,*,#1162,.T.);
#1181=CARTESIAN_POINT('',(94.927385879,827.068667191,19.490294977));
#1182=DIRECTION('',(-0.,0.,1.));
#1183=DIRECTION('',(0.,-1.,0.));
#1184=AXIS2_PLACEMENT_3D('',#1181,#1182,#1183);
#1185=CIRCLE('',#1184,3.1);
#1186=EDGE_CURVE('',#1157,#1157,#1185,.T.);
#1187=ORIENTED_EDGE('',*,*,#1186,.F.);
#1188=EDGE_LOOP('',(#1163,#1172,#1179,#1180,#1187));
#1189=FACE_BOUND('',#1188,.T.);
#1190=ADVANCED_FACE('',(#1189),#1153,.F.);
#1191=CARTESIAN_POINT('',(118.5,841.113811234,16.850000149));
#1192=DIRECTION('',(0.,0.,-1.));
#1193=DIRECTION('',(0.,1.,0.));
#1194=AXIS2_PLACEMENT_3D('',#1191,#1192,#1193);
#1195=PLANE('',#1194);
#1196=CARTESIAN_POINT('',(117.971359982,823.968667191,16.850000149));
#1197=VERTEX_POINT('',#1196);
#1198=CARTESIAN_POINT('',(117.971359982,830.168667191,16.850000149));
#1199=VERTEX_POINT('',#1198);
#1200=CARTESIAN_POINT('',(117.971359982,827.068667191,16.850000149));
#1201=DIRECTION('',(0.,0.,-1.));
#1202=DIRECTION('',(0.,1.,0.));
#1203=AXIS2_PLACEMENT_3D('',#1200,#1201,#1202);
#1204=CIRCLE('',#1203,3.1);
#1205=EDGE_CURVE('',#1197,#1199,#1204,.T.);
#1206=ORIENTED_EDGE('',*,*,#1205,.F.);
#1207=CARTESIAN_POINT('',(117.971359982,827.068667191,16.850000149));
#1208=DIRECTION('',(0.,0.,-1.));
#1209=DIRECTION('',(0.,1.,0.));
#1210=AXIS2_PLACEMENT_3D('',#1207,#1208,#1209);
#1211=CIRCLE('',#1210,3.1);
#1212=EDGE_CURVE('',#1199,#1197,#1211,.T.);
#1213=ORIENTED_EDGE('',*,*,#1212,.F.);
#1214=EDGE_LOOP('',(#1206,#1213));
#1215=FACE_BOUND('',#1214,.T.);
#1216=ADVANCED_FACE('',(#1215),#1195,.F.);
#1217=CARTESIAN_POINT('',(118.5,841.113811234,16.850000149));
#1218=DIRECTION('',(0.,0.,-1.));
#1219=DIRECTION('',(0.,1.,0.));
#1220=AXIS2_PLACEMENT_3D('',#1217,#1218,#1219);
#1221=PLANE('',#1220);
#1222=CARTESIAN_POINT('',(94.927385879,823.968667191,16.850000149));
#1223=VERTEX_POINT('',#1222);
#1224=CARTESIAN_POINT('',(94.927385879,830.168667191,16.850000149));
#1225=VERTEX_POINT('',#1224);
#1226=CARTESIAN_POINT('',(94.927385879,827.068667191,16.850000149));
#1227=DIRECTION('',(0.,0.,-1.));
#1228=DIRECTION('',(0.,1.,0.));
#1229=AXIS2_PLACEMENT_3D('',#1226,#1227,#1228);
#1230=CIRCLE('',#1229,3.1);
#1231=EDGE_CURVE('',#1223,#1225,#1230,.T.);
#1232=ORIENTED_EDGE('',*,*,#1231,.F.);
#1233=CARTESIAN_POINT('',(94.927385879,827.068667191,16.850000149));
#1234=DIRECTION('',(0.,0.,-1.));
#1235=DIRECTION('',(0.,1.,0.));
#1236=AXIS2_PLACEMENT_3D('',#1233,#1234,#1235);
#1237=CIRCLE('',#1236,3.1);
#1238=EDGE_CURVE('',#1225,#1223,#1237,.T.);
#1239=ORIENTED_EDGE('',*,*,#1238,.F.);
#1240=EDGE_LOOP('',(#1232,#1239));
#1241=FACE_BOUND('',#1240,.T.);
#1242=ADVANCED_FACE('',(#1241),#1221,.F.);
#1243=CARTESIAN_POINT('',(94.927385879,827.068667191,16.850000149));
#1244=DIRECTION('',(-0.,0.,1.));
#1245=DIRECTION('',(0.,-1.,0.));
#1246=AXIS2_PLACEMENT_3D('',#1243,#1244,#1245);
#1247=CYLINDRICAL_SURFACE('',#1246,3.1);
#1248=CARTESIAN_POINT('',(94.927385879,823.968667191,19.490294977));
#1249=DIRECTION('',(0.,-0.,-1.));
#1250=VECTOR('',#1249,2.640294828);
#1251=LINE('',#1248,#1250);
#1252=EDGE_CURVE('',#1157,#1223,#1251,.T.);
#1253=ORIENTED_EDGE('',*,*,#1252,.F.);
#1254=ORIENTED_EDGE('',*,*,#1186,.T.);
#1255=ORIENTED_EDGE('',*,*,#1252,.T.);
#1256=ORIENTED_EDGE('',*,*,#1231,.T.);
#1257=ORIENTED_EDGE('',*,*,#1238,.T.);
#1258=EDGE_LOOP('',(#1253,#1254,#1255,#1256,#1257));
#1259=FACE_BOUND('',#1258,.T.);
#1260=ADVANCED_FACE('',(#1259),#1247,.F.);
#1261=CARTESIAN_POINT('',(117.971359982,827.068667191,16.850000149));
#1262=DIRECTION('',(-0.,0.,1.));
#1263=DIRECTION('',(0.,-1.,0.));
#1264=AXIS2_PLACEMENT_3D('',#1261,#1262,#1263);
#1265=CYLINDRICAL_SURFACE('',#1264,3.1);
#1266=CARTESIAN_POINT('',(117.971359982,823.968667191,19.490294977));
#1267=DIRECTION('',(0.,-0.,-1.));
#1268=VECTOR('',#1267,2.640294828);
#1269=LINE('',#1266,#1268);
#1270=EDGE_CURVE('',#1115,#1197,#1269,.T.);
#1271=ORIENTED_EDGE('',*,*,#1270,.F.);
#1272=ORIENTED_EDGE('',*,*,#1144,.T.);
#1273=ORIENTED_EDGE('',*,*,#1270,.T.);
#1274=ORIENTED_EDGE('',*,*,#1205,.T.);
#1275=ORIENTED_EDGE('',*,*,#1212,.T.);
#1276=EDGE_LOOP('',(#1271,#1272,#1273,#1274,#1275));
#1277=FACE_BOUND('',#1276,.T.);
#1278=ADVANCED_FACE('',(#1277),#1265,.F.);
#1279=CARTESIAN_POINT('',(87.406446239,825.020257474,20.000000149));
#1280=DIRECTION('',(0.,0.,-1.));
#1281=DIRECTION('',(-1.,0.,0.));
#1282=AXIS2_PLACEMENT_3D('',#1279,#1280,#1281);
#1283=CYLINDRICAL_SURFACE('',#1282,2.40644624);
#1284=ORIENTED_EDGE('',*,*,#320,.F.);
#1285=CARTESIAN_POINT('',(87.406446239,825.020257474,14.500000149));
#1286=DIRECTION('',(0.,0.,1.));
#1287=DIRECTION('',(1.,0.,-0.));
#1288=AXIS2_PLACEMENT_3D('',#1285,#1286,#1287);
#1289=CIRCLE('',#1288,2.40644624);
#1290=EDGE_CURVE('',#305,#820,#1289,.T.);
#1291=ORIENTED_EDGE('',*,*,#1290,.T.);
#1292=ORIENTED_EDGE('',*,*,#825,.F.);
#1293=CARTESIAN_POINT('',(87.406446239,825.020257474,20.000000149));
#1294=DIRECTION('',(-0.,-0.,1.));
#1295=DIRECTION('',(-1.,0.,0.));
#1296=AXIS2_PLACEMENT_3D('',#1293,#1294,#1295);
#1297=CIRCLE('',#1296,2.40644624);
#1298=EDGE_CURVE('',#315,#818,#1297,.T.);
#1299=ORIENTED_EDGE('',*,*,#1298,.F.);
#1300=EDGE_LOOP('',(#1284,#1291,#1292,#1299));
#1301=FACE_BOUND('',#1300,.T.);
#1302=ADVANCED_FACE('',(#1301),#1283,.T.);
#1303=CARTESIAN_POINT('',(85.,822.613811234,14.500000149));
#1304=DIRECTION('',(0.,0.,1.));
#1305=DIRECTION('',(1.,0.,0.));
#1306=AXIS2_PLACEMENT_3D('',#1303,#1304,#1305);
#1307=PLANE('',#1306);
#1308=ORIENTED_EDGE('',*,*,#663,.F.);
#1309=ORIENTED_EDGE('',*,*,#418,.F.);
#1310=ORIENTED_EDGE('',*,*,#644,.F.);
#1311=ORIENTED_EDGE('',*,*,#458,.T.);
#1312=ORIENTED_EDGE('',*,*,#1033,.F.);
#1313=ORIENTED_EDGE('',*,*,#833,.F.);
#1314=ORIENTED_EDGE('',*,*,#1290,.F.);
#1315=ORIENTED_EDGE('',*,*,#312,.T.);
#1316=EDGE_LOOP('',(#1308,#1309,#1310,#1311,#1312,#1313,#1314,#1315));
#1317=FACE_BOUND('',#1316,.T.);
#1318=ADVANCED_FACE('',(#1317),#1307,.F.);
#1319=CARTESIAN_POINT('',(85.,822.613811234,20.000000149));
#1320=DIRECTION('',(0.,0.,1.));
#1321=DIRECTION('',(1.,0.,0.));
#1322=AXIS2_PLACEMENT_3D('',#1319,#1320,#1321);
#1323=PLANE('',#1322);
#1324=ORIENTED_EDGE('',*,*,#1171,.T.);
#1325=ORIENTED_EDGE('',*,*,#1178,.T.);
#1326=EDGE_LOOP('',(#1324,#1325));
#1327=FACE_BOUND('',#1326,.T.);
#1328=ORIENTED_EDGE('',*,*,#1129,.T.);
#1329=ORIENTED_EDGE('',*,*,#1136,.T.);
#1330=EDGE_LOOP('',(#1328,#1329));
#1331=FACE_BOUND('',#1330,.T.);
#1332=ORIENTED_EDGE('',*,*,#854,.T.);
#1333=ORIENTED_EDGE('',*,*,#877,.T.);
#1334=ORIENTED_EDGE('',*,*,#998,.T.);
#1335=ORIENTED_EDGE('',*,*,#894,.T.);
#1336=ORIENTED_EDGE('',*,*,#328,.T.);
#1337=ORIENTED_EDGE('',*,*,#1298,.T.);
#1338=EDGE_LOOP('',(#1332,#1333,#1334,#1335,#1336,#1337));
#1339=FACE_BOUND('',#1338,.T.);
#1340=ADVANCED_FACE('',(#1327,#1331,#1339),#1323,.T.);
#1341=CARTESIAN_POINT('',(85.,822.613811234,20.000000149));
#1342=DIRECTION('',(0.,0.,1.));
#1343=DIRECTION('',(1.,0.,0.));
#1344=AXIS2_PLACEMENT_3D('',#1341,#1342,#1343);
#1345=PLANE('',#1344);
#1346=ORIENTED_EDGE('',*,*,#925,.F.);
#1347=ORIENTED_EDGE('',*,*,#1016,.T.);
#1348=ORIENTED_EDGE('',*,*,#944,.F.);
#1349=ORIENTED_EDGE('',*,*,#980,.F.);
#1350=ORIENTED_EDGE('',*,*,#1053,.T.);
#1351=ORIENTED_EDGE('',*,*,#174,.F.);
#1352=ORIENTED_EDGE('',*,*,#702,.T.);
#1353=ORIENTED_EDGE('',*,*,#214,.F.);
#1354=ORIENTED_EDGE('',*,*,#684,.T.);
#1355=ORIENTED_EDGE('',*,*,#288,.F.);
#1356=EDGE_LOOP('',(#1346,#1347,#1348,#1349,#1350,#1351,#1352,#1353,#1354,#1355));
#1357=FACE_BOUND('',#1356,.T.);
#1358=ADVANCED_FACE('',(#1357),#1345,.T.);
#1359=CLOSED_SHELL('',(#184,#224,#298,#396,#444,#534,#588,#610,#632,#651,#671,#689,#707,#811,#858,#882,#906,#930,#961,#985,#1003,#1021,#1040,#1058,#1070,#1082,
#1094,#1106,#1148,#1190,#1216,#1242,#1260,#1278,#1302,#1318,#1340,#1358));
#1360=MANIFOLD_SOLID_BREP('Center Bucket',#1359);
#110=STYLED_ITEM('',(),#1360);
#1362=CARTESIAN_POINT('',(85.,773.202801461,14.500000149));
#1363=DIRECTION('',(0.,0.,1.));
#1364=DIRECTION('',(1.,0.,0.));
#1365=AXIS2_PLACEMENT_3D('',#1362,#1363,#1364);
#1366=PLANE('',#1365);
#1367=CARTESIAN_POINT('',(87.406446239,811.202801462,14.500000149));
#1368=VERTEX_POINT('',#1367);
#1369=CARTESIAN_POINT('',(85.,808.796355222,14.500000149));
#1370=VERTEX_POINT('',#1369);
#1371=CARTESIAN_POINT('',(87.406446239,808.796355222,14.500000149));
#1372=DIRECTION('',(0.,0.,1.));
#1373=DIRECTION('',(1.,0.,-0.));
#1374=AXIS2_PLACEMENT_3D('',#1371,#1372,#1373);
#1375=CIRCLE('',#1374,2.40644624);
#1376=EDGE_CURVE('',#1368,#1370,#1375,.T.);
#1377=ORIENTED_EDGE('',*,*,#1376,.F.);
#1378=CARTESIAN_POINT('',(175.593553611,811.202801461,14.500000149));
#1379=VERTEX_POINT('',#1378);
#1380=CARTESIAN_POINT('',(175.593553611,811.202801461,14.500000149));
#1381=DIRECTION('',(-1.,0.,0.));
#1382=VECTOR('',#1381,88.187107372);
#1383=LINE('',#1380,#1382);
#1384=EDGE_CURVE('',#1379,#1368,#1383,.T.);
#1385=ORIENTED_EDGE('',*,*,#1384,.F.);
#1386=CARTESIAN_POINT('',(177.999999851,808.796355222,14.500000149));
#1387=VERTEX_POINT('',#1386);
#1388=CARTESIAN_POINT('',(175.593553611,808.796355222,14.500000149));
#1389=DIRECTION('',(0.,0.,1.));
#1390=DIRECTION('',(1.,0.,-0.));
#1391=AXIS2_PLACEMENT_3D('',#1388,#1389,#1390);
#1392=CIRCLE('',#1391,2.40644624);
#1393=EDGE_CURVE('',#1387,#1379,#1392,.T.);
#1394=ORIENTED_EDGE('',*,*,#1393,.F.);
#1395=CARTESIAN_POINT('',(177.999999851,775.609247701,14.500000149));
#1396=VERTEX_POINT('',#1395);
#1397=CARTESIAN_POINT('',(177.999999851,808.796355222,14.500000149));
#1398=DIRECTION('',(0.,-1.,0.));
#1399=VECTOR('',#1398,33.187107521);
#1400=LINE('',#1397,#1399);
#1401=EDGE_CURVE('',#1387,#1396,#1400,.T.);
#1402=ORIENTED_EDGE('',*,*,#1401,.T.);
#1403=CARTESIAN_POINT('',(175.593553611,773.202801461,14.500000149));
#1404=VERTEX_POINT('',#1403);
#1405=CARTESIAN_POINT('',(175.593553611,775.609247701,14.500000149));
#1406=DIRECTION('',(0.,0.,1.));
#1407=DIRECTION('',(1.,0.,-0.));
#1408=AXIS2_PLACEMENT_3D('',#1405,#1406,#1407);
#1409=CIRCLE('',#1408,2.40644624);
#1410=EDGE_CURVE('',#1404,#1396,#1409,.T.);
#1411=ORIENTED_EDGE('',*,*,#1410,.F.);
#1412=CARTESIAN_POINT('',(87.406446239,773.202801461,14.500000149));
#1413=VERTEX_POINT('',#1412);
#1414=CARTESIAN_POINT('',(87.406446239,773.202801461,14.500000149));
#1415=DIRECTION('',(1.,0.,-0.));
#1416=VECTOR('',#1415,88.187107372);
#1417=LINE('',#1414,#1416);
#1418=EDGE_CURVE('',#1413,#1404,#1417,.T.);
#1419=ORIENTED_EDGE('',*,*,#1418,.F.);
#1420=CARTESIAN_POINT('',(84.999999999,775.609247701,14.500000149));
#1421=VERTEX_POINT('',#1420);
#1422=CARTESIAN_POINT('',(87.406446239,775.609247701,14.500000149));
#1423=DIRECTION('',(0.,0.,1.));
#1424=DIRECTION('',(1.,0.,-0.));
#1425=AXIS2_PLACEMENT_3D('',#1422,#1423,#1424);
#1426=CIRCLE('',#1425,2.40644624);
#1427=EDGE_CURVE('',#1421,#1413,#1426,.T.);
#1428=ORIENTED_EDGE('',*,*,#1427,.F.);
#1429=CARTESIAN_POINT('',(85.,775.609247701,14.500000149));
#1430=DIRECTION('',(0.,1.,0.));
#1431=VECTOR('',#1430,33.187107521);
#1432=LINE('',#1429,#1431);
#1433=EDGE_CURVE('',#1421,#1370,#1432,.T.);
#1434=ORIENTED_EDGE('',*,*,#1433,.T.);
#1435=EDGE_LOOP('',(#1377,#1385,#1394,#1402,#1411,#1419,#1428,#1434));
#1436=FACE_BOUND('',#1435,.T.);
#1437=ADVANCED_FACE('',(#1436),#1366,.F.);
#1438=CARTESIAN_POINT('',(175.999999851,809.202801461,60.285313421));
#1439=DIRECTION('',(1.,0.,0.));
#1440=DIRECTION('',(0.,0.,-1.));
#1441=AXIS2_PLACEMENT_3D('',#1438,#1439,#1440);
#1442=PLANE('',#1441);
#1443=CARTESIAN_POINT('',(175.999999851,786.936744807,38.853084188));
#1444=VERTEX_POINT('',#1443);
#1445=CARTESIAN_POINT('',(175.999999851,776.653422335,38.853084188));
#1446=VERTEX_POINT('',#1445);
#1447=CARTESIAN_POINT('',(175.999999851,786.936744807,38.853084188));
#1448=DIRECTION('',(0.,-1.,0.));
#1449=VECTOR('',#1448,10.283322472);
#1450=LINE('',#1447,#1449);
#1451=EDGE_CURVE('',#1444,#1446,#1450,.T.);
#1452=ORIENTED_EDGE('',*,*,#1451,.F.);
#1453=CARTESIAN_POINT('',(175.999999851,788.484873534,39.494312691));
#1454=VERTEX_POINT('',#1453);
#1455=CARTESIAN_POINT('',(175.999999851,786.936810986,41.042375239));
#1456=DIRECTION('',(1.,0.,0.));
#1457=DIRECTION('',(0.,0.,-1.));
#1458=AXIS2_PLACEMENT_3D('',#1455,#1456,#1457);
#1459=CIRCLE('',#1458,2.189291052);
#1460=EDGE_CURVE('',#1444,#1454,#1459,.T.);
#1461=ORIENTED_EDGE('',*,*,#1460,.T.);
#1462=CARTESIAN_POINT('',(175.999999851,789.464315244,40.4737544));
#1463=VERTEX_POINT('',#1462);
#1464=CARTESIAN_POINT('',(175.999999851,788.484873534,39.494312691));
#1465=DIRECTION('',(0.,0.707106781,0.707106781));
#1466=VECTOR('',#1465,1.385139749);
#1467=LINE('',#1464,#1466);
#1468=EDGE_CURVE('',#1454,#1463,#1467,.T.);
#1469=ORIENTED_EDGE('',*,*,#1468,.T.);
#1470=CARTESIAN_POINT('',(175.999999851,791.678916863,41.391072426));
#1471=VERTEX_POINT('',#1470);
#1472=CARTESIAN_POINT('',(175.999999851,791.678916863,38.259152781));
#1473=DIRECTION('',(-1.,-0.,-0.));
#1474=DIRECTION('',(0.,0.,-1.));
#1475=AXIS2_PLACEMENT_3D('',#1472,#1473,#1474);
#1476=CIRCLE('',#1475,3.131919644);
#1477=EDGE_CURVE('',#1463,#1471,#1476,.T.);
#1478=ORIENTED_EDGE('',*,*,#1477,.T.);
#1479=CARTESIAN_POINT('',(175.999999851,807.752180587,41.391072426));
#1480=VERTEX_POINT('',#1479);
#1481=CARTESIAN_POINT('',(175.999999851,807.752180587,41.391072426));
#1482=DIRECTION('',(0.,-1.,0.));
#1483=VECTOR('',#1482,16.073263724);
#1484=LINE('',#1481,#1483);
#1485=EDGE_CURVE('',#1480,#1471,#1484,.T.);
#1486=ORIENTED_EDGE('',*,*,#1485,.F.);
#1487=CARTESIAN_POINT('',(175.999999851,807.752180587,20.000000149));
#1488=VERTEX_POINT('',#1487);
#1489=CARTESIAN_POINT('',(175.999999851,807.752180587,41.391072426));
#1490=DIRECTION('',(0.,0.,-1.));
#1491=VECTOR('',#1490,21.391072277);
#1492=LINE('',#1489,#1491);
#1493=EDGE_CURVE('',#1480,#1488,#1492,.T.);
#1494=ORIENTED_EDGE('',*,*,#1493,.T.);
#1495=CARTESIAN_POINT('',(175.999999851,776.653422335,20.000000149));
#1496=VERTEX_POINT('',#1495);
#1497=CARTESIAN_POINT('',(175.999999851,807.752180587,20.000000149));
#1498=DIRECTION('',(0.,-1.,0.));
#1499=VECTOR('',#1498,31.098758252);
#1500=LINE('',#1497,#1499);
#1501=EDGE_CURVE('',#1488,#1496,#1500,.T.);
#1502=ORIENTED_EDGE('',*,*,#1501,.T.);
#1503=CARTESIAN_POINT('',(175.999999851,776.653422335,20.000000149));
#1504=DIRECTION('',(-0.,-0.,1.));
#1505=VECTOR('',#1504,18.853084039);
#1506=LINE('',#1503,#1505);
#1507=EDGE_CURVE('',#1496,#1446,#1506,.T.);
#1508=ORIENTED_EDGE('',*,*,#1507,.T.);
#1509=EDGE_LOOP('',(#1452,#1461,#1469,#1478,#1486,#1494,#1502,#1508));
#1510=FACE_BOUND('',#1509,.T.);
#1511=ADVANCED_FACE('',(#1510),#1442,.F.);
#1512=CARTESIAN_POINT('',(87.,809.202801461,60.285313421));
#1513=DIRECTION('',(0.,1.,0.));
#1514=DIRECTION('',(0.,0.,1.));
#1515=AXIS2_PLACEMENT_3D('',#1512,#1513,#1514);
#1516=PLANE('',#1515);
#1517=CARTESIAN_POINT('',(88.450620873,809.202801461,41.391072426));
#1518=VERTEX_POINT('',#1517);
#1519=CARTESIAN_POINT('',(174.549378977,809.202801461,41.391072426));
#1520=VERTEX_POINT('',#1519);
#1521=CARTESIAN_POINT('',(88.450620873,809.202801461,41.391072426));
#1522=DIRECTION('',(1.,0.,-0.));
#1523=VECTOR('',#1522,86.098758104);
#1524=LINE('',#1521,#1523);
#1525=EDGE_CURVE('',#1518,#1520,#1524,.T.);
#1526=ORIENTED_EDGE('',*,*,#1525,.F.);
#1527=CARTESIAN_POINT('',(88.450620873,809.202801461,20.000000149));
#1528=VERTEX_POINT('',#1527);
#1529=CARTESIAN_POINT('',(88.450620873,809.202801461,41.391072426));
#1530=DIRECTION('',(-0.,0.,-1.));
#1531=VECTOR('',#1530,21.391072277);
#1532=LINE('',#1529,#1531);
#1533=EDGE_CURVE('',#1518,#1528,#1532,.T.);
#1534=ORIENTED_EDGE('',*,*,#1533,.T.);
#1535=CARTESIAN_POINT('',(174.549378977,809.202801461,20.000000149));
#1536=VERTEX_POINT('',#1535);
#1537=CARTESIAN_POINT('',(88.450620873,809.202801461,20.000000149));
#1538=DIRECTION('',(1.,0.,-0.));
#1539=VECTOR('',#1538,86.098758104);
#1540=LINE('',#1537,#1539);
#1541=EDGE_CURVE('',#1528,#1536,#1540,.T.);
#1542=ORIENTED_EDGE('',*,*,#1541,.T.);
#1543=CARTESIAN_POINT('',(174.549378977,809.202801461,20.000000149));
#1544=DIRECTION('',(-0.,-0.,1.));
#1545=VECTOR('',#1544,21.391072277);
#1546=LINE('',#1543,#1545);
#1547=EDGE_CURVE('',#1536,#1520,#1546,.T.);
#1548=ORIENTED_EDGE('',*,*,#1547,.T.);
#1549=EDGE_LOOP('',(#1526,#1534,#1542,#1548));
#1550=FACE_BOUND('',#1549,.T.);
#1551=ADVANCED_FACE('',(#1550),#1516,.F.);
#1552=CARTESIAN_POINT('',(87.,798.693994928,60.285313421));
#1553=DIRECTION('',(-1.,0.,0.));
#1554=DIRECTION('',(0.,0.,1.));
#1555=AXIS2_PLACEMENT_3D('',#1552,#1553,#1554);
#1556=PLANE('',#1555);
#1557=CARTESIAN_POINT('',(87.,799.151456754,41.391072426));
#1558=VERTEX_POINT('',#1557);
#1559=CARTESIAN_POINT('',(87.,807.752180587,41.391072426));
#1560=VERTEX_POINT('',#1559);
#1561=CARTESIAN_POINT('',(87.,799.151456754,41.391072426));
#1562=DIRECTION('',(0.,1.,0.));
#1563=VECTOR('',#1562,8.600723833);
#1564=LINE('',#1561,#1563);
#1565=EDGE_CURVE('',#1558,#1560,#1564,.T.);
#1566=ORIENTED_EDGE('',*,*,#1565,.F.);
#1567=CARTESIAN_POINT('',(87.,796.936855135,40.4737544));
#1568=VERTEX_POINT('',#1567);
#1569=CARTESIAN_POINT('',(87.,799.151456754,38.259152781));
#1570=DIRECTION('',(1.,-0.,-0.));
#1571=DIRECTION('',(0.,0.,1.));
#1572=AXIS2_PLACEMENT_3D('',#1569,#1570,#1571);
#1573=CIRCLE('',#1572,3.131919644);
#1574=EDGE_CURVE('',#1558,#1568,#1573,.T.);
#1575=ORIENTED_EDGE('',*,*,#1574,.T.);
#1576=CARTESIAN_POINT('',(87.,795.957413426,39.49431269));
#1577=VERTEX_POINT('',#1576);
#1578=CARTESIAN_POINT('',(87.,796.936855135,40.4737544));
#1579=DIRECTION('',(0.,-0.707106781,-0.707106781));
#1580=VECTOR('',#1579,1.385139749);
#1581=LINE('',#1578,#1580);
#1582=EDGE_CURVE('',#1568,#1577,#1581,.T.);
#1583=ORIENTED_EDGE('',*,*,#1582,.T.);
#1584=CARTESIAN_POINT('',(87.,794.409284698,38.853084188));
#1585=VERTEX_POINT('',#1584);
#1586=CARTESIAN_POINT('',(87.,794.409350877,41.042375239));
#1587=DIRECTION('',(-1.,0.,0.));
#1588=DIRECTION('',(0.,0.,1.));
#1589=AXIS2_PLACEMENT_3D('',#1586,#1587,#1588);
#1590=CIRCLE('',#1589,2.189291052);
#1591=EDGE_CURVE('',#1577,#1585,#1590,.T.);
#1592=ORIENTED_EDGE('',*,*,#1591,.T.);
#1593=CARTESIAN_POINT('',(87.,784.902801462,38.853084188));
#1594=VERTEX_POINT('',#1593);
#1595=CARTESIAN_POINT('',(87.,784.902801462,38.853084188));
#1596=DIRECTION('',(0.,1.,0.));
#1597=VECTOR('',#1596,9.506483236);
#1598=LINE('',#1595,#1597);
#1599=EDGE_CURVE('',#1594,#1585,#1598,.T.);
#1600=ORIENTED_EDGE('',*,*,#1599,.F.);
#1601=CARTESIAN_POINT('',(87.,784.902801462,20.000000149));
#1602=VERTEX_POINT('',#1601);
#1603=CARTESIAN_POINT('',(87.,784.902801462,38.853084188));
#1604=DIRECTION('',(0.,0.,-1.));
#1605=VECTOR('',#1604,18.853084039);
#1606=LINE('',#1603,#1605);
#1607=EDGE_CURVE('',#1594,#1602,#1606,.T.);
#1608=ORIENTED_EDGE('',*,*,#1607,.T.);
#1609=CARTESIAN_POINT('',(86.999999999,807.752180587,20.000000149));
#1610=VERTEX_POINT('',#1609);
#1611=CARTESIAN_POINT('',(87.,784.902801462,20.000000149));
#1612=DIRECTION('',(0.,1.,0.));
#1613=VECTOR('',#1612,22.849379125);
#1614=LINE('',#1611,#1613);
#1615=EDGE_CURVE('',#1602,#1610,#1614,.T.);
#1616=ORIENTED_EDGE('',*,*,#1615,.T.);
#1617=CARTESIAN_POINT('',(87.,807.752180587,20.000000149));
#1618=DIRECTION('',(0.,0.,1.));
#1619=VECTOR('',#1618,21.391072277);
#1620=LINE('',#1617,#1619);
#1621=EDGE_CURVE('',#1610,#1560,#1620,.T.);
#1622=ORIENTED_EDGE('',*,*,#1621,.T.);
#1623=EDGE_LOOP('',(#1566,#1575,#1583,#1592,#1600,#1608,#1616,#1622));
#1624=FACE_BOUND('',#1623,.T.);
#1625=ADVANCED_FACE('',(#1624),#1556,.F.);
#1626=CARTESIAN_POINT('',(85.,811.202801461,60.285313421));
#1627=DIRECTION('',(1.,0.,0.));
#1628=DIRECTION('',(0.,0.,-1.));
#1629=AXIS2_PLACEMENT_3D('',#1626,#1627,#1628);
#1630=PLANE('',#1629);
#1631=ORIENTED_EDGE('',*,*,#1433,.F.);
#1632=CARTESIAN_POINT('',(84.999999999,775.609247701,20.000000149));
#1633=VERTEX_POINT('',#1632);
#1634=CARTESIAN_POINT('',(85.,775.609247701,14.500000149));
#1635=DIRECTION('',(-0.,-0.,1.));
#1636=VECTOR('',#1635,5.5);
#1637=LINE('',#1634,#1636);
#1638=EDGE_CURVE('',#1421,#1633,#1637,.T.);
#1639=ORIENTED_EDGE('',*,*,#1638,.T.);
#1640=CARTESIAN_POINT('',(84.999999999,782.902801462,20.000000149));
#1641=VERTEX_POINT('',#1640);
#1642=CARTESIAN_POINT('',(85.,782.902801462,20.000000149));
#1643=DIRECTION('',(0.,-1.,-0.));
#1644=VECTOR('',#1643,7.293553761);
#1645=LINE('',#1642,#1644);
#1646=EDGE_CURVE('',#1641,#1633,#1645,.T.);
#1647=ORIENTED_EDGE('',*,*,#1646,.F.);
#1648=CARTESIAN_POINT('',(85.,782.902801462,38.853084188));
#1649=VERTEX_POINT('',#1648);
#1650=CARTESIAN_POINT('',(85.,782.902801462,38.853084188));
#1651=DIRECTION('',(0.,0.,-1.));
#1652=VECTOR('',#1651,18.853084039);
#1653=LINE('',#1650,#1652);
#1654=EDGE_CURVE('',#1649,#1641,#1653,.T.);
#1655=ORIENTED_EDGE('',*,*,#1654,.F.);
#1656=CARTESIAN_POINT('',(85.,794.409284698,38.853084188));
#1657=VERTEX_POINT('',#1656);
#1658=CARTESIAN_POINT('',(85.,782.902801462,38.853084188));
#1659=DIRECTION('',(0.,1.,0.));
#1660=VECTOR('',#1659,11.506483236);
#1661=LINE('',#1658,#1660);
#1662=EDGE_CURVE('',#1649,#1657,#1661,.T.);
#1663=ORIENTED_EDGE('',*,*,#1662,.T.);
#1664=CARTESIAN_POINT('',(85.,795.957413426,39.49431269));
#1665=VERTEX_POINT('',#1664);
#1666=CARTESIAN_POINT('',(85.,794.409350877,41.042375239));
#1667=DIRECTION('',(1.,0.,0.));
#1668=DIRECTION('',(0.,0.,-1.));
#1669=AXIS2_PLACEMENT_3D('',#1666,#1667,#1668);
#1670=CIRCLE('',#1669,2.189291052);
#1671=EDGE_CURVE('',#1657,#1665,#1670,.T.);
#1672=ORIENTED_EDGE('',*,*,#1671,.T.);
#1673=CARTESIAN_POINT('',(85.,796.936855135,40.4737544));
#1674=VERTEX_POINT('',#1673);
#1675=CARTESIAN_POINT('',(85.,795.957413426,39.494312691));
#1676=DIRECTION('',(0.,0.707106781,0.707106781));
#1677=VECTOR('',#1676,1.385139749);
#1678=LINE('',#1675,#1677);
#1679=EDGE_CURVE('',#1665,#1674,#1678,.T.);
#1680=ORIENTED_EDGE('',*,*,#1679,.T.);
#1681=CARTESIAN_POINT('',(85.,799.151456754,41.391072426));
#1682=VERTEX_POINT('',#1681);
#1683=CARTESIAN_POINT('',(85.,799.151456754,38.259152781));
#1684=DIRECTION('',(-1.,-0.,-0.));
#1685=DIRECTION('',(0.,0.,-1.));
#1686=AXIS2_PLACEMENT_3D('',#1683,#1684,#1685);
#1687=CIRCLE('',#1686,3.131919644);
#1688=EDGE_CURVE('',#1674,#1682,#1687,.T.);
#1689=ORIENTED_EDGE('',*,*,#1688,.T.);
#1690=CARTESIAN_POINT('',(85.,808.796355222,41.391072426));
#1691=VERTEX_POINT('',#1690);
#1692=CARTESIAN_POINT('',(85.,808.796355222,41.391072426));
#1693=DIRECTION('',(0.,-1.,0.));
#1694=VECTOR('',#1693,9.644898468);
#1695=LINE('',#1692,#1694);
#1696=EDGE_CURVE('',#1691,#1682,#1695,.T.);
#1697=ORIENTED_EDGE('',*,*,#1696,.F.);
#1698=CARTESIAN_POINT('',(84.999999999,808.796355222,20.000000149));
#1699=VERTEX_POINT('',#1698);
#1700=CARTESIAN_POINT('',(85.,808.796355222,41.391072426));
#1701=DIRECTION('',(0.,0.,-1.));
#1702=VECTOR('',#1701,21.391072277);
#1703=LINE('',#1700,#1702);
#1704=EDGE_CURVE('',#1691,#1699,#1703,.T.);
#1705=ORIENTED_EDGE('',*,*,#1704,.T.);
#1706=CARTESIAN_POINT('',(85.,808.796355222,20.000000149));
#1707=DIRECTION('',(0.,0.,-1.));
#1708=VECTOR('',#1707,5.5);
#1709=LINE('',#1706,#1708);
#1710=EDGE_CURVE('',#1699,#1370,#1709,.T.);
#1711=ORIENTED_EDGE('',*,*,#1710,.T.);
#1712=EDGE_LOOP('',(#1631,#1639,#1647,#1655,#1663,#1672,#1680,#1689,#1697,#1705,#1711));
#1713=FACE_BOUND('',#1712,.T.);
#1714=ADVANCED_FACE('',(#1713),#1630,.F.);
#1715=CARTESIAN_POINT('',(153.,811.202801461,60.285313421));
#1716=DIRECTION('',(0.,-1.,0.));
#1717=DIRECTION('',(0.,0.,-1.));
#1718=AXIS2_PLACEMENT_3D('',#1715,#1716,#1717);
#1719=PLANE('',#1718);
#1720=CARTESIAN_POINT('',(175.593553611,811.202801461,41.391072426));
#1721=VERTEX_POINT('',#1720);
#1722=CARTESIAN_POINT('',(175.593553611,811.202801461,41.391072426));
#1723=DIRECTION('',(0.,0.,-1.));
#1724=VECTOR('',#1723,26.891072277);
#1725=LINE('',#1722,#1724);
#1726=EDGE_CURVE('',#1721,#1379,#1725,.T.);
#1727=ORIENTED_EDGE('',*,*,#1726,.T.);
#1728=ORIENTED_EDGE('',*,*,#1384,.T.);
#1729=CARTESIAN_POINT('',(87.406446239,811.202801462,20.000000149));
#1730=VERTEX_POINT('',#1729);
#1731=CARTESIAN_POINT('',(87.406446239,811.202801461,14.500000149));
#1732=DIRECTION('',(-0.,-0.,1.));
#1733=VECTOR('',#1732,5.5);
#1734=LINE('',#1731,#1733);
#1735=EDGE_CURVE('',#1368,#1730,#1734,.T.);
#1736=ORIENTED_EDGE('',*,*,#1735,.T.);
#1737=CARTESIAN_POINT('',(87.406446239,811.202801461,41.391072426));
#1738=VERTEX_POINT('',#1737);
#1739=CARTESIAN_POINT('',(87.406446239,811.202801461,20.000000149));
#1740=DIRECTION('',(-0.,-0.,1.));
#1741=VECTOR('',#1740,21.391072277);
#1742=LINE('',#1739,#1741);
#1743=EDGE_CURVE('',#1730,#1738,#1742,.T.);
#1744=ORIENTED_EDGE('',*,*,#1743,.T.);
#1745=CARTESIAN_POINT('',(175.593553611,811.202801461,41.391072426));
#1746=DIRECTION('',(-1.,0.,0.));
#1747=VECTOR('',#1746,88.187107372);
#1748=LINE('',#1745,#1747);
#1749=EDGE_CURVE('',#1721,#1738,#1748,.T.);
#1750=ORIENTED_EDGE('',*,*,#1749,.F.);
#1751=EDGE_LOOP('',(#1727,#1728,#1736,#1744,#1750));
#1752=FACE_BOUND('',#1751,.T.);
#1753=ADVANCED_FACE('',(#1752),#1719,.F.);
#1754=CARTESIAN_POINT('',(177.999999851,798.693994928,60.285313421));
#1755=DIRECTION('',(-1.,0.,0.));
#1756=DIRECTION('',(0.,0.,1.));
#1757=AXIS2_PLACEMENT_3D('',#1754,#1755,#1756);
#1758=PLANE('',#1757);
#1759=ORIENTED_EDGE('',*,*,#1401,.F.);
#1760=CARTESIAN_POINT('',(177.999999851,808.796355222,20.000000149));
#1761=VERTEX_POINT('',#1760);
#1762=CARTESIAN_POINT('',(177.999999851,808.796355222,14.500000149));
#1763=DIRECTION('',(-0.,-0.,1.));
#1764=VECTOR('',#1763,5.5);
#1765=LINE('',#1762,#1764);
#1766=EDGE_CURVE('',#1387,#1761,#1765,.T.);
#1767=ORIENTED_EDGE('',*,*,#1766,.T.);
#1768=CARTESIAN_POINT('',(177.999999851,808.796355222,41.391072426));
#1769=VERTEX_POINT('',#1768);
#1770=CARTESIAN_POINT('',(177.999999851,808.796355222,20.000000149));
#1771=DIRECTION('',(0.,0.,1.));
#1772=VECTOR('',#1771,21.391072277);
#1773=LINE('',#1770,#1772);
#1774=EDGE_CURVE('',#1761,#1769,#1773,.T.);
#1775=ORIENTED_EDGE('',*,*,#1774,.T.);
#1776=CARTESIAN_POINT('',(177.999999851,791.678916863,41.391072426));
#1777=VERTEX_POINT('',#1776);
#1778=CARTESIAN_POINT('',(177.999999851,791.678916863,41.391072426));
#1779=DIRECTION('',(0.,1.,0.));
#1780=VECTOR('',#1779,17.117438359);
#1781=LINE('',#1778,#1780);
#1782=EDGE_CURVE('',#1777,#1769,#1781,.T.);
#1783=ORIENTED_EDGE('',*,*,#1782,.F.);
#1784=CARTESIAN_POINT('',(177.999999851,789.464315244,40.4737544));
#1785=VERTEX_POINT('',#1784);
#1786=CARTESIAN_POINT('',(177.999999851,791.678916863,38.259152781));
#1787=DIRECTION('',(1.,-0.,-0.));
#1788=DIRECTION('',(0.,0.,1.));
#1789=AXIS2_PLACEMENT_3D('',#1786,#1787,#1788);
#1790=CIRCLE('',#1789,3.131919644);
#1791=EDGE_CURVE('',#1777,#1785,#1790,.T.);
#1792=ORIENTED_EDGE('',*,*,#1791,.T.);
#1793=CARTESIAN_POINT('',(177.999999851,788.484873534,39.494312691));
#1794=VERTEX_POINT('',#1793);
#1795=CARTESIAN_POINT('',(177.999999851,789.464315244,40.4737544));
#1796=DIRECTION('',(0.,-0.707106781,-0.707106781));
#1797=VECTOR('',#1796,1.385139749);
#1798=LINE('',#1795,#1797);
#1799=EDGE_CURVE('',#1785,#1794,#1798,.T.);
#1800=ORIENTED_EDGE('',*,*,#1799,.T.);
#1801=CARTESIAN_POINT('',(177.999999851,786.936810986,38.853084188));
#1802=VERTEX_POINT('',#1801);
#1803=CARTESIAN_POINT('',(177.999999851,786.936810986,41.042375239));
#1804=DIRECTION('',(-1.,0.,0.));
#1805=DIRECTION('',(0.,0.,1.));
#1806=AXIS2_PLACEMENT_3D('',#1803,#1804,#1805);
#1807=CIRCLE('',#1806,2.189291052);
#1808=EDGE_CURVE('',#1794,#1802,#1807,.T.);
#1809=ORIENTED_EDGE('',*,*,#1808,.T.);
#1810=CARTESIAN_POINT('',(177.999999851,775.609247701,38.853084188));
#1811=VERTEX_POINT('',#1810);
#1812=CARTESIAN_POINT('',(177.999999851,786.936810986,38.853084188));
#1813=DIRECTION('',(0.,-1.,0.));
#1814=VECTOR('',#1813,11.327563285);
#1815=LINE('',#1812,#1814);
#1816=EDGE_CURVE('',#1802,#1811,#1815,.T.);
#1817=ORIENTED_EDGE('',*,*,#1816,.T.);
#1818=CARTESIAN_POINT('',(177.999999851,775.609247701,20.000000149));
#1819=VERTEX_POINT('',#1818);
#1820=CARTESIAN_POINT('',(177.999999851,775.609247701,38.853084188));
#1821=DIRECTION('',(-0.,-0.,-1.));
#1822=VECTOR('',#1821,18.853084039);
#1823=LINE('',#1820,#1822);
#1824=EDGE_CURVE('',#1811,#1819,#1823,.T.);
#1825=ORIENTED_EDGE('',*,*,#1824,.T.);
#1826=CARTESIAN_POINT('',(177.999999851,775.609247701,20.000000149));
#1827=DIRECTION('',(0.,0.,-1.));
#1828=VECTOR('',#1827,5.5);
#1829=LINE('',#1826,#1828);
#1830=EDGE_CURVE('',#1819,#1396,#1829,.T.);
#1831=ORIENTED_EDGE('',*,*,#1830,.T.);
#1832=EDGE_LOOP('',(#1759,#1767,#1775,#1783,#1792,#1800,#1809,#1817,#1825,#1831));
#1833=FACE_BOUND('',#1832,.T.);
#1834=ADVANCED_FACE('',(#1833),#1758,.F.);
#1835=CARTESIAN_POINT('',(119.,804.948398194,41.391072426));
#1836=DIRECTION('',(0.,0.,-1.));
#1837=DIRECTION('',(-1.,0.,0.));
#1838=AXIS2_PLACEMENT_3D('',#1835,#1836,#1837);
#1839=PLANE('',#1838);
#1840=ORIENTED_EDGE('',*,*,#1696,.T.);
#1841=CARTESIAN_POINT('',(85.,799.151456754,41.391072426));
#1842=DIRECTION('',(1.,0.,-0.));
#1843=VECTOR('',#1842,2.);
#1844=LINE('',#1841,#1843);
#1845=EDGE_CURVE('',#1682,#1558,#1844,.T.);
#1846=ORIENTED_EDGE('',*,*,#1845,.T.);
#1847=ORIENTED_EDGE('',*,*,#1565,.T.);
#1848=CARTESIAN_POINT('',(88.450620873,807.752180587,41.391072426));
#1849=DIRECTION('',(0.,0.,-1.));
#1850=DIRECTION('',(-1.,0.,0.));
#1851=AXIS2_PLACEMENT_3D('',#1848,#1849,#1850);
#1852=CIRCLE('',#1851,1.450620874);
#1853=EDGE_CURVE('',#1560,#1518,#1852,.T.);
#1854=ORIENTED_EDGE('',*,*,#1853,.T.);
#1855=ORIENTED_EDGE('',*,*,#1525,.T.);
#1856=CARTESIAN_POINT('',(174.549378977,807.752180587,41.391072426));
#1857=DIRECTION('',(0.,0.,-1.));
#1858=DIRECTION('',(-1.,0.,0.));
#1859=AXIS2_PLACEMENT_3D('',#1856,#1857,#1858);
#1860=CIRCLE('',#1859,1.450620874);
#1861=EDGE_CURVE('',#1520,#1480,#1860,.T.);
#1862=ORIENTED_EDGE('',*,*,#1861,.T.);
#1863=ORIENTED_EDGE('',*,*,#1485,.T.);
#1864=CARTESIAN_POINT('',(175.999999851,791.678916863,41.391072426));
#1865=DIRECTION('',(1.,0.,-0.));
#1866=VECTOR('',#1865,2.);
#1867=LINE('',#1864,#1866);
#1868=EDGE_CURVE('',#1471,#1777,#1867,.T.);
#1869=ORIENTED_EDGE('',*,*,#1868,.T.);
#1870=ORIENTED_EDGE('',*,*,#1782,.T.);
#1871=CARTESIAN_POINT('',(175.593553611,808.796355222,41.391072426));
#1872=DIRECTION('',(-0.,-0.,1.));
#1873=DIRECTION('',(-1.,0.,0.));
#1874=AXIS2_PLACEMENT_3D('',#1871,#1872,#1873);
#1875=CIRCLE('',#1874,2.40644624);
#1876=EDGE_CURVE('',#1769,#1721,#1875,.T.);
#1877=ORIENTED_EDGE('',*,*,#1876,.T.);
#1878=ORIENTED_EDGE('',*,*,#1749,.T.);
#1879=CARTESIAN_POINT('',(87.406446239,808.796355222,41.391072426));
#1880=DIRECTION('',(-0.,-0.,1.));
#1881=DIRECTION('',(-1.,0.,0.));
#1882=AXIS2_PLACEMENT_3D('',#1879,#1880,#1881);
#1883=CIRCLE('',#1882,2.40644624);
#1884=EDGE_CURVE('',#1738,#1691,#1883,.T.);
#1885=ORIENTED_EDGE('',*,*,#1884,.T.);
#1886=EDGE_LOOP('',(#1840,#1846,#1847,#1854,#1855,#1862,#1863,#1869,#1870,#1877,#1878,#1885));
#1887=FACE_BOUND('',#1886,.T.);
#1888=ADVANCED_FACE('',(#1887),#1839,.F.);
#1889=CARTESIAN_POINT('',(119.,808.367349008,59.376788165));
#1890=DIRECTION('',(0.,0.707106781,-0.707106781));
#1891=DIRECTION('',(1.,0.,0.));
#1892=AXIS2_PLACEMENT_3D('',#1889,#1890,#1891);
#1893=PLANE('',#1892);
#1894=ORIENTED_EDGE('',*,*,#1468,.F.);
#1895=CARTESIAN_POINT('',(175.999999851,788.484873534,39.494312691));
#1896=DIRECTION('',(1.,-0.,-0.));
#1897=VECTOR('',#1896,2.);
#1898=LINE('',#1895,#1897);
#1899=EDGE_CURVE('',#1454,#1794,#1898,.T.);
#1900=ORIENTED_EDGE('',*,*,#1899,.T.);
#1901=ORIENTED_EDGE('',*,*,#1799,.F.);
#1902=CARTESIAN_POINT('',(177.999999851,789.464315244,40.4737544));
#1903=DIRECTION('',(-1.,-0.,0.));
#1904=VECTOR('',#1903,2.);
#1905=LINE('',#1902,#1904);
#1906=EDGE_CURVE('',#1785,#1463,#1905,.T.);
#1907=ORIENTED_EDGE('',*,*,#1906,.T.);
#1908=EDGE_LOOP('',(#1894,#1900,#1901,#1907));
#1909=FACE_BOUND('',#1908,.T.);
#1910=ADVANCED_FACE('',(#1909),#1893,.F.);
#1911=CARTESIAN_POINT('',(119.,812.103618953,55.640518219));
#1912=DIRECTION('',(0.,0.707106781,-0.707106781));
#1913=DIRECTION('',(1.,0.,0.));
#1914=AXIS2_PLACEMENT_3D('',#1911,#1912,#1913);
#1915=PLANE('',#1914);
#1916=ORIENTED_EDGE('',*,*,#1679,.F.);
#1917=CARTESIAN_POINT('',(85.,795.957413425,39.494312691));
#1918=DIRECTION('',(1.,-0.,-0.));
#1919=VECTOR('',#1918,2.);
#1920=LINE('',#1917,#1919);
#1921=EDGE_CURVE('',#1665,#1577,#1920,.T.);
#1922=ORIENTED_EDGE('',*,*,#1921,.T.);
#1923=ORIENTED_EDGE('',*,*,#1582,.F.);
#1924=CARTESIAN_POINT('',(87.,796.936855135,40.4737544));
#1925=DIRECTION('',(-1.,-0.,0.));
#1926=VECTOR('',#1925,2.);
#1927=LINE('',#1924,#1926);
#1928=EDGE_CURVE('',#1568,#1674,#1927,.T.);
#1929=ORIENTED_EDGE('',*,*,#1928,.T.);
#1930=EDGE_LOOP('',(#1916,#1922,#1923,#1929));
#1931=FACE_BOUND('',#1930,.T.);
#1932=ADVANCED_FACE('',(#1931),#1915,.F.);
#1933=CARTESIAN_POINT('',(175.593553611,808.796355222,60.285313421));
#1934=DIRECTION('',(0.,0.,-1.));
#1935=DIRECTION('',(-1.,0.,0.));
#1936=AXIS2_PLACEMENT_3D('',#1933,#1934,#1935);
#1937=CYLINDRICAL_SURFACE('',#1936,2.40644624);
#1938=ORIENTED_EDGE('',*,*,#1766,.F.);
#1939=ORIENTED_EDGE('',*,*,#1393,.T.);
#1940=ORIENTED_EDGE('',*,*,#1726,.F.);
#1941=ORIENTED_EDGE('',*,*,#1876,.F.);
#1942=ORIENTED_EDGE('',*,*,#1774,.F.);
#1943=EDGE_LOOP('',(#1938,#1939,#1940,#1941,#1942));
#1944=FACE_BOUND('',#1943,.T.);
#1945=ADVANCED_FACE('',(#1944),#1937,.T.);
#1946=CARTESIAN_POINT('',(87.406446239,808.796355222,60.285313421));
#1947=DIRECTION('',(0.,0.,-1.));
#1948=DIRECTION('',(-1.,0.,0.));
#1949=AXIS2_PLACEMENT_3D('',#1946,#1947,#1948);
#1950=CYLINDRICAL_SURFACE('',#1949,2.40644624);
#1951=ORIENTED_EDGE('',*,*,#1735,.F.);
#1952=ORIENTED_EDGE('',*,*,#1376,.T.);
#1953=ORIENTED_EDGE('',*,*,#1710,.F.);
#1954=ORIENTED_EDGE('',*,*,#1704,.F.);
#1955=ORIENTED_EDGE('',*,*,#1884,.F.);
#1956=ORIENTED_EDGE('',*,*,#1743,.F.);
#1957=EDGE_LOOP('',(#1951,#1952,#1953,#1954,#1955,#1956));
#1958=FACE_BOUND('',#1957,.T.);
#1959=ADVANCED_FACE('',(#1958),#1950,.T.);
#1960=CARTESIAN_POINT('',(88.450620873,807.752180587,60.285313421));
#1961=DIRECTION('',(0.,0.,1.));
#1962=DIRECTION('',(1.,0.,-0.));
#1963=AXIS2_PLACEMENT_3D('',#1960,#1961,#1962);
#1964=CYLINDRICAL_SURFACE('',#1963,1.450620874);
#1965=ORIENTED_EDGE('',*,*,#1853,.F.);
#1966=ORIENTED_EDGE('',*,*,#1621,.F.);
#1967=CARTESIAN_POINT('',(88.450620873,807.752180587,20.000000149));
#1968=DIRECTION('',(0.,0.,1.));
#1969=DIRECTION('',(1.,0.,-0.));
#1970=AXIS2_PLACEMENT_3D('',#1967,#1968,#1969);
#1971=CIRCLE('',#1970,1.450620874);
#1972=EDGE_CURVE('',#1528,#1610,#1971,.T.);
#1973=ORIENTED_EDGE('',*,*,#1972,.F.);
#1974=ORIENTED_EDGE('',*,*,#1533,.F.);
#1975=EDGE_LOOP('',(#1965,#1966,#1973,#1974));
#1976=FACE_BOUND('',#1975,.T.);
#1977=ADVANCED_FACE('',(#1976),#1964,.F.);
#1978=CARTESIAN_POINT('',(174.549378977,807.752180587,60.285313421));
#1979=DIRECTION('',(0.,0.,1.));
#1980=DIRECTION('',(1.,0.,-0.));
#1981=AXIS2_PLACEMENT_3D('',#1978,#1979,#1980);
#1982=CYLINDRICAL_SURFACE('',#1981,1.450620874);
#1983=ORIENTED_EDGE('',*,*,#1861,.F.);
#1984=ORIENTED_EDGE('',*,*,#1547,.F.);
#1985=CARTESIAN_POINT('',(174.549378977,807.752180587,20.000000149));
#1986=DIRECTION('',(-0.,-0.,1.));
#1987=DIRECTION('',(-1.,0.,0.));
#1988=AXIS2_PLACEMENT_3D('',#1985,#1986,#1987);
#1989=CIRCLE('',#1988,1.450620874);
#1990=EDGE_CURVE('',#1488,#1536,#1989,.T.);
#1991=ORIENTED_EDGE('',*,*,#1990,.F.);
#1992=ORIENTED_EDGE('',*,*,#1493,.F.);
#1993=EDGE_LOOP('',(#1983,#1984,#1991,#1992));
#1994=FACE_BOUND('',#1993,.T.);
#1995=ADVANCED_FACE('',(#1994),#1982,.F.);
#1996=CARTESIAN_POINT('',(119.,792.202801461,38.853084188));
#1997=DIRECTION('',(0.,0.,-1.));
#1998=DIRECTION('',(0.,1.,0.));
#1999=AXIS2_PLACEMENT_3D('',#1996,#1997,#1998);
#2000=PLANE('',#1999);
#2001=ORIENTED_EDGE('',*,*,#1599,.T.);
#2002=CARTESIAN_POINT('',(87.,794.409350877,38.853084188));
#2003=DIRECTION('',(-1.,0.,0.));
#2004=VECTOR('',#2003,2.);
#2005=LINE('',#2002,#2004);
#2006=EDGE_CURVE('',#1585,#1657,#2005,.T.);
#2007=ORIENTED_EDGE('',*,*,#2006,.T.);
#2008=ORIENTED_EDGE('',*,*,#1662,.F.);
#2009=CARTESIAN_POINT('',(123.861458567,782.902801462,38.853084188));
#2010=VERTEX_POINT('',#2009);
#2011=CARTESIAN_POINT('',(123.861458567,782.902801462,38.853084188));
#2012=DIRECTION('',(-1.,0.,0.));
#2013=VECTOR('',#2012,38.861458568);
#2014=LINE('',#2011,#2013);
#2015=EDGE_CURVE('',#2010,#1649,#2014,.T.);
#2016=ORIENTED_EDGE('',*,*,#2015,.F.);
#2017=CARTESIAN_POINT('',(126.306416167,780.457843863,38.853084188));
#2018=VERTEX_POINT('',#2017);
#2019=CARTESIAN_POINT('',(123.861458567,780.457843863,38.853084188));
#2020=DIRECTION('',(0.,0.,-1.));
#2021=DIRECTION('',(-1.,0.,0.));
#2022=AXIS2_PLACEMENT_3D('',#2019,#2020,#2021);
#2023=CIRCLE('',#2022,2.444957599);
#2024=EDGE_CURVE('',#2010,#2018,#2023,.T.);
#2025=ORIENTED_EDGE('',*,*,#2024,.T.);
#2026=CARTESIAN_POINT('',(126.306416167,773.202801461,38.853084188));
#2027=VERTEX_POINT('',#2026);
#2028=CARTESIAN_POINT('',(126.306416167,773.202801461,38.853084188));
#2029=DIRECTION('',(0.,1.,0.));
#2030=VECTOR('',#2029,7.255042401);
#2031=LINE('',#2028,#2030);
#2032=EDGE_CURVE('',#2027,#2018,#2031,.T.);
#2033=ORIENTED_EDGE('',*,*,#2032,.F.);
#2034=CARTESIAN_POINT('',(175.593553611,773.202801461,38.853084188));
#2035=VERTEX_POINT('',#2034);
#2036=CARTESIAN_POINT('',(175.593553611,773.202801461,38.853084188));
#2037=DIRECTION('',(-1.,0.,0.));
#2038=VECTOR('',#2037,49.287137444);
#2039=LINE('',#2036,#2038);
#2040=EDGE_CURVE('',#2035,#2027,#2039,.T.);
#2041=ORIENTED_EDGE('',*,*,#2040,.F.);
#2042=CARTESIAN_POINT('',(175.593553611,775.609247701,38.853084188));
#2043=DIRECTION('',(-0.,-0.,1.));
#2044=DIRECTION('',(-1.,0.,0.));
#2045=AXIS2_PLACEMENT_3D('',#2042,#2043,#2044);
#2046=CIRCLE('',#2045,2.40644624);
#2047=EDGE_CURVE('',#2035,#1811,#2046,.T.);
#2048=ORIENTED_EDGE('',*,*,#2047,.T.);
#2049=ORIENTED_EDGE('',*,*,#1816,.F.);
#2050=CARTESIAN_POINT('',(177.999999851,786.936810986,38.853084188));
#2051=DIRECTION('',(-1.,0.,0.));
#2052=VECTOR('',#2051,2.);
#2053=LINE('',#2050,#2052);
#2054=EDGE_CURVE('',#1802,#1444,#2053,.T.);
#2055=ORIENTED_EDGE('',*,*,#2054,.T.);
#2056=ORIENTED_EDGE('',*,*,#1451,.T.);
#2057=CARTESIAN_POINT('',(174.549378977,775.202801461,38.853084188));
#2058=VERTEX_POINT('',#2057);
#2059=CARTESIAN_POINT('',(174.549378977,776.653422335,38.853084188));
#2060=DIRECTION('',(0.,0.,-1.));
#2061=DIRECTION('',(-1.,0.,0.));
#2062=AXIS2_PLACEMENT_3D('',#2059,#2060,#2061);
#2063=CIRCLE('',#2062,1.450620874);
#2064=EDGE_CURVE('',#1446,#2058,#2063,.T.);
#2065=ORIENTED_EDGE('',*,*,#2064,.T.);
#2066=CARTESIAN_POINT('',(128.306416167,775.202801461,38.853084188));
#2067=VERTEX_POINT('',#2066);
#2068=CARTESIAN_POINT('',(174.549378977,775.202801461,38.853084188));
#2069=DIRECTION('',(-1.,0.,0.));
#2070=VECTOR('',#2069,46.24296281);
#2071=LINE('',#2068,#2070);
#2072=EDGE_CURVE('',#2058,#2067,#2071,.T.);
#2073=ORIENTED_EDGE('',*,*,#2072,.T.);
#2074=CARTESIAN_POINT('',(128.306416167,779.5035711,38.853084188));
#2075=VERTEX_POINT('',#2074);
#2076=CARTESIAN_POINT('',(128.306416167,775.202801461,38.853084188));
#2077=DIRECTION('',(0.,1.,0.));
#2078=VECTOR('',#2077,4.300769639);
#2079=LINE('',#2076,#2078);
#2080=EDGE_CURVE('',#2067,#2075,#2079,.T.);
#2081=ORIENTED_EDGE('',*,*,#2080,.T.);
#2082=CARTESIAN_POINT('',(122.907185805,784.902801462,38.853084188));
#2083=VERTEX_POINT('',#2082);
#2084=CARTESIAN_POINT('',(122.907185805,779.5035711,38.853084188));
#2085=DIRECTION('',(-0.,-0.,1.));
#2086=DIRECTION('',(-1.,0.,0.));
#2087=AXIS2_PLACEMENT_3D('',#2084,#2085,#2086);
#2088=CIRCLE('',#2087,5.399230362);
#2089=EDGE_CURVE('',#2075,#2083,#2088,.T.);
#2090=ORIENTED_EDGE('',*,*,#2089,.T.);
#2091=CARTESIAN_POINT('',(122.907185805,784.902801462,38.853084188));
#2092=DIRECTION('',(-1.,0.,0.));
#2093=VECTOR('',#2092,35.907185805);
#2094=LINE('',#2091,#2093);
#2095=EDGE_CURVE('',#2083,#1594,#2094,.T.);
#2096=ORIENTED_EDGE('',*,*,#2095,.T.);
#2097=EDGE_LOOP('',(#2001,#2007,#2008,#2016,#2025,#2033,#2041,#2048,#2049,#2055,#2056,#2065,#2073,#2081,#2090,#2096));
#2098=FACE_BOUND('',#2097,.T.);
#2099=ADVANCED_FACE('',(#2098),#2000,.F.);
#2100=CARTESIAN_POINT('',(153.,773.202801461,53.653257688));
#2101=DIRECTION('',(0.,-1.,0.));
#2102=DIRECTION('',(1.,0.,0.));
#2103=AXIS2_PLACEMENT_3D('',#2100,#2101,#2102);
#2104=PLANE('',#2103);
#2105=CARTESIAN_POINT('',(87.406446239,773.202801461,20.000000149));
#2106=VERTEX_POINT('',#2105);
#2107=CARTESIAN_POINT('',(87.406446239,773.202801461,20.000000149));
#2108=DIRECTION('',(-0.,-0.,-1.));
#2109=VECTOR('',#2108,5.5);
#2110=LINE('',#2107,#2109);
#2111=EDGE_CURVE('',#2106,#1413,#2110,.T.);
#2112=ORIENTED_EDGE('',*,*,#2111,.T.);
#2113=ORIENTED_EDGE('',*,*,#1418,.T.);
#2114=CARTESIAN_POINT('',(175.593553611,773.202801461,14.500000149));
#2115=DIRECTION('',(0.,0.,1.));
#2116=VECTOR('',#2115,24.353084039);
#2117=LINE('',#2114,#2116);
#2118=EDGE_CURVE('',#1404,#2035,#2117,.T.);
#2119=ORIENTED_EDGE('',*,*,#2118,.T.);
#2120=ORIENTED_EDGE('',*,*,#2040,.T.);
#2121=CARTESIAN_POINT('',(126.306416167,773.202801461,20.000000149));
#2122=VERTEX_POINT('',#2121);
#2123=CARTESIAN_POINT('',(126.306416167,773.202801461,38.853084188));
#2124=DIRECTION('',(0.,0.,-1.));
#2125=VECTOR('',#2124,18.853084039);
#2126=LINE('',#2123,#2125);
#2127=EDGE_CURVE('',#2027,#2122,#2126,.T.);
#2128=ORIENTED_EDGE('',*,*,#2127,.T.);
#2129=CARTESIAN_POINT('',(87.406446239,773.202801461,20.000000149));
#2130=DIRECTION('',(1.,0.,0.));
#2131=VECTOR('',#2130,38.899969928);
#2132=LINE('',#2129,#2131);
#2133=EDGE_CURVE('',#2106,#2122,#2132,.T.);
#2134=ORIENTED_EDGE('',*,*,#2133,.F.);
#2135=EDGE_LOOP('',(#2112,#2113,#2119,#2120,#2128,#2134));
#2136=FACE_BOUND('',#2135,.T.);
#2137=ADVANCED_FACE('',(#2136),#2104,.T.);
#2138=CARTESIAN_POINT('',(126.306416167,773.202801461,53.653257688));
#2139=DIRECTION('',(-1.,0.,0.));
#2140=DIRECTION('',(0.,0.,1.));
#2141=AXIS2_PLACEMENT_3D('',#2138,#2139,#2140);
#2142=PLANE('',#2141);
#2143=ORIENTED_EDGE('',*,*,#2032,.T.);
#2144=CARTESIAN_POINT('',(126.306416167,780.457843863,20.000000149));
#2145=VERTEX_POINT('',#2144);
#2146=CARTESIAN_POINT('',(126.306416167,780.457843863,38.853084188));
#2147=DIRECTION('',(-0.,-0.,-1.));
#2148=VECTOR('',#2147,18.853084039);
#2149=LINE('',#2146,#2148);
#2150=EDGE_CURVE('',#2018,#2145,#2149,.T.);
#2151=ORIENTED_EDGE('',*,*,#2150,.T.);
#2152=CARTESIAN_POINT('',(126.306416167,773.202801461,20.000000149));
#2153=DIRECTION('',(0.,1.,0.));
#2154=VECTOR('',#2153,7.255042401);
#2155=LINE('',#2152,#2154);
#2156=EDGE_CURVE('',#2122,#2145,#2155,.T.);
#2157=ORIENTED_EDGE('',*,*,#2156,.F.);
#2158=ORIENTED_EDGE('',*,*,#2127,.F.);
#2159=EDGE_LOOP('',(#2143,#2151,#2157,#2158));
#2160=FACE_BOUND('',#2159,.T.);
#2161=ADVANCED_FACE('',(#2160),#2142,.T.);
#2162=CARTESIAN_POINT('',(85.,782.902801462,53.653257688));
#2163=DIRECTION('',(0.,-1.,0.));
#2164=DIRECTION('',(0.,0.,-1.));
#2165=AXIS2_PLACEMENT_3D('',#2162,#2163,#2164);
#2166=PLANE('',#2165);
#2167=CARTESIAN_POINT('',(123.861458567,782.902801462,20.000000149));
#2168=VERTEX_POINT('',#2167);
#2169=CARTESIAN_POINT('',(123.861458567,782.902801462,20.000000149));
#2170=DIRECTION('',(-1.,0.,0.));
#2171=VECTOR('',#2170,38.861458568);
#2172=LINE('',#2169,#2171);
#2173=EDGE_CURVE('',#2168,#1641,#2172,.T.);
#2174=ORIENTED_EDGE('',*,*,#2173,.F.);
#2175=CARTESIAN_POINT('',(123.861458567,782.902801462,20.000000149));
#2176=DIRECTION('',(0.,0.,1.));
#2177=VECTOR('',#2176,18.853084039);
#2178=LINE('',#2175,#2177);
#2179=EDGE_CURVE('',#2168,#2010,#2178,.T.);
#2180=ORIENTED_EDGE('',*,*,#2179,.T.);
#2181=ORIENTED_EDGE('',*,*,#2015,.T.);
#2182=ORIENTED_EDGE('',*,*,#1654,.T.);
#2183=EDGE_LOOP('',(#2174,#2180,#2181,#2182));
#2184=FACE_BOUND('',#2183,.T.);
#2185=ADVANCED_FACE('',(#2184),#2166,.T.);
#2186=CARTESIAN_POINT('',(85.,784.902801462,53.653257688));
#2187=DIRECTION('',(0.,-1.,0.));
#2188=DIRECTION('',(0.,0.,-1.));
#2189=AXIS2_PLACEMENT_3D('',#2186,#2187,#2188);
#2190=PLANE('',#2189);
#2191=ORIENTED_EDGE('',*,*,#2095,.F.);
#2192=CARTESIAN_POINT('',(122.907185805,784.902801462,20.000000149));
#2193=VERTEX_POINT('',#2192);
#2194=CARTESIAN_POINT('',(122.907185805,784.902801462,38.853084188));
#2195=DIRECTION('',(0.,0.,-1.));
#2196=VECTOR('',#2195,18.853084039);
#2197=LINE('',#2194,#2196);
#2198=EDGE_CURVE('',#2083,#2193,#2197,.T.);
#2199=ORIENTED_EDGE('',*,*,#2198,.T.);
#2200=CARTESIAN_POINT('',(122.907185805,784.902801462,20.000000149));
#2201=DIRECTION('',(-1.,0.,0.));
#2202=VECTOR('',#2201,35.907185805);
#2203=LINE('',#2200,#2202);
#2204=EDGE_CURVE('',#2193,#1602,#2203,.T.);
#2205=ORIENTED_EDGE('',*,*,#2204,.T.);
#2206=ORIENTED_EDGE('',*,*,#1607,.F.);
#2207=EDGE_LOOP('',(#2191,#2199,#2205,#2206));
#2208=FACE_BOUND('',#2207,.T.);
#2209=ADVANCED_FACE('',(#2208),#2190,.F.);
#2210=CARTESIAN_POINT('',(128.306416167,786.185188394,53.653257688));
#2211=DIRECTION('',(-1.,0.,0.));
#2212=DIRECTION('',(0.,0.,1.));
#2213=AXIS2_PLACEMENT_3D('',#2210,#2211,#2212);
#2214=PLANE('',#2213);
#2215=CARTESIAN_POINT('',(128.306416167,775.202801461,20.000000149));
#2216=VERTEX_POINT('',#2215);
#2217=CARTESIAN_POINT('',(128.306416167,779.5035711,20.000000149));
#2218=VERTEX_POINT('',#2217);
#2219=CARTESIAN_POINT('',(128.306416167,775.202801461,20.000000149));
#2220=DIRECTION('',(0.,1.,0.));
#2221=VECTOR('',#2220,4.300769639);
#2222=LINE('',#2219,#2221);
#2223=EDGE_CURVE('',#2216,#2218,#2222,.T.);
#2224=ORIENTED_EDGE('',*,*,#2223,.T.);
#2225=CARTESIAN_POINT('',(128.306416167,779.5035711,20.000000149));
#2226=DIRECTION('',(-0.,-0.,1.));
#2227=VECTOR('',#2226,18.853084039);
#2228=LINE('',#2225,#2227);
#2229=EDGE_CURVE('',#2218,#2075,#2228,.T.);
#2230=ORIENTED_EDGE('',*,*,#2229,.T.);
#2231=ORIENTED_EDGE('',*,*,#2080,.F.);
#2232=CARTESIAN_POINT('',(128.306416167,775.202801461,38.853084188));
#2233=DIRECTION('',(0.,0.,-1.));
#2234=VECTOR('',#2233,18.853084039);
#2235=LINE('',#2232,#2234);
#2236=EDGE_CURVE('',#2067,#2216,#2235,.T.);
#2237=ORIENTED_EDGE('',*,*,#2236,.T.);
#2238=EDGE_LOOP('',(#2224,#2230,#2231,#2237));
#2239=FACE_BOUND('',#2238,.T.);
#2240=ADVANCED_FACE('',(#2239),#2214,.F.);
#2241=CARTESIAN_POINT('',(153.,775.202801461,53.653257688));
#2242=DIRECTION('',(0.,-1.,0.));
#2243=DIRECTION('',(1.,0.,0.));
#2244=AXIS2_PLACEMENT_3D('',#2241,#2242,#2243);
#2245=PLANE('',#2244);
#2246=ORIENTED_EDGE('',*,*,#2072,.F.);
#2247=CARTESIAN_POINT('',(174.549378977,775.202801461,20.000000149));
#2248=VERTEX_POINT('',#2247);
#2249=CARTESIAN_POINT('',(174.549378977,775.202801461,38.853084188));
#2250=DIRECTION('',(0.,0.,-1.));
#2251=VECTOR('',#2250,18.853084039);
#2252=LINE('',#2249,#2251);
#2253=EDGE_CURVE('',#2058,#2248,#2252,.T.);
#2254=ORIENTED_EDGE('',*,*,#2253,.T.);
#2255=CARTESIAN_POINT('',(174.549378977,775.202801461,20.000000149));
#2256=DIRECTION('',(-1.,-0.,0.));
#2257=VECTOR('',#2256,46.24296281);
#2258=LINE('',#2255,#2257);
#2259=EDGE_CURVE('',#2248,#2216,#2258,.T.);
#2260=ORIENTED_EDGE('',*,*,#2259,.T.);
#2261=ORIENTED_EDGE('',*,*,#2236,.F.);
#2262=EDGE_LOOP('',(#2246,#2254,#2260,#2261));
#2263=FACE_BOUND('',#2262,.T.);
#2264=ADVANCED_FACE('',(#2263),#2245,.F.);
#2265=CARTESIAN_POINT('',(123.861458567,780.457843863,53.653257688));
#2266=DIRECTION('',(0.,0.,-1.));
#2267=DIRECTION('',(-1.,0.,0.));
#2268=AXIS2_PLACEMENT_3D('',#2265,#2266,#2267);
#2269=CYLINDRICAL_SURFACE('',#2268,2.444957599);
#2270=ORIENTED_EDGE('',*,*,#2024,.F.);
#2271=ORIENTED_EDGE('',*,*,#2179,.F.);
#2272=CARTESIAN_POINT('',(123.861458567,780.457843863,20.000000149));
#2273=DIRECTION('',(-0.,-0.,1.));
#2274=DIRECTION('',(-1.,0.,0.));
#2275=AXIS2_PLACEMENT_3D('',#2272,#2273,#2274);
#2276=CIRCLE('',#2275,2.444957599);
#2277=EDGE_CURVE('',#2145,#2168,#2276,.T.);
#2278=ORIENTED_EDGE('',*,*,#2277,.F.);
#2279=ORIENTED_EDGE('',*,*,#2150,.F.);
#2280=EDGE_LOOP('',(#2270,#2271,#2278,#2279));
#2281=FACE_BOUND('',#2280,.T.);
#2282=ADVANCED_FACE('',(#2281),#2269,.F.);
#2283=CARTESIAN_POINT('',(122.907185805,779.5035711,53.653257688));
#2284=DIRECTION('',(0.,0.,-1.));
#2285=DIRECTION('',(0.,1.,0.));
#2286=AXIS2_PLACEMENT_3D('',#2283,#2284,#2285);
#2287=CYLINDRICAL_SURFACE('',#2286,5.399230362);
#2288=ORIENTED_EDGE('',*,*,#2089,.F.);
#2289=ORIENTED_EDGE('',*,*,#2229,.F.);
#2290=CARTESIAN_POINT('',(122.907185805,779.5035711,20.000000149));
#2291=DIRECTION('',(0.,0.,-1.));
#2292=DIRECTION('',(-1.,0.,0.));
#2293=AXIS2_PLACEMENT_3D('',#2290,#2291,#2292);
#2294=CIRCLE('',#2293,5.399230362);
#2295=EDGE_CURVE('',#2193,#2218,#2294,.T.);
#2296=ORIENTED_EDGE('',*,*,#2295,.F.);
#2297=ORIENTED_EDGE('',*,*,#2198,.F.);
#2298=EDGE_LOOP('',(#2288,#2289,#2296,#2297));
#2299=FACE_BOUND('',#2298,.T.);
#2300=ADVANCED_FACE('',(#2299),#2287,.T.);
#2301=CARTESIAN_POINT('',(175.593553611,775.609247701,53.653257688));
#2302=DIRECTION('',(0.,0.,-1.));
#2303=DIRECTION('',(0.,1.,0.));
#2304=AXIS2_PLACEMENT_3D('',#2301,#2302,#2303);
#2305=CYLINDRICAL_SURFACE('',#2304,2.40644624);
#2306=ORIENTED_EDGE('',*,*,#2118,.F.);
#2307=ORIENTED_EDGE('',*,*,#1410,.T.);
#2308=ORIENTED_EDGE('',*,*,#1830,.F.);
#2309=ORIENTED_EDGE('',*,*,#1824,.F.);
#2310=ORIENTED_EDGE('',*,*,#2047,.F.);
#2311=EDGE_LOOP('',(#2306,#2307,#2308,#2309,#2310));
#2312=FACE_BOUND('',#2311,.T.);
#2313=ADVANCED_FACE('',(#2312),#2305,.T.);
#2314=CARTESIAN_POINT('',(174.549378977,776.653422335,53.653257688));
#2315=DIRECTION('',(0.,0.,1.));
#2316=DIRECTION('',(0.,-1.,0.));
#2317=AXIS2_PLACEMENT_3D('',#2314,#2315,#2316);
#2318=CYLINDRICAL_SURFACE('',#2317,1.450620874);
#2319=ORIENTED_EDGE('',*,*,#2064,.F.);
#2320=ORIENTED_EDGE('',*,*,#1507,.F.);
#2321=CARTESIAN_POINT('',(174.549378977,776.653422335,20.000000149));
#2322=DIRECTION('',(-0.,-0.,1.));
#2323=DIRECTION('',(-1.,0.,0.));
#2324=AXIS2_PLACEMENT_3D('',#2321,#2322,#2323);
#2325=CIRCLE('',#2324,1.450620874);
#2326=EDGE_CURVE('',#2248,#1496,#2325,.T.);
#2327=ORIENTED_EDGE('',*,*,#2326,.F.);
#2328=ORIENTED_EDGE('',*,*,#2253,.F.);
#2329=EDGE_LOOP('',(#2319,#2320,#2327,#2328));
#2330=FACE_BOUND('',#2329,.T.);
#2331=ADVANCED_FACE('',(#2330),#2318,.F.);
#2332=CARTESIAN_POINT('',(119.,799.151456754,38.259152781));
#2333=DIRECTION('',(1.,0.,0.));
#2334=DIRECTION('',(0.,0.,-1.));
#2335=AXIS2_PLACEMENT_3D('',#2332,#2333,#2334);
#2336=CYLINDRICAL_SURFACE('',#2335,3.131919644);
#2337=ORIENTED_EDGE('',*,*,#1688,.F.);
#2338=ORIENTED_EDGE('',*,*,#1928,.F.);
#2339=ORIENTED_EDGE('',*,*,#1574,.F.);
#2340=ORIENTED_EDGE('',*,*,#1845,.F.);
#2341=EDGE_LOOP('',(#2337,#2338,#2339,#2340));
#2342=FACE_BOUND('',#2341,.T.);
#2343=ADVANCED_FACE('',(#2342),#2336,.T.);
#2344=CARTESIAN_POINT('',(119.,791.678916863,38.259152781));
#2345=DIRECTION('',(1.,0.,0.));
#2346=DIRECTION('',(0.,0.,-1.));
#2347=AXIS2_PLACEMENT_3D('',#2344,#2345,#2346);
#2348=CYLINDRICAL_SURFACE('',#2347,3.131919644);
#2349=ORIENTED_EDGE('',*,*,#1477,.F.);
#2350=ORIENTED_EDGE('',*,*,#1906,.F.);
#2351=ORIENTED_EDGE('',*,*,#1791,.F.);
#2352=ORIENTED_EDGE('',*,*,#1868,.F.);
#2353=EDGE_LOOP('',(#2349,#2350,#2351,#2352));
#2354=FACE_BOUND('',#2353,.T.);
#2355=ADVANCED_FACE('',(#2354),#2348,.T.);
#2356=CARTESIAN_POINT('',(119.,794.409350877,41.042375239));
#2357=DIRECTION('',(1.,0.,0.));
#2358=DIRECTION('',(0.,0.,-1.));
#2359=AXIS2_PLACEMENT_3D('',#2356,#2357,#2358);
#2360=CYLINDRICAL_SURFACE('',#2359,2.189291052);
#2361=ORIENTED_EDGE('',*,*,#1591,.F.);
#2362=ORIENTED_EDGE('',*,*,#1921,.F.);
#2363=ORIENTED_EDGE('',*,*,#1671,.F.);
#2364=ORIENTED_EDGE('',*,*,#2006,.F.);
#2365=EDGE_LOOP('',(#2361,#2362,#2363,#2364));
#2366=FACE_BOUND('',#2365,.T.);
#2367=ADVANCED_FACE('',(#2366),#2360,.F.);
#2368=CARTESIAN_POINT('',(119.,786.936810986,41.042375239));
#2369=DIRECTION('',(1.,0.,0.));
#2370=DIRECTION('',(0.,0.,-1.));
#2371=AXIS2_PLACEMENT_3D('',#2368,#2369,#2370);
#2372=CYLINDRICAL_SURFACE('',#2371,2.189291052);
#2373=ORIENTED_EDGE('',*,*,#1808,.F.);
#2374=ORIENTED_EDGE('',*,*,#1899,.F.);
#2375=ORIENTED_EDGE('',*,*,#1460,.F.);
#2376=ORIENTED_EDGE('',*,*,#2054,.F.);
#2377=EDGE_LOOP('',(#2373,#2374,#2375,#2376));
#2378=FACE_BOUND('',#2377,.T.);
#2379=ADVANCED_FACE('',(#2378),#2372,.F.);
#2380=CARTESIAN_POINT('',(117.971359982,777.657657418,20.000000149));
#2381=DIRECTION('',(-0.,0.,1.));
#2382=DIRECTION('',(0.,-1.,0.));
#2383=AXIS2_PLACEMENT_3D('',#2380,#2381,#2382);
#2384=CONICAL_SURFACE('',#2383,3.609705172,45.);
#2385=CARTESIAN_POINT('',(117.971359982,774.047952246,20.000000149));
#2386=VERTEX_POINT('',#2385);
#2387=CARTESIAN_POINT('',(117.971359982,774.557657418,19.490294977));
#2388=VERTEX_POINT('',#2387);
#2389=CARTESIAN_POINT('',(117.971359982,774.047952246,20.000000149));
#2390=DIRECTION('',(0.,0.707106781,-0.707106781));
#2391=VECTOR('',#2390,0.720831967);
#2392=LINE('',#2389,#2391);
#2393=EDGE_CURVE('',#2386,#2388,#2392,.T.);
#2394=ORIENTED_EDGE('',*,*,#2393,.F.);
#2395=CARTESIAN_POINT('',(121.581065154,777.657657418,20.000000149));
#2396=VERTEX_POINT('',#2395);
#2397=CARTESIAN_POINT('',(117.971359982,777.657657418,20.000000149));
#2398=DIRECTION('',(-0.,-0.,-1.));
#2399=DIRECTION('',(1.,0.,-0.));
#2400=AXIS2_PLACEMENT_3D('',#2397,#2398,#2399);
#2401=CIRCLE('',#2400,3.609705172);
#2402=EDGE_CURVE('',#2396,#2386,#2401,.T.);
#2403=ORIENTED_EDGE('',*,*,#2402,.F.);
#2404=CARTESIAN_POINT('',(117.971359982,777.657657418,20.000000149));
#2405=DIRECTION('',(-0.,-0.,-1.));
#2406=DIRECTION('',(1.,0.,-0.));
#2407=AXIS2_PLACEMENT_3D('',#2404,#2405,#2406);
#2408=CIRCLE('',#2407,3.609705172);
#2409=EDGE_CURVE('',#2386,#2396,#2408,.T.);
#2410=ORIENTED_EDGE('',*,*,#2409,.F.);
#2411=ORIENTED_EDGE('',*,*,#2393,.T.);
#2412=CARTESIAN_POINT('',(117.971359982,777.657657418,19.490294977));
#2413=DIRECTION('',(-0.,0.,1.));
#2414=DIRECTION('',(0.,-1.,0.));
#2415=AXIS2_PLACEMENT_3D('',#2412,#2413,#2414);
#2416=CIRCLE('',#2415,3.1);
#2417=EDGE_CURVE('',#2388,#2388,#2416,.T.);
#2418=ORIENTED_EDGE('',*,*,#2417,.F.);
#2419=EDGE_LOOP('',(#2394,#2403,#2410,#2411,#2418));
#2420=FACE_BOUND('',#2419,.T.);
#2421=ADVANCED_FACE('',(#2420),#2384,.F.);
#2422=CARTESIAN_POINT('',(94.927385879,777.657657418,20.000000149));
#2423=DIRECTION('',(-0.,0.,1.));
#2424=DIRECTION('',(0.,-1.,0.));
#2425=AXIS2_PLACEMENT_3D('',#2422,#2423,#2424);
#2426=CONICAL_SURFACE('',#2425,3.609705172,45.);
#2427=CARTESIAN_POINT('',(94.927385879,774.047952246,20.000000149));
#2428=VERTEX_POINT('',#2427);
#2429=CARTESIAN_POINT('',(94.927385879,774.557657418,19.490294977));
#2430=VERTEX_POINT('',#2429);
#2431=CARTESIAN_POINT('',(94.927385879,774.047952246,20.000000149));
#2432=DIRECTION('',(0.,0.707106781,-0.707106781));
#2433=VECTOR('',#2432,0.720831967);
#2434=LINE('',#2431,#2433);
#2435=EDGE_CURVE('',#2428,#2430,#2434,.T.);
#2436=ORIENTED_EDGE('',*,*,#2435,.F.);
#2437=CARTESIAN_POINT('',(98.537091051,777.657657418,20.000000149));
#2438=VERTEX_POINT('',#2437);
#2439=CARTESIAN_POINT('',(94.927385879,777.657657418,20.000000149));
#2440=DIRECTION('',(-0.,-0.,-1.));
#2441=DIRECTION('',(1.,0.,-0.));
#2442=AXIS2_PLACEMENT_3D('',#2439,#2440,#2441);
#2443=CIRCLE('',#2442,3.609705172);
#2444=EDGE_CURVE('',#2438,#2428,#2443,.T.);
#2445=ORIENTED_EDGE('',*,*,#2444,.F.);
#2446=CARTESIAN_POINT('',(94.927385879,777.657657418,20.000000149));
#2447=DIRECTION('',(-0.,-0.,-1.));
#2448=DIRECTION('',(1.,0.,-0.));
#2449=AXIS2_PLACEMENT_3D('',#2446,#2447,#2448);
#2450=CIRCLE('',#2449,3.609705172);
#2451=EDGE_CURVE('',#2428,#2438,#2450,.T.);
#2452=ORIENTED_EDGE('',*,*,#2451,.F.);
#2453=ORIENTED_EDGE('',*,*,#2435,.T.);
#2454=CARTESIAN_POINT('',(94.927385879,777.657657418,19.490294977));
#2455=DIRECTION('',(-0.,0.,1.));
#2456=DIRECTION('',(0.,-1.,0.));
#2457=AXIS2_PLACEMENT_3D('',#2454,#2455,#2456);
#2458=CIRCLE('',#2457,3.1);
#2459=EDGE_CURVE('',#2430,#2430,#2458,.T.);
#2460=ORIENTED_EDGE('',*,*,#2459,.F.);
#2461=EDGE_LOOP('',(#2436,#2445,#2452,#2453,#2460));
#2462=FACE_BOUND('',#2461,.T.);
#2463=ADVANCED_FACE('',(#2462),#2426,.F.);
#2464=CARTESIAN_POINT('',(118.5,791.702801461,16.850000149));
#2465=DIRECTION('',(0.,0.,-1.));
#2466=DIRECTION('',(0.,1.,0.));
#2467=AXIS2_PLACEMENT_3D('',#2464,#2465,#2466);
#2468=PLANE('',#2467);
#2469=CARTESIAN_POINT('',(117.971359982,774.557657418,16.850000149));
#2470=VERTEX_POINT('',#2469);
#2471=CARTESIAN_POINT('',(117.971359982,780.757657418,16.850000149));
#2472=VERTEX_POINT('',#2471);
#2473=CARTESIAN_POINT('',(117.971359982,777.657657418,16.850000149));
#2474=DIRECTION('',(0.,0.,-1.));
#2475=DIRECTION('',(0.,1.,0.));
#2476=AXIS2_PLACEMENT_3D('',#2473,#2474,#2475);
#2477=CIRCLE('',#2476,3.1);
#2478=EDGE_CURVE('',#2470,#2472,#2477,.T.);
#2479=ORIENTED_EDGE('',*,*,#2478,.F.);
#2480=CARTESIAN_POINT('',(117.971359982,777.657657418,16.850000149));
#2481=DIRECTION('',(0.,0.,-1.));
#2482=DIRECTION('',(0.,1.,0.));
#2483=AXIS2_PLACEMENT_3D('',#2480,#2481,#2482);
#2484=CIRCLE('',#2483,3.1);
#2485=EDGE_CURVE('',#2472,#2470,#2484,.T.);
#2486=ORIENTED_EDGE('',*,*,#2485,.F.);
#2487=EDGE_LOOP('',(#2479,#2486));
#2488=FACE_BOUND('',#2487,.T.);
#2489=ADVANCED_FACE('',(#2488),#2468,.F.);
#2490=CARTESIAN_POINT('',(118.5,791.702801461,16.850000149));
#2491=DIRECTION('',(0.,0.,-1.));
#2492=DIRECTION('',(0.,1.,0.));
#2493=AXIS2_PLACEMENT_3D('',#2490,#2491,#2492);
#2494=PLANE('',#2493);
#2495=CARTESIAN_POINT('',(94.927385879,774.557657418,16.850000149));
#2496=VERTEX_POINT('',#2495);
#2497=CARTESIAN_POINT('',(94.927385879,780.757657418,16.850000149));
#2498=VERTEX_POINT('',#2497);
#2499=CARTESIAN_POINT('',(94.927385879,777.657657418,16.850000149));
#2500=DIRECTION('',(0.,0.,-1.));
#2501=DIRECTION('',(0.,1.,0.));
#2502=AXIS2_PLACEMENT_3D('',#2499,#2500,#2501);
#2503=CIRCLE('',#2502,3.1);
#2504=EDGE_CURVE('',#2496,#2498,#2503,.T.);
#2505=ORIENTED_EDGE('',*,*,#2504,.F.);
#2506=CARTESIAN_POINT('',(94.927385879,777.657657418,16.850000149));
#2507=DIRECTION('',(0.,0.,-1.));
#2508=DIRECTION('',(0.,1.,0.));
#2509=AXIS2_PLACEMENT_3D('',#2506,#2507,#2508);
#2510=CIRCLE('',#2509,3.1);
#2511=EDGE_CURVE('',#2498,#2496,#2510,.T.);
#2512=ORIENTED_EDGE('',*,*,#2511,.F.);
#2513=EDGE_LOOP('',(#2505,#2512));
#2514=FACE_BOUND('',#2513,.T.);
#2515=ADVANCED_FACE('',(#2514),#2494,.F.);
#2516=CARTESIAN_POINT('',(94.927385879,777.657657418,16.850000149));
#2517=DIRECTION('',(-0.,0.,1.));
#2518=DIRECTION('',(0.,-1.,0.));
#2519=AXIS2_PLACEMENT_3D('',#2516,#2517,#2518);
#2520=CYLINDRICAL_SURFACE('',#2519,3.1);
#2521=CARTESIAN_POINT('',(94.927385879,774.557657418,19.490294977));
#2522=DIRECTION('',(0.,-0.,-1.));
#2523=VECTOR('',#2522,2.640294828);
#2524=LINE('',#2521,#2523);
#2525=EDGE_CURVE('',#2430,#2496,#2524,.T.);
#2526=ORIENTED_EDGE('',*,*,#2525,.F.);
#2527=ORIENTED_EDGE('',*,*,#2459,.T.);
#2528=ORIENTED_EDGE('',*,*,#2525,.T.);
#2529=ORIENTED_EDGE('',*,*,#2504,.T.);
#2530=ORIENTED_EDGE('',*,*,#2511,.T.);
#2531=EDGE_LOOP('',(#2526,#2527,#2528,#2529,#2530));
#2532=FACE_BOUND('',#2531,.T.);
#2533=ADVANCED_FACE('',(#2532),#2520,.F.);
#2534=CARTESIAN_POINT('',(117.971359982,777.657657418,16.850000149));
#2535=DIRECTION('',(-0.,0.,1.));
#2536=DIRECTION('',(0.,-1.,0.));
#2537=AXIS2_PLACEMENT_3D('',#2534,#2535,#2536);
#2538=CYLINDRICAL_SURFACE('',#2537,3.1);
#2539=CARTESIAN_POINT('',(117.971359982,774.557657418,19.490294977));
#2540=DIRECTION('',(0.,-0.,-1.));
#2541=VECTOR('',#2540,2.640294828);
#2542=LINE('',#2539,#2541);
#2543=EDGE_CURVE('',#2388,#2470,#2542,.T.);
#2544=ORIENTED_EDGE('',*,*,#2543,.F.);
#2545=ORIENTED_EDGE('',*,*,#2417,.T.);
#2546=ORIENTED_EDGE('',*,*,#2543,.T.);
#2547=ORIENTED_EDGE('',*,*,#2478,.T.);
#2548=ORIENTED_EDGE('',*,*,#2485,.T.);
#2549=EDGE_LOOP('',(#2544,#2545,#2546,#2547,#2548));
#2550=FACE_BOUND('',#2549,.T.);
#2551=ADVANCED_FACE('',(#2550),#2538,.F.);
#2552=CARTESIAN_POINT('',(87.406446239,775.609247701,20.000000149));
#2553=DIRECTION('',(0.,0.,-1.));
#2554=DIRECTION('',(-1.,0.,0.));
#2555=AXIS2_PLACEMENT_3D('',#2552,#2553,#2554);
#2556=CYLINDRICAL_SURFACE('',#2555,2.40644624);
#2557=ORIENTED_EDGE('',*,*,#1638,.F.);
#2558=ORIENTED_EDGE('',*,*,#1427,.T.);
#2559=ORIENTED_EDGE('',*,*,#2111,.F.);
#2560=CARTESIAN_POINT('',(87.406446239,775.609247701,20.000000149));
#2561=DIRECTION('',(-0.,-0.,1.));
#2562=DIRECTION('',(-1.,0.,0.));
#2563=AXIS2_PLACEMENT_3D('',#2560,#2561,#2562);
#2564=CIRCLE('',#2563,2.40644624);
#2565=EDGE_CURVE('',#1633,#2106,#2564,.T.);
#2566=ORIENTED_EDGE('',*,*,#2565,.F.);
#2567=EDGE_LOOP('',(#2557,#2558,#2559,#2566));
#2568=FACE_BOUND('',#2567,.T.);
#2569=ADVANCED_FACE('',(#2568),#2556,.T.);
#2570=CARTESIAN_POINT('',(85.,773.202801461,20.000000149));
#2571=DIRECTION('',(0.,0.,1.));
#2572=DIRECTION('',(1.,0.,0.));
#2573=AXIS2_PLACEMENT_3D('',#2570,#2571,#2572);
#2574=PLANE('',#2573);
#2575=ORIENTED_EDGE('',*,*,#2444,.T.);
#2576=ORIENTED_EDGE('',*,*,#2451,.T.);
#2577=EDGE_LOOP('',(#2575,#2576));
#2578=FACE_BOUND('',#2577,.T.);
#2579=ORIENTED_EDGE('',*,*,#2402,.T.);
#2580=ORIENTED_EDGE('',*,*,#2409,.T.);
#2581=EDGE_LOOP('',(#2579,#2580));
#2582=FACE_BOUND('',#2581,.T.);
#2583=ORIENTED_EDGE('',*,*,#2133,.T.);
#2584=ORIENTED_EDGE('',*,*,#2156,.T.);
#2585=ORIENTED_EDGE('',*,*,#2277,.T.);
#2586=ORIENTED_EDGE('',*,*,#2173,.T.);
#2587=ORIENTED_EDGE('',*,*,#1646,.T.);
#2588=ORIENTED_EDGE('',*,*,#2565,.T.);
#2589=EDGE_LOOP('',(#2583,#2584,#2585,#2586,#2587,#2588));
#2590=FACE_BOUND('',#2589,.T.);
#2591=ADVANCED_FACE('',(#2578,#2582,#2590),#2574,.T.);
#2592=CARTESIAN_POINT('',(85.,773.202801461,20.000000149));
#2593=DIRECTION('',(0.,0.,1.));
#2594=DIRECTION('',(1.,0.,0.));
#2595=AXIS2_PLACEMENT_3D('',#2592,#2593,#2594);
#2596=PLANE('',#2595);
#2597=ORIENTED_EDGE('',*,*,#2204,.F.);
#2598=ORIENTED_EDGE('',*,*,#2295,.T.);
#2599=ORIENTED_EDGE('',*,*,#2223,.F.);
#2600=ORIENTED_EDGE('',*,*,#2259,.F.);
#2601=ORIENTED_EDGE('',*,*,#2326,.T.);
#2602=ORIENTED_EDGE('',*,*,#1501,.F.);
#2603=ORIENTED_EDGE('',*,*,#1990,.T.);
#2604=ORIENTED_EDGE('',*,*,#1541,.F.);
#2605=ORIENTED_EDGE('',*,*,#1972,.T.);
#2606=ORIENTED_EDGE('',*,*,#1615,.F.);
#2607=EDGE_LOOP('',(#2597,#2598,#2599,#2600,#2601,#2602,#2603,#2604,#2605,#2606));
#2608=FACE_BOUND('',#2607,.T.);
#2609=ADVANCED_FACE('',(#2608),#2596,.T.);
#2610=CLOSED_SHELL('',(#1437,#1511,#1551,#1625,#1714,#1753,#1834,#1888,#1910,#1932,#1945,#1959,#1977,#1995,#2099,#2137,#2161,#2185,#2209,#2240,#2264,#2282,#2300,#2313,#2331,#2343,
#2355,#2367,#2379,#2421,#2463,#2489,#2515,#2533,#2551,#2569,#2591,#2609));
#2611=MANIFOLD_SOLID_BREP('350mm Bucket.002',#2610);
#1361=STYLED_ITEM('',(),#2611);
#2613=CARTESIAN_POINT('',(75.016990617,738.608067,-43.684849166));
#2614=DIRECTION('',(0.,0.,1.));
#2615=DIRECTION('',(0.,-1.,0.));
#2616=AXIS2_PLACEMENT_3D('',#2613,#2614,#2615);
#2617=CYLINDRICAL_SURFACE('',#2616,1.6);
#2618=CARTESIAN_POINT('',(75.016990617,737.008067,22.925764505));
#2619=VERTEX_POINT('',#2618);
#2620=CARTESIAN_POINT('',(75.016990617,737.008067,20.000000149));
#2621=VERTEX_POINT('',#2620);
#2622=CARTESIAN_POINT('',(75.016990617,737.008067,22.925764505));
#2623=DIRECTION('',(-0.,-0.,-1.));
#2624=VECTOR('',#2623,2.925764356);
#2625=LINE('',#2622,#2624);
#2626=EDGE_CURVE('',#2619,#2621,#2625,.T.);
#2627=ORIENTED_EDGE('',*,*,#2626,.F.);
#2628=CARTESIAN_POINT('',(75.609417636,737.121786331,22.925764505));
#2629=VERTEX_POINT('',#2628);
#2630=CARTESIAN_POINT('',(75.016990617,738.608067,22.925764505));
#2631=DIRECTION('',(0.,0.,1.));
#2632=DIRECTION('',(0.370266887,-0.928925418,0.));
#2633=AXIS2_PLACEMENT_3D('',#2630,#2631,#2632);
#2634=CIRCLE('',#2633,1.6);
#2635=EDGE_CURVE('',#2619,#2629,#2634,.T.);
#2636=ORIENTED_EDGE('',*,*,#2635,.T.);
#2637=CARTESIAN_POINT('',(75.016990617,738.608067,22.925764505));
#2638=DIRECTION('',(0.,0.,1.));
#2639=DIRECTION('',(0.370266887,-0.928925418,0.));
#2640=AXIS2_PLACEMENT_3D('',#2637,#2638,#2639);
#2641=CIRCLE('',#2640,1.6);
#2642=EDGE_CURVE('',#2629,#2619,#2641,.T.);
#2643=ORIENTED_EDGE('',*,*,#2642,.T.);
#2644=ORIENTED_EDGE('',*,*,#2626,.T.);
#2645=CARTESIAN_POINT('',(76.616990617,738.608067,20.000000149));
#2646=VERTEX_POINT('',#2645);
#2647=CARTESIAN_POINT('',(75.016990617,738.608067,20.000000149));
#2648=DIRECTION('',(0.,0.,1.));
#2649=DIRECTION('',(1.,0.,-0.));
#2650=AXIS2_PLACEMENT_3D('',#2647,#2648,#2649);
#2651=CIRCLE('',#2650,1.6);
#2652=EDGE_CURVE('',#2646,#2621,#2651,.T.);
#2653=ORIENTED_EDGE('',*,*,#2652,.F.);
#2654=CARTESIAN_POINT('',(75.016990617,738.608067,20.000000149));
#2655=DIRECTION('',(0.,0.,1.));
#2656=DIRECTION('',(1.,0.,-0.));
#2657=AXIS2_PLACEMENT_3D('',#2654,#2655,#2656);
#2658=CIRCLE('',#2657,1.6);
#2659=EDGE_CURVE('',#2621,#2646,#2658,.T.);
#2660=ORIENTED_EDGE('',*,*,#2659,.F.);
#2661=EDGE_LOOP('',(#2627,#2636,#2643,#2644,#2653,#2660));
#2662=FACE_BOUND('',#2661,.T.);
#2663=ADVANCED_FACE('',(#2662),#2617,.F.);
#2664=CARTESIAN_POINT('',(71.424416654,727.76468348,37.607979965));
#2665=DIRECTION('',(0.,0.,1.));
#2666=DIRECTION('',(1.,0.,-0.));
#2667=AXIS2_PLACEMENT_3D('',#2664,#2665,#2666);
#2668=CYLINDRICAL_SURFACE('',#2667,2.43531652);
#2669=CARTESIAN_POINT('',(71.424416654,730.2,25.925764505));
#2670=VERTEX_POINT('',#2669);
#2671=CARTESIAN_POINT('',(71.424416654,730.2,37.469942416));
#2672=VERTEX_POINT('',#2671);
#2673=CARTESIAN_POINT('',(71.424416654,730.2,25.925764505));
#2674=DIRECTION('',(0.,0.,1.));
#2675=VECTOR('',#2674,11.544177911);
#2676=LINE('',#2673,#2675);
#2677=EDGE_CURVE('',#2670,#2672,#2676,.T.);
#2678=ORIENTED_EDGE('',*,*,#2677,.F.);
#2679=CARTESIAN_POINT('',(68.989100133,727.76468348,25.925764505));
#2680=VERTEX_POINT('',#2679);
#2681=CARTESIAN_POINT('',(71.424416654,727.76468348,25.925764505));
#2682=DIRECTION('',(-0.,0.,1.));
#2683=DIRECTION('',(0.,1.,-0.));
#2684=AXIS2_PLACEMENT_3D('',#2681,#2682,#2683);
#2685=CIRCLE('',#2684,2.43531652);
#2686=EDGE_CURVE('',#2670,#2680,#2685,.T.);
#2687=ORIENTED_EDGE('',*,*,#2686,.T.);
#2688=CARTESIAN_POINT('',(68.989100133,727.76468348,37.469942416));
#2689=VERTEX_POINT('',#2688);
#2690=CARTESIAN_POINT('',(68.989100133,727.76468348,37.469942416));
#2691=DIRECTION('',(-0.,-0.,-1.));
#2692=VECTOR('',#2691,11.544177911);
#2693=LINE('',#2690,#2692);
#2694=EDGE_CURVE('',#2689,#2680,#2693,.T.);
#2695=ORIENTED_EDGE('',*,*,#2694,.F.);
#2696=CARTESIAN_POINT('',(71.424416654,727.76468348,37.469942416));
#2697=DIRECTION('',(0.,0.,1.));
#2698=DIRECTION('',(1.,0.,-0.));
#2699=AXIS2_PLACEMENT_3D('',#2696,#2697,#2698);
#2700=CIRCLE('',#2699,2.43531652);
#2701=EDGE_CURVE('',#2672,#2689,#2700,.T.);
#2702=ORIENTED_EDGE('',*,*,#2701,.F.);
#2703=EDGE_LOOP('',(#2678,#2687,#2695,#2702));
#2704=FACE_BOUND('',#2703,.T.);
#2705=ADVANCED_FACE('',(#2704),#2668,.T.);
#2706=CARTESIAN_POINT('',(85.016990617,720.480538712,26.166702096));
#2707=DIRECTION('',(-1.,0.,0.));
#2708=DIRECTION('',(0.,0.,1.));
#2709=AXIS2_PLACEMENT_3D('',#2706,#2707,#2708);
#2710=PLANE('',#2709);
#2711=CARTESIAN_POINT('',(85.016990617,755.406457671,20.000000149));
#2712=VERTEX_POINT('',#2711);
#2713=CARTESIAN_POINT('',(85.016990617,755.406457671,24.845314622));
#2714=VERTEX_POINT('',#2713);
#2715=CARTESIAN_POINT('',(85.016990617,755.406457671,20.000000149));
#2716=DIRECTION('',(-0.,0.,1.));
#2717=VECTOR('',#2716,4.845314473);
#2718=LINE('',#2715,#2717);
#2719=EDGE_CURVE('',#2712,#2714,#2718,.T.);
#2720=ORIENTED_EDGE('',*,*,#2719,.T.);
#2721=CARTESIAN_POINT('',(85.016990617,730.2,24.845314622));
#2722=VERTEX_POINT('',#2721);
#2723=CARTESIAN_POINT('',(85.016990617,755.406457671,24.845314622));
#2724=DIRECTION('',(0.,-1.,0.));
#2725=VECTOR('',#2724,25.206457671);
#2726=LINE('',#2723,#2725);
#2727=EDGE_CURVE('',#2714,#2722,#2726,.T.);
#2728=ORIENTED_EDGE('',*,*,#2727,.T.);
#2729=CARTESIAN_POINT('',(85.016990862,730.2,20.000000149));
#2730=VERTEX_POINT('',#2729);
#2731=CARTESIAN_POINT('',(85.016990617,730.2,24.845314622));
#2732=DIRECTION('',(0.,0.,-1.));
#2733=VECTOR('',#2732,4.845314473);
#2734=LINE('',#2731,#2733);
#2735=EDGE_CURVE('',#2722,#2730,#2734,.T.);
#2736=ORIENTED_EDGE('',*,*,#2735,.T.);
#2737=CARTESIAN_POINT('',(85.016990617,730.2,20.000000149));
#2738=DIRECTION('',(0.,1.,0.));
#2739=VECTOR('',#2738,25.206457671);
#2740=LINE('',#2737,#2739);
#2741=EDGE_CURVE('',#2730,#2712,#2740,.T.);
#2742=ORIENTED_EDGE('',*,*,#2741,.T.);
#2743=EDGE_LOOP('',(#2720,#2728,#2736,#2742));
#2744=FACE_BOUND('',#2743,.T.);
#2745=ADVANCED_FACE('',(#2744),#2710,.F.);
#2746=CARTESIAN_POINT('',(-27.979810052,750.156200135,37.469942416));
#2747=DIRECTION('',(0.,0.,1.));
#2748=DIRECTION('',(1.,0.,0.));
#2749=AXIS2_PLACEMENT_3D('',#2746,#2747,#2748);
#2750=PLANE('',#2749);
#2751=CARTESIAN_POINT('',(76.516990617,722.819787726,37.469942416));
#2752=VERTEX_POINT('',#2751);
#2753=CARTESIAN_POINT('',(73.516990617,722.819787726,37.469942416));
#2754=VERTEX_POINT('',#2753);
#2755=CARTESIAN_POINT('',(75.016990617,722.819787726,37.469942416));
#2756=DIRECTION('',(0.,0.,1.));
#2757=DIRECTION('',(-1.,0.,0.));
#2758=AXIS2_PLACEMENT_3D('',#2755,#2756,#2757);
#2759=CIRCLE('',#2758,1.5);
#2760=EDGE_CURVE('',#2752,#2754,#2759,.T.);
#2761=ORIENTED_EDGE('',*,*,#2760,.F.);
#2762=CARTESIAN_POINT('',(75.016990617,722.819787726,37.469942416));
#2763=DIRECTION('',(0.,0.,1.));
#2764=DIRECTION('',(-1.,0.,0.));
#2765=AXIS2_PLACEMENT_3D('',#2762,#2763,#2764);
#2766=CIRCLE('',#2765,1.5);
#2767=EDGE_CURVE('',#2754,#2752,#2766,.T.);
#2768=ORIENTED_EDGE('',*,*,#2767,.F.);
#2769=EDGE_LOOP('',(#2761,#2768));
#2770=FACE_BOUND('',#2769,.T.);
#2771=CARTESIAN_POINT('',(68.989100133,721.599324481,37.469942416));
#2772=VERTEX_POINT('',#2771);
#2773=CARTESIAN_POINT('',(68.989100133,721.599324481,37.469942416));
#2774=DIRECTION('',(0.,1.,0.));
#2775=VECTOR('',#2774,6.165358999);
#2776=LINE('',#2773,#2775);
#2777=EDGE_CURVE('',#2772,#2689,#2776,.T.);
#2778=ORIENTED_EDGE('',*,*,#2777,.F.);
#2779=CARTESIAN_POINT('',(70.088424614,720.5,37.469942416));
#2780=VERTEX_POINT('',#2779);
#2781=CARTESIAN_POINT('',(70.088424614,721.599324481,37.469942416));
#2782=DIRECTION('',(0.,0.,1.));
#2783=DIRECTION('',(1.,0.,-0.));
#2784=AXIS2_PLACEMENT_3D('',#2781,#2782,#2783);
#2785=CIRCLE('',#2784,1.099324481);
#2786=EDGE_CURVE('',#2772,#2780,#2785,.T.);
#2787=ORIENTED_EDGE('',*,*,#2786,.T.);
#2788=CARTESIAN_POINT('',(85.32139589,720.5,37.469942416));
#2789=VERTEX_POINT('',#2788);
#2790=CARTESIAN_POINT('',(85.32139589,720.5,37.469942416));
#2791=DIRECTION('',(-1.,0.,0.));
#2792=VECTOR('',#2791,15.232971276);
#2793=LINE('',#2790,#2792);
#2794=EDGE_CURVE('',#2789,#2780,#2793,.T.);
#2795=ORIENTED_EDGE('',*,*,#2794,.F.);
#2796=CARTESIAN_POINT('',(85.32139589,730.2,37.469942416));
#2797=VERTEX_POINT('',#2796);
#2798=CARTESIAN_POINT('',(85.32139589,720.5,37.469942416));
#2799=DIRECTION('',(-0.,1.,-0.));
#2800=VECTOR('',#2799,9.7);
#2801=LINE('',#2798,#2800);
#2802=EDGE_CURVE('',#2789,#2797,#2801,.T.);
#2803=ORIENTED_EDGE('',*,*,#2802,.T.);
#2804=CARTESIAN_POINT('',(71.424416654,730.2,37.469942416));
#2805=DIRECTION('',(1.,0.,-0.));
#2806=VECTOR('',#2805,13.896979236);
#2807=LINE('',#2804,#2806);
#2808=EDGE_CURVE('',#2672,#2797,#2807,.T.);
#2809=ORIENTED_EDGE('',*,*,#2808,.F.);
#2810=ORIENTED_EDGE('',*,*,#2701,.T.);
#2811=EDGE_LOOP('',(#2778,#2787,#2795,#2803,#2809,#2810));
#2812=FACE_BOUND('',#2811,.T.);
#2813=ADVANCED_FACE('',(#2770,#2812),#2750,.T.);
#2814=CARTESIAN_POINT('',(104.404596011,725.500102843,38.853084188));
#2815=DIRECTION('',(0.,0.,1.));
#2816=DIRECTION('',(1.,0.,0.));
#2817=AXIS2_PLACEMENT_3D('',#2814,#2815,#2816);
#2818=PLANE('',#2817);
#2819=CARTESIAN_POINT('',(123.758620155,730.2,38.853084188));
#2820=VERTEX_POINT('',#2819);
#2821=CARTESIAN_POINT('',(86.704537662,730.2,38.853084188));
#2822=VERTEX_POINT('',#2821);
#2823=CARTESIAN_POINT('',(123.758620155,730.2,38.853084188));
#2824=DIRECTION('',(-1.,0.,0.));
#2825=VECTOR('',#2824,37.054082493);
#2826=LINE('',#2823,#2825);
#2827=EDGE_CURVE('',#2820,#2822,#2826,.T.);
#2828=ORIENTED_EDGE('',*,*,#2827,.T.);
#2829=CARTESIAN_POINT('',(86.704537662,720.5,38.853084188));
#2830=VERTEX_POINT('',#2829);
#2831=CARTESIAN_POINT('',(86.704537662,730.2,38.853084188));
#2832=DIRECTION('',(-0.,-1.,-0.));
#2833=VECTOR('',#2832,9.7);
#2834=LINE('',#2831,#2833);
#2835=EDGE_CURVE('',#2822,#2830,#2834,.T.);
#2836=ORIENTED_EDGE('',*,*,#2835,.T.);
#2837=CARTESIAN_POINT('',(87.623406786,720.5,38.853084188));
#2838=VERTEX_POINT('',#2837);
#2839=CARTESIAN_POINT('',(86.704537662,720.5,38.853084188));
#2840=DIRECTION('',(1.,0.,-0.));
#2841=VECTOR('',#2840,0.918869124);
#2842=LINE('',#2839,#2841);
#2843=EDGE_CURVE('',#2830,#2838,#2842,.T.);
#2844=ORIENTED_EDGE('',*,*,#2843,.T.);
#2845=CARTESIAN_POINT('',(87.623406786,727.27820379,38.853084188));
#2846=VERTEX_POINT('',#2845);
#2847=CARTESIAN_POINT('',(87.623406786,720.5,38.853084188));
#2848=DIRECTION('',(0.,1.,0.));
#2849=VECTOR('',#2848,6.77820379);
#2850=LINE('',#2847,#2849);
#2851=EDGE_CURVE('',#2838,#2846,#2850,.T.);
#2852=ORIENTED_EDGE('',*,*,#2851,.T.);
#2853=CARTESIAN_POINT('',(89.045202996,728.7,38.853084188));
#2854=VERTEX_POINT('',#2853);
#2855=CARTESIAN_POINT('',(89.045202996,727.27820379,38.853084188));
#2856=DIRECTION('',(-0.,-0.,-1.));
#2857=DIRECTION('',(1.,0.,-0.));
#2858=AXIS2_PLACEMENT_3D('',#2855,#2856,#2857);
#2859=CIRCLE('',#2858,1.42179621);
#2860=EDGE_CURVE('',#2846,#2854,#2859,.T.);
#2861=ORIENTED_EDGE('',*,*,#2860,.T.);
#2862=CARTESIAN_POINT('',(123.401610576,728.7,38.853084188));
#2863=VERTEX_POINT('',#2862);
#2864=CARTESIAN_POINT('',(89.045202996,728.7,38.853084188));
#2865=DIRECTION('',(1.,0.,-0.));
#2866=VECTOR('',#2865,34.35640758);
#2867=LINE('',#2864,#2866);
#2868=EDGE_CURVE('',#2854,#2863,#2867,.T.);
#2869=ORIENTED_EDGE('',*,*,#2868,.T.);
#2870=CARTESIAN_POINT('',(124.823406786,727.27820379,38.853084188));
#2871=VERTEX_POINT('',#2870);
#2872=CARTESIAN_POINT('',(123.401610576,727.27820379,38.853084188));
#2873=DIRECTION('',(-0.,-0.,-1.));
#2874=DIRECTION('',(1.,0.,-0.));
#2875=AXIS2_PLACEMENT_3D('',#2872,#2873,#2874);
#2876=CIRCLE('',#2875,1.42179621);
#2877=EDGE_CURVE('',#2863,#2871,#2876,.T.);
#2878=ORIENTED_EDGE('',*,*,#2877,.T.);
#2879=CARTESIAN_POINT('',(124.823406786,720.5,38.853084188));
#2880=VERTEX_POINT('',#2879);
#2881=CARTESIAN_POINT('',(124.823406786,727.27820379,38.853084188));
#2882=DIRECTION('',(0.,-1.,0.));
#2883=VECTOR('',#2882,6.77820379);
#2884=LINE('',#2881,#2883);
#2885=EDGE_CURVE('',#2871,#2880,#2884,.T.);
#2886=ORIENTED_EDGE('',*,*,#2885,.T.);
#2887=CARTESIAN_POINT('',(126.323406786,720.5,38.853084188));
#2888=VERTEX_POINT('',#2887);
#2889=CARTESIAN_POINT('',(124.823406786,720.5,38.853084188));
#2890=DIRECTION('',(1.,0.,-0.));
#2891=VECTOR('',#2890,1.5);
#2892=LINE('',#2889,#2891);
#2893=EDGE_CURVE('',#2880,#2888,#2892,.T.);
#2894=ORIENTED_EDGE('',*,*,#2893,.T.);
#2895=CARTESIAN_POINT('',(126.323406786,727.635213369,38.853084188));
#2896=VERTEX_POINT('',#2895);
#2897=CARTESIAN_POINT('',(126.323406786,720.5,38.853084188));
#2898=DIRECTION('',(0.,1.,0.));
#2899=VECTOR('',#2898,7.135213369);
#2900=LINE('',#2897,#2899);
#2901=EDGE_CURVE('',#2888,#2896,#2900,.T.);
#2902=ORIENTED_EDGE('',*,*,#2901,.T.);
#2903=CARTESIAN_POINT('',(123.758620155,727.635213369,38.853084188));
#2904=DIRECTION('',(0.,0.,1.));
#2905=DIRECTION('',(1.,0.,-0.));
#2906=AXIS2_PLACEMENT_3D('',#2903,#2904,#2905);
#2907=CIRCLE('',#2906,2.564786631);
#2908=EDGE_CURVE('',#2896,#2820,#2907,.T.);
#2909=ORIENTED_EDGE('',*,*,#2908,.T.);
#2910=EDGE_LOOP('',(#2828,#2836,#2844,#2852,#2861,#2869,#2878,#2886,#2894,#2902,#2909));
#2911=FACE_BOUND('',#2910,.T.);
#2912=ADVANCED_FACE('',(#2911),#2818,.T.);
#2913=CARTESIAN_POINT('',(87.203753682,720.5,33.353980232));
#2914=DIRECTION('',(0.,-1.,0.));
#2915=DIRECTION('',(0.,0.,-1.));
#2916=AXIS2_PLACEMENT_3D('',#2913,#2914,#2915);
#2917=PLANE('',#2916);
#2918=CARTESIAN_POINT('',(70.719375469,720.5,24.101282581));
#2919=VERTEX_POINT('',#2918);
#2920=CARTESIAN_POINT('',(70.719375469,720.5,20.000000149));
#2921=VERTEX_POINT('',#2920);
#2922=CARTESIAN_POINT('',(70.719375469,720.5,24.101282581));
#2923=DIRECTION('',(0.,0.,-1.));
#2924=VECTOR('',#2923,4.101282432);
#2925=LINE('',#2922,#2924);
#2926=EDGE_CURVE('',#2919,#2921,#2925,.T.);
#2927=ORIENTED_EDGE('',*,*,#2926,.F.);
#2928=CARTESIAN_POINT('',(79.314605766,720.5,24.101282581));
#2929=VERTEX_POINT('',#2928);
#2930=CARTESIAN_POINT('',(70.719375469,720.5,24.101282581));
#2931=DIRECTION('',(1.,0.,-0.));
#2932=VECTOR('',#2931,8.595230297);
#2933=LINE('',#2930,#2932);
#2934=EDGE_CURVE('',#2919,#2929,#2933,.T.);
#2935=ORIENTED_EDGE('',*,*,#2934,.T.);
#2936=CARTESIAN_POINT('',(79.314605766,720.5,20.000000149));
#2937=VERTEX_POINT('',#2936);
#2938=CARTESIAN_POINT('',(79.314605766,720.5,20.000000149));
#2939=DIRECTION('',(-0.,-0.,1.));
#2940=VECTOR('',#2939,4.101282432);
#2941=LINE('',#2938,#2940);
#2942=EDGE_CURVE('',#2937,#2929,#2941,.T.);
#2943=ORIENTED_EDGE('',*,*,#2942,.F.);
#2944=CARTESIAN_POINT('',(85.016991106,720.5,20.000000149));
#2945=VERTEX_POINT('',#2944);
#2946=CARTESIAN_POINT('',(85.016991106,720.5,20.000000149));
#2947=DIRECTION('',(-1.,-0.,0.));
#2948=VECTOR('',#2947,5.70238534);
#2949=LINE('',#2946,#2948);
#2950=EDGE_CURVE('',#2945,#2937,#2949,.T.);
#2951=ORIENTED_EDGE('',*,*,#2950,.F.);
#2952=CARTESIAN_POINT('',(126.323406786,720.5,20.000000149));
#2953=VERTEX_POINT('',#2952);
#2954=CARTESIAN_POINT('',(126.323406786,720.5,20.000000149));
#2955=DIRECTION('',(-1.,-0.,-0.));
#2956=VECTOR('',#2955,41.30641568);
#2957=LINE('',#2954,#2956);
#2958=EDGE_CURVE('',#2953,#2945,#2957,.T.);
#2959=ORIENTED_EDGE('',*,*,#2958,.F.);
#2960=CARTESIAN_POINT('',(126.323406786,720.5,38.853084188));
#2961=DIRECTION('',(0.,0.,-1.));
#2962=VECTOR('',#2961,18.853084039);
#2963=LINE('',#2960,#2962);
#2964=EDGE_CURVE('',#2888,#2953,#2963,.T.);
#2965=ORIENTED_EDGE('',*,*,#2964,.F.);
#2966=ORIENTED_EDGE('',*,*,#2893,.F.);
#2967=CARTESIAN_POINT('',(124.823406786,720.5,37.766563178));
#2968=VERTEX_POINT('',#2967);
#2969=CARTESIAN_POINT('',(124.823406786,720.5,37.766563178));
#2970=DIRECTION('',(-0.,-0.,1.));
#2971=VECTOR('',#2970,1.08652101);
#2972=LINE('',#2969,#2971);
#2973=EDGE_CURVE('',#2968,#2880,#2972,.T.);
#2974=ORIENTED_EDGE('',*,*,#2973,.F.);
#2975=CARTESIAN_POINT('',(87.623406786,720.5,37.766563178));
#2976=VERTEX_POINT('',#2975);
#2977=CARTESIAN_POINT('',(124.823406786,720.5,37.766563178));
#2978=DIRECTION('',(-1.,0.,0.));
#2979=VECTOR('',#2978,37.2);
#2980=LINE('',#2977,#2979);
#2981=EDGE_CURVE('',#2968,#2976,#2980,.T.);
#2982=ORIENTED_EDGE('',*,*,#2981,.T.);
#2983=CARTESIAN_POINT('',(87.623406786,720.5,37.766563178));
#2984=DIRECTION('',(-0.,-0.,1.));
#2985=VECTOR('',#2984,1.08652101);
#2986=LINE('',#2983,#2985);
#2987=EDGE_CURVE('',#2976,#2838,#2986,.T.);
#2988=ORIENTED_EDGE('',*,*,#2987,.T.);
#2989=ORIENTED_EDGE('',*,*,#2843,.F.);
#2990=CARTESIAN_POINT('',(86.704537662,720.5,38.853084188));
#2991=DIRECTION('',(-0.707106781,-0.,-0.707106781));
#2992=VECTOR('',#2991,1.956057853);
#2993=LINE('',#2990,#2992);
#2994=EDGE_CURVE('',#2830,#2789,#2993,.T.);
#2995=ORIENTED_EDGE('',*,*,#2994,.T.);
#2996=ORIENTED_EDGE('',*,*,#2794,.T.);
#2997=CARTESIAN_POINT('',(70.088424614,720.5,25.925764505));
#2998=VERTEX_POINT('',#2997);
#2999=CARTESIAN_POINT('',(70.088424614,720.5,37.469942416));
#3000=DIRECTION('',(0.,0.,-1.));
#3001=VECTOR('',#3000,11.544177911);
#3002=LINE('',#2999,#3001);
#3003=EDGE_CURVE('',#2780,#2998,#3002,.T.);
#3004=ORIENTED_EDGE('',*,*,#3003,.T.);
#3005=CARTESIAN_POINT('',(70.088424614,720.5,24.845314622));
#3006=VERTEX_POINT('',#3005);
#3007=CARTESIAN_POINT('',(70.088424614,720.5,25.925764505));
#3008=DIRECTION('',(0.,0.,-1.));
#3009=VECTOR('',#3008,1.080449883);
#3010=LINE('',#3007,#3009);
#3011=EDGE_CURVE('',#2998,#3006,#3010,.T.);
#3012=ORIENTED_EDGE('',*,*,#3011,.T.);
#3013=CARTESIAN_POINT('',(65.649851169,720.5,24.845314622));
#3014=VERTEX_POINT('',#3013);
#3015=CARTESIAN_POINT('',(70.088424614,720.5,24.845314622));
#3016=DIRECTION('',(-1.,0.,-0.));
#3017=VECTOR('',#3016,4.438573445);
#3018=LINE('',#3015,#3017);
#3019=EDGE_CURVE('',#3006,#3014,#3018,.T.);
#3020=ORIENTED_EDGE('',*,*,#3019,.T.);
#3021=CARTESIAN_POINT('',(65.649851169,720.5,20.000000149));
#3022=VERTEX_POINT('',#3021);
#3023=CARTESIAN_POINT('',(65.649851169,720.5,24.845314622));
#3024=DIRECTION('',(0.,0.,-1.));
#3025=VECTOR('',#3024,4.845314473);
#3026=LINE('',#3023,#3025);
#3027=EDGE_CURVE('',#3014,#3022,#3026,.T.);
#3028=ORIENTED_EDGE('',*,*,#3027,.T.);
#3029=CARTESIAN_POINT('',(70.719375469,720.5,20.000000149));
#3030=DIRECTION('',(-1.,-0.,0.));
#3031=VECTOR('',#3030,5.069524299);
#3032=LINE('',#3029,#3031);
#3033=EDGE_CURVE('',#2921,#3022,#3032,.T.);
#3034=ORIENTED_EDGE('',*,*,#3033,.F.);
#3035=EDGE_LOOP('',(#2927,#2935,#2943,#2951,#2959,#2965,#2966,#2974,#2982,#2988,#2989,#2995,#2996,#3004,#3012,#3020,#3028,#3034));
#3036=FACE_BOUND('',#3035,.T.);
#3037=ADVANCED_FACE('',(#3036),#2917,.T.);
#3038=CARTESIAN_POINT('',(84.971161576,730.2,37.607979965));
#3039=DIRECTION('',(0.,1.,0.));
#3040=DIRECTION('',(0.,0.,1.));
#3041=AXIS2_PLACEMENT_3D('',#3038,#3039,#3040);
#3042=PLANE('',#3041);
#3043=ORIENTED_EDGE('',*,*,#2808,.T.);
#3044=CARTESIAN_POINT('',(85.32139589,730.2,37.469942416));
#3045=DIRECTION('',(0.707106781,-0.,0.707106781));
#3046=VECTOR('',#3045,1.956057853);
#3047=LINE('',#3044,#3046);
#3048=EDGE_CURVE('',#2797,#2822,#3047,.T.);
#3049=ORIENTED_EDGE('',*,*,#3048,.T.);
#3050=ORIENTED_EDGE('',*,*,#2827,.F.);
#3051=CARTESIAN_POINT('',(123.758620155,730.2,20.000000149));
#3052=VERTEX_POINT('',#3051);
#3053=CARTESIAN_POINT('',(123.758620155,730.2,38.853084188));
#3054=DIRECTION('',(-0.,-0.,-1.));
#3055=VECTOR('',#3054,18.853084039);
#3056=LINE('',#3053,#3055);
#3057=EDGE_CURVE('',#2820,#3052,#3056,.T.);
#3058=ORIENTED_EDGE('',*,*,#3057,.T.);
#3059=CARTESIAN_POINT('',(85.016990862,730.2,20.000000149));
#3060=DIRECTION('',(1.,0.,-0.));
#3061=VECTOR('',#3060,38.741629294);
#3062=LINE('',#3059,#3061);
#3063=EDGE_CURVE('',#2730,#3052,#3062,.T.);
#3064=ORIENTED_EDGE('',*,*,#3063,.F.);
#3065=ORIENTED_EDGE('',*,*,#2735,.F.);
#3066=CARTESIAN_POINT('',(83.936540735,730.2,25.925764505));
#3067=VERTEX_POINT('',#3066);
#3068=CARTESIAN_POINT('',(83.936540735,730.2,24.845314622));
#3069=DIRECTION('',(-0.,-1.,-0.));
#3070=DIRECTION('',(0.,-0.,1.));
#3071=AXIS2_PLACEMENT_3D('',#3068,#3069,#3070);
#3072=CIRCLE('',#3071,1.080449883);
#3073=EDGE_CURVE('',#2722,#3067,#3072,.T.);
#3074=ORIENTED_EDGE('',*,*,#3073,.T.);
#3075=CARTESIAN_POINT('',(83.936540735,730.2,25.925764505));
#3076=DIRECTION('',(-1.,0.,-0.));
#3077=VECTOR('',#3076,12.512124081);
#3078=LINE('',#3075,#3077);
#3079=EDGE_CURVE('',#3067,#2670,#3078,.T.);
#3080=ORIENTED_EDGE('',*,*,#3079,.T.);
#3081=ORIENTED_EDGE('',*,*,#2677,.T.);
#3082=EDGE_LOOP('',(#3043,#3049,#3050,#3058,#3064,#3065,#3074,#3080,#3081));
#3083=FACE_BOUND('',#3082,.T.);
#3084=ADVANCED_FACE('',(#3083),#3042,.T.);
#3085=CARTESIAN_POINT('',(87.971161576,740.472386704,20.000000149));
#3086=DIRECTION('',(0.,0.,1.));
#3087=DIRECTION('',(1.,0.,0.));
#3088=AXIS2_PLACEMENT_3D('',#3085,#3086,#3087);
#3089=PLANE('',#3088);
#3090=ORIENTED_EDGE('',*,*,#2950,.T.);
#3091=CARTESIAN_POINT('',(76.323958762,722.083693799,20.000000149));
#3092=VERTEX_POINT('',#3091);
#3093=CARTESIAN_POINT('',(75.016990617,716.,20.000000149));
#3094=DIRECTION('',(0.,0.,1.));
#3095=DIRECTION('',(1.,0.,-0.));
#3096=AXIS2_PLACEMENT_3D('',#3093,#3094,#3095);
#3097=CIRCLE('',#3096,6.222499174);
#3098=EDGE_CURVE('',#2937,#3092,#3097,.T.);
#3099=ORIENTED_EDGE('',*,*,#3098,.T.);
#3100=CARTESIAN_POINT('',(76.516990617,722.819787726,20.000000149));
#3101=VERTEX_POINT('',#3100);
#3102=CARTESIAN_POINT('',(75.016990617,722.819787726,20.000000149));
#3103=DIRECTION('',(0.,0.,1.));
#3104=DIRECTION('',(1.,0.,-0.));
#3105=AXIS2_PLACEMENT_3D('',#3102,#3103,#3104);
#3106=CIRCLE('',#3105,1.5);
#3107=EDGE_CURVE('',#3092,#3101,#3106,.T.);
#3108=ORIENTED_EDGE('',*,*,#3107,.T.);
#3109=CARTESIAN_POINT('',(73.710022473,722.083693799,20.000000149));
#3110=VERTEX_POINT('',#3109);
#3111=CARTESIAN_POINT('',(75.016990617,722.819787726,20.000000149));
#3112=DIRECTION('',(0.,0.,1.));
#3113=DIRECTION('',(1.,0.,-0.));
#3114=AXIS2_PLACEMENT_3D('',#3111,#3112,#3113);
#3115=CIRCLE('',#3114,1.5);
#3116=EDGE_CURVE('',#3101,#3110,#3115,.T.);
#3117=ORIENTED_EDGE('',*,*,#3116,.T.);
#3118=CARTESIAN_POINT('',(75.016990617,716.,20.000000149));
#3119=DIRECTION('',(0.,0.,1.));
#3120=DIRECTION('',(1.,0.,-0.));
#3121=AXIS2_PLACEMENT_3D('',#3118,#3119,#3120);
#3122=CIRCLE('',#3121,6.222499174);
#3123=EDGE_CURVE('',#3110,#2921,#3122,.T.);
#3124=ORIENTED_EDGE('',*,*,#3123,.T.);
#3125=ORIENTED_EDGE('',*,*,#3033,.T.);
#3126=CARTESIAN_POINT('',(65.016991106,721.132860063,20.000000149));
#3127=VERTEX_POINT('',#3126);
#3128=CARTESIAN_POINT('',(65.649851169,721.132860063,20.000000149));
#3129=DIRECTION('',(-0.,-0.,-1.));
#3130=DIRECTION('',(1.,0.,-0.));
#3131=AXIS2_PLACEMENT_3D('',#3128,#3129,#3130);
#3132=CIRCLE('',#3131,0.632860063);
#3133=EDGE_CURVE('',#3022,#3127,#3132,.T.);
#3134=ORIENTED_EDGE('',*,*,#3133,.T.);
#3135=CARTESIAN_POINT('',(65.016991106,755.406457671,20.000000149));
#3136=VERTEX_POINT('',#3135);
#3137=CARTESIAN_POINT('',(65.016991106,721.132860063,20.000000149));
#3138=DIRECTION('',(-0.,1.,-0.));
#3139=VECTOR('',#3138,34.273597608);
#3140=LINE('',#3137,#3139);
#3141=EDGE_CURVE('',#3127,#3136,#3140,.T.);
#3142=ORIENTED_EDGE('',*,*,#3141,.T.);
#3143=CARTESIAN_POINT('',(68.110533434,758.499999999,20.000000149));
#3144=VERTEX_POINT('',#3143);
#3145=CARTESIAN_POINT('',(68.110533434,755.406457671,20.000000149));
#3146=DIRECTION('',(-0.,-0.,-1.));
#3147=DIRECTION('',(1.,0.,-0.));
#3148=AXIS2_PLACEMENT_3D('',#3145,#3146,#3147);
#3149=CIRCLE('',#3148,3.093542328);
#3150=EDGE_CURVE('',#3136,#3144,#3149,.T.);
#3151=ORIENTED_EDGE('',*,*,#3150,.T.);
#3152=CARTESIAN_POINT('',(81.92344829,758.499999999,20.000000149));
#3153=VERTEX_POINT('',#3152);
#3154=CARTESIAN_POINT('',(68.110533434,758.499999999,20.000000149));
#3155=DIRECTION('',(1.,0.,0.));
#3156=VECTOR('',#3155,13.812914856);
#3157=LINE('',#3154,#3156);
#3158=EDGE_CURVE('',#3144,#3153,#3157,.T.);
#3159=ORIENTED_EDGE('',*,*,#3158,.T.);
#3160=CARTESIAN_POINT('',(81.92344829,755.406457671,20.000000149));
#3161=DIRECTION('',(-0.,-0.,-1.));
#3162=DIRECTION('',(1.,0.,-0.));
#3163=AXIS2_PLACEMENT_3D('',#3160,#3161,#3162);
#3164=CIRCLE('',#3163,3.093542328);
#3165=EDGE_CURVE('',#3153,#2712,#3164,.T.);
#3166=ORIENTED_EDGE('',*,*,#3165,.T.);
#3167=ORIENTED_EDGE('',*,*,#2741,.F.);
#3168=ORIENTED_EDGE('',*,*,#3063,.T.);
#3169=CARTESIAN_POINT('',(126.323406786,727.635213369,20.000000149));
#3170=VERTEX_POINT('',#3169);
#3171=CARTESIAN_POINT('',(123.758620155,727.635213369,20.000000149));
#3172=DIRECTION('',(-0.,-0.,-1.));
#3173=DIRECTION('',(1.,0.,-0.));
#3174=AXIS2_PLACEMENT_3D('',#3171,#3172,#3173);
#3175=CIRCLE('',#3174,2.564786631);
#3176=EDGE_CURVE('',#3052,#3170,#3175,.T.);
#3177=ORIENTED_EDGE('',*,*,#3176,.T.);
#3178=CARTESIAN_POINT('',(126.323406786,727.635213369,20.000000149));
#3179=DIRECTION('',(0.,-1.,0.));
#3180=VECTOR('',#3179,7.135213369);
#3181=LINE('',#3178,#3180);
#3182=EDGE_CURVE('',#3170,#2953,#3181,.T.);
#3183=ORIENTED_EDGE('',*,*,#3182,.T.);
#3184=ORIENTED_EDGE('',*,*,#2958,.T.);
#3185=EDGE_LOOP('',(#3090,#3099,#3108,#3117,#3124,#3125,#3134,#3142,#3151,#3159,#3166,#3167,#3168,#3177,#3183,#3184));
#3186=FACE_BOUND('',#3185,.T.);
#3187=ORIENTED_EDGE('',*,*,#2652,.T.);
#3188=ORIENTED_EDGE('',*,*,#2659,.T.);
#3189=EDGE_LOOP('',(#3187,#3188));
#3190=FACE_BOUND('',#3189,.T.);
#3191=CARTESIAN_POINT('',(76.616990617,750.477133899,20.000000149));
#3192=VERTEX_POINT('',#3191);
#3193=CARTESIAN_POINT('',(75.016990617,750.477133899,20.000000149));
#3194=DIRECTION('',(0.,0.,1.));
#3195=DIRECTION('',(1.,0.,-0.));
#3196=AXIS2_PLACEMENT_3D('',#3193,#3194,#3195);
#3197=CIRCLE('',#3196,1.6);
#3198=EDGE_CURVE('',#3192,#3192,#3197,.T.);
#3199=ORIENTED_EDGE('',*,*,#3198,.T.);
#3200=EDGE_LOOP('',(#3199));
#3201=FACE_BOUND('',#3200,.T.);
#3202=CARTESIAN_POINT('',(121.710717782,724.954855957,20.000000149));
#3203=VERTEX_POINT('',#3202);
#3204=CARTESIAN_POINT('',(114.265983421,724.954855956,20.000000149));
#3205=VERTEX_POINT('',#3204);
#3206=CARTESIAN_POINT('',(117.988350601,724.954855956,20.000000149));
#3207=DIRECTION('',(-0.,-0.,1.));
#3208=DIRECTION('',(-1.,0.,0.));
#3209=AXIS2_PLACEMENT_3D('',#3206,#3207,#3208);
#3210=CIRCLE('',#3209,3.72236718);
#3211=EDGE_CURVE('',#3203,#3205,#3210,.T.);
#3212=ORIENTED_EDGE('',*,*,#3211,.T.);
#3213=CARTESIAN_POINT('',(117.988350601,724.954855956,20.000000149));
#3214=DIRECTION('',(-0.,-0.,1.));
#3215=DIRECTION('',(-1.,0.,0.));
#3216=AXIS2_PLACEMENT_3D('',#3213,#3214,#3215);
#3217=CIRCLE('',#3216,3.72236718);
#3218=EDGE_CURVE('',#3205,#3203,#3217,.T.);
#3219=ORIENTED_EDGE('',*,*,#3218,.T.);
#3220=EDGE_LOOP('',(#3212,#3219));
#3221=FACE_BOUND('',#3220,.T.);
#3222=CARTESIAN_POINT('',(98.666743679,724.954855957,20.000000149));
#3223=VERTEX_POINT('',#3222);
#3224=CARTESIAN_POINT('',(91.222009318,724.954855956,20.000000149));
#3225=VERTEX_POINT('',#3224);
#3226=CARTESIAN_POINT('',(94.944376498,724.954855956,20.000000149));
#3227=DIRECTION('',(-0.,-0.,1.));
#3228=DIRECTION('',(-1.,0.,0.));
#3229=AXIS2_PLACEMENT_3D('',#3226,#3227,#3228);
#3230=CIRCLE('',#3229,3.72236718);
#3231=EDGE_CURVE('',#3223,#3225,#3230,.T.);
#3232=ORIENTED_EDGE('',*,*,#3231,.T.);
#3233=CARTESIAN_POINT('',(94.944376498,724.954855956,20.000000149));
#3234=DIRECTION('',(-0.,-0.,1.));
#3235=DIRECTION('',(-1.,0.,0.));
#3236=AXIS2_PLACEMENT_3D('',#3233,#3234,#3235);
#3237=CIRCLE('',#3236,3.72236718);
#3238=EDGE_CURVE('',#3225,#3223,#3237,.T.);
#3239=ORIENTED_EDGE('',*,*,#3238,.T.);
#3240=EDGE_LOOP('',(#3232,#3239));
#3241=FACE_BOUND('',#3240,.T.);
#3242=ADVANCED_FACE('',(#3186,#3190,#3201,#3221,#3241),#3089,.F.);
#3243=CARTESIAN_POINT('',(126.323406786,733.482386933,37.607979965));
#3244=DIRECTION('',(1.,0.,0.));
#3245=DIRECTION('',(0.,0.,-1.));
#3246=AXIS2_PLACEMENT_3D('',#3243,#3244,#3245);
#3247=PLANE('',#3246);
#3248=ORIENTED_EDGE('',*,*,#2901,.F.);
#3249=ORIENTED_EDGE('',*,*,#2964,.T.);
#3250=ORIENTED_EDGE('',*,*,#3182,.F.);
#3251=CARTESIAN_POINT('',(126.323406786,727.635213369,20.000000149));
#3252=DIRECTION('',(0.,0.,1.));
#3253=VECTOR('',#3252,18.853084039);
#3254=LINE('',#3251,#3253);
#3255=EDGE_CURVE('',#3170,#2896,#3254,.T.);
#3256=ORIENTED_EDGE('',*,*,#3255,.T.);
#3257=EDGE_LOOP('',(#3248,#3249,#3250,#3256));
#3258=FACE_BOUND('',#3257,.T.);
#3259=ADVANCED_FACE('',(#3258),#3247,.T.);
#3260=CARTESIAN_POINT('',(94.944376498,724.954855956,20.000000149));
#3261=DIRECTION('',(0.,0.,1.));
#3262=DIRECTION('',(1.,0.,-0.));
#3263=AXIS2_PLACEMENT_3D('',#3260,#3261,#3262);
#3264=CYLINDRICAL_SURFACE('',#3263,3.1);
#3265=CARTESIAN_POINT('',(98.044376498,724.954855956,23.161468018));
#3266=VERTEX_POINT('',#3265);
#3267=CARTESIAN_POINT('',(98.044376498,724.954855956,20.62236733));
#3268=VERTEX_POINT('',#3267);
#3269=CARTESIAN_POINT('',(98.044376498,724.954855956,23.161468018));
#3270=DIRECTION('',(-0.,-0.,-1.));
#3271=VECTOR('',#3270,2.539100688);
#3272=LINE('',#3269,#3271);
#3273=EDGE_CURVE('',#3266,#3268,#3272,.T.);
#3274=ORIENTED_EDGE('',*,*,#3273,.F.);
#3275=CARTESIAN_POINT('',(91.844376498,724.954855956,23.161468018));
#3276=VERTEX_POINT('',#3275);
#3277=CARTESIAN_POINT('',(94.944376498,724.954855956,23.161468018));
#3278=DIRECTION('',(-0.,-0.,-1.));
#3279=DIRECTION('',(1.,0.,-0.));
#3280=AXIS2_PLACEMENT_3D('',#3277,#3278,#3279);
#3281=CIRCLE('',#3280,3.1);
#3282=EDGE_CURVE('',#3276,#3266,#3281,.T.);
#3283=ORIENTED_EDGE('',*,*,#3282,.F.);
#3284=CARTESIAN_POINT('',(94.944376498,724.954855956,23.161468018));
#3285=DIRECTION('',(-0.,-0.,-1.));
#3286=DIRECTION('',(1.,0.,-0.));
#3287=AXIS2_PLACEMENT_3D('',#3284,#3285,#3286);
#3288=CIRCLE('',#3287,3.1);
#3289=EDGE_CURVE('',#3266,#3276,#3288,.T.);
#3290=ORIENTED_EDGE('',*,*,#3289,.F.);
#3291=ORIENTED_EDGE('',*,*,#3273,.T.);
#3292=CARTESIAN_POINT('',(91.844376499,724.954855956,20.62236733));
#3293=VERTEX_POINT('',#3292);
#3294=CARTESIAN_POINT('',(94.944376498,724.954855956,20.62236733));
#3295=DIRECTION('',(-0.,-0.,-1.));
#3296=DIRECTION('',(1.,0.,-0.));
#3297=AXIS2_PLACEMENT_3D('',#3294,#3295,#3296);
#3298=CIRCLE('',#3297,3.1);
#3299=EDGE_CURVE('',#3268,#3293,#3298,.T.);
#3300=ORIENTED_EDGE('',*,*,#3299,.T.);
#3301=CARTESIAN_POINT('',(94.944376498,724.954855956,20.62236733));
#3302=DIRECTION('',(-0.,-0.,-1.));
#3303=DIRECTION('',(1.,0.,-0.));
#3304=AXIS2_PLACEMENT_3D('',#3301,#3302,#3303);
#3305=CIRCLE('',#3304,3.1);
#3306=EDGE_CURVE('',#3293,#3268,#3305,.T.);
#3307=ORIENTED_EDGE('',*,*,#3306,.T.);
#3308=EDGE_LOOP('',(#3274,#3283,#3290,#3291,#3300,#3307));
#3309=FACE_BOUND('',#3308,.T.);
#3310=ADVANCED_FACE('',(#3309),#3264,.F.);
#3311=CARTESIAN_POINT('',(94.944376498,724.954855956,23.161468018));
#3312=DIRECTION('',(0.,0.,-1.));
#3313=DIRECTION('',(-1.,0.,0.));
#3314=AXIS2_PLACEMENT_3D('',#3311,#3312,#3313);
#3315=PLANE('',#3314);
#3316=ORIENTED_EDGE('',*,*,#3282,.T.);
#3317=ORIENTED_EDGE('',*,*,#3289,.T.);
#3318=EDGE_LOOP('',(#3316,#3317));
#3319=FACE_BOUND('',#3318,.T.);
#3320=ADVANCED_FACE('',(#3319),#3315,.T.);
#3321=CARTESIAN_POINT('',(117.988350601,724.954855956,20.000000149));
#3322=DIRECTION('',(0.,0.,1.));
#3323=DIRECTION('',(1.,0.,-0.));
#3324=AXIS2_PLACEMENT_3D('',#3321,#3322,#3323);
#3325=CYLINDRICAL_SURFACE('',#3324,3.1);
#3326=CARTESIAN_POINT('',(121.088350601,724.954855956,23.161468018));
#3327=VERTEX_POINT('',#3326);
#3328=CARTESIAN_POINT('',(121.088350601,724.954855956,20.62236733));
#3329=VERTEX_POINT('',#3328);
#3330=CARTESIAN_POINT('',(121.088350601,724.954855956,23.161468018));
#3331=DIRECTION('',(-0.,-0.,-1.));
#3332=VECTOR('',#3331,2.539100688);
#3333=LINE('',#3330,#3332);
#3334=EDGE_CURVE('',#3327,#3329,#3333,.T.);
#3335=ORIENTED_EDGE('',*,*,#3334,.F.);
#3336=CARTESIAN_POINT('',(114.888350601,724.954855956,23.161468018));
#3337=VERTEX_POINT('',#3336);
#3338=CARTESIAN_POINT('',(117.988350601,724.954855956,23.161468018));
#3339=DIRECTION('',(-0.,-0.,-1.));
#3340=DIRECTION('',(1.,0.,-0.));
#3341=AXIS2_PLACEMENT_3D('',#3338,#3339,#3340);
#3342=CIRCLE('',#3341,3.1);
#3343=EDGE_CURVE('',#3337,#3327,#3342,.T.);
#3344=ORIENTED_EDGE('',*,*,#3343,.F.);
#3345=CARTESIAN_POINT('',(117.988350601,724.954855956,23.161468018));
#3346=DIRECTION('',(-0.,-0.,-1.));
#3347=DIRECTION('',(1.,0.,-0.));
#3348=AXIS2_PLACEMENT_3D('',#3345,#3346,#3347);
#3349=CIRCLE('',#3348,3.1);
#3350=EDGE_CURVE('',#3327,#3337,#3349,.T.);
#3351=ORIENTED_EDGE('',*,*,#3350,.F.);
#3352=ORIENTED_EDGE('',*,*,#3334,.T.);
#3353=CARTESIAN_POINT('',(114.888350602,724.954855956,20.62236733));
#3354=VERTEX_POINT('',#3353);
#3355=CARTESIAN_POINT('',(117.988350601,724.954855956,20.62236733));
#3356=DIRECTION('',(-0.,-0.,-1.));
#3357=DIRECTION('',(1.,0.,-0.));
#3358=AXIS2_PLACEMENT_3D('',#3355,#3356,#3357);
#3359=CIRCLE('',#3358,3.1);
#3360=EDGE_CURVE('',#3329,#3354,#3359,.T.);
#3361=ORIENTED_EDGE('',*,*,#3360,.T.);
#3362=CARTESIAN_POINT('',(117.988350601,724.954855956,20.62236733));
#3363=DIRECTION('',(-0.,-0.,-1.));
#3364=DIRECTION('',(1.,0.,-0.));
#3365=AXIS2_PLACEMENT_3D('',#3362,#3363,#3364);
#3366=CIRCLE('',#3365,3.1);
#3367=EDGE_CURVE('',#3354,#3329,#3366,.T.);
#3368=ORIENTED_EDGE('',*,*,#3367,.T.);
#3369=EDGE_LOOP('',(#3335,#3344,#3351,#3352,#3361,#3368));
#3370=FACE_BOUND('',#3369,.T.);
#3371=ADVANCED_FACE('',(#3370),#3325,.F.);
#3372=CARTESIAN_POINT('',(117.988350601,724.954855956,23.161468018));
#3373=DIRECTION('',(0.,0.,-1.));
#3374=DIRECTION('',(-1.,0.,0.));
#3375=AXIS2_PLACEMENT_3D('',#3372,#3373,#3374);
#3376=PLANE('',#3375);
#3377=ORIENTED_EDGE('',*,*,#3343,.T.);
#3378=ORIENTED_EDGE('',*,*,#3350,.T.);
#3379=EDGE_LOOP('',(#3377,#3378));
#3380=FACE_BOUND('',#3379,.T.);
#3381=ADVANCED_FACE('',(#3380),#3376,.T.);
#3382=CARTESIAN_POINT('',(94.944376498,724.954855956,20.527544885));
#3383=DIRECTION('',(0.,0.,-1.));
#3384=DIRECTION('',(-1.,0.,0.));
#3385=AXIS2_PLACEMENT_3D('',#3382,#3383,#3384);
#3386=CONICAL_SURFACE('',#3385,3.194822445,44.999999949);
#3387=CARTESIAN_POINT('',(91.222009318,724.954855956,20.000000149));
#3388=DIRECTION('',(0.707106781,-0.,0.707106782));
#3389=VECTOR('',#3388,0.880160108);
#3390=LINE('',#3387,#3389);
#3391=EDGE_CURVE('',#3225,#3293,#3390,.T.);
#3392=ORIENTED_EDGE('',*,*,#3391,.F.);
#3393=ORIENTED_EDGE('',*,*,#3231,.F.);
#3394=ORIENTED_EDGE('',*,*,#3238,.F.);
#3395=ORIENTED_EDGE('',*,*,#3391,.T.);
#3396=ORIENTED_EDGE('',*,*,#3299,.F.);
#3397=ORIENTED_EDGE('',*,*,#3306,.F.);
#3398=EDGE_LOOP('',(#3392,#3393,#3394,#3395,#3396,#3397));
#3399=FACE_BOUND('',#3398,.T.);
#3400=ADVANCED_FACE('',(#3399),#3386,.F.);
#3401=CARTESIAN_POINT('',(117.988350601,724.954855956,20.527544885));
#3402=DIRECTION('',(0.,0.,-1.));
#3403=DIRECTION('',(-1.,0.,0.));
#3404=AXIS2_PLACEMENT_3D('',#3401,#3402,#3403);
#3405=CONICAL_SURFACE('',#3404,3.194822445,44.999999949);
#3406=CARTESIAN_POINT('',(114.265983421,724.954855956,20.000000149));
#3407=DIRECTION('',(0.707106781,-0.,0.707106782));
#3408=VECTOR('',#3407,0.880160108);
#3409=LINE('',#3406,#3408);
#3410=EDGE_CURVE('',#3205,#3354,#3409,.T.);
#3411=ORIENTED_EDGE('',*,*,#3410,.F.);
#3412=ORIENTED_EDGE('',*,*,#3211,.F.);
#3413=ORIENTED_EDGE('',*,*,#3218,.F.);
#3414=ORIENTED_EDGE('',*,*,#3410,.T.);
#3415=ORIENTED_EDGE('',*,*,#3360,.F.);
#3416=ORIENTED_EDGE('',*,*,#3367,.F.);
#3417=EDGE_LOOP('',(#3411,#3412,#3413,#3414,#3415,#3416));
#3418=FACE_BOUND('',#3417,.T.);
#3419=ADVANCED_FACE('',(#3418),#3405,.F.);
#3420=CARTESIAN_POINT('',(123.758620155,727.635213369,37.607979965));
#3421=DIRECTION('',(0.,0.,1.));
#3422=DIRECTION('',(1.,0.,-0.));
#3423=AXIS2_PLACEMENT_3D('',#3420,#3421,#3422);
#3424=CYLINDRICAL_SURFACE('',#3423,2.564786631);
#3425=ORIENTED_EDGE('',*,*,#2908,.F.);
#3426=ORIENTED_EDGE('',*,*,#3255,.F.);
#3427=ORIENTED_EDGE('',*,*,#3176,.F.);
#3428=ORIENTED_EDGE('',*,*,#3057,.F.);
#3429=EDGE_LOOP('',(#3425,#3426,#3427,#3428));
#3430=FACE_BOUND('',#3429,.T.);
#3431=ADVANCED_FACE('',(#3430),#3424,.T.);
#3432=CARTESIAN_POINT('',(68.989100133,720.480538712,35.923763696));
#3433=DIRECTION('',(-1.,0.,0.));
#3434=DIRECTION('',(0.,0.,1.));
#3435=AXIS2_PLACEMENT_3D('',#3432,#3433,#3434);
#3436=PLANE('',#3435);
#3437=CARTESIAN_POINT('',(68.989100133,721.599324481,25.925764505));
#3438=VERTEX_POINT('',#3437);
#3439=CARTESIAN_POINT('',(68.989100133,721.599324481,25.925764505));
#3440=DIRECTION('',(0.,1.,0.));
#3441=VECTOR('',#3440,6.165358999);
#3442=LINE('',#3439,#3441);
#3443=EDGE_CURVE('',#3438,#2680,#3442,.T.);
#3444=ORIENTED_EDGE('',*,*,#3443,.F.);
#3445=CARTESIAN_POINT('',(68.989100133,721.599324481,25.925764505));
#3446=DIRECTION('',(-0.,-0.,1.));
#3447=VECTOR('',#3446,11.544177911);
#3448=LINE('',#3445,#3447);
#3449=EDGE_CURVE('',#3438,#2772,#3448,.T.);
#3450=ORIENTED_EDGE('',*,*,#3449,.T.);
#3451=ORIENTED_EDGE('',*,*,#2777,.T.);
#3452=ORIENTED_EDGE('',*,*,#2694,.T.);
#3453=EDGE_LOOP('',(#3444,#3450,#3451,#3452));
#3454=FACE_BOUND('',#3453,.T.);
#3455=ADVANCED_FACE('',(#3454),#3436,.T.);
#3456=CARTESIAN_POINT('',(87.623406786,720.5,34.322331971));
#3457=DIRECTION('',(1.,0.,0.));
#3458=DIRECTION('',(0.,0.,-1.));
#3459=AXIS2_PLACEMENT_3D('',#3456,#3457,#3458);
#3460=PLANE('',#3459);
#3461=CARTESIAN_POINT('',(87.623406786,727.27820379,37.766563178));
#3462=VERTEX_POINT('',#3461);
#3463=CARTESIAN_POINT('',(87.623406786,720.5,37.766563178));
#3464=DIRECTION('',(0.,1.,0.));
#3465=VECTOR('',#3464,6.77820379);
#3466=LINE('',#3463,#3465);
#3467=EDGE_CURVE('',#2976,#3462,#3466,.T.);
#3468=ORIENTED_EDGE('',*,*,#3467,.T.);
#3469=CARTESIAN_POINT('',(87.623406786,727.27820379,37.766563178));
#3470=DIRECTION('',(-0.,-0.,1.));
#3471=VECTOR('',#3470,1.08652101);
#3472=LINE('',#3469,#3471);
#3473=EDGE_CURVE('',#3462,#2846,#3472,.T.);
#3474=ORIENTED_EDGE('',*,*,#3473,.T.);
#3475=ORIENTED_EDGE('',*,*,#2851,.F.);
#3476=ORIENTED_EDGE('',*,*,#2987,.F.);
#3477=EDGE_LOOP('',(#3468,#3474,#3475,#3476));
#3478=FACE_BOUND('',#3477,.T.);
#3479=ADVANCED_FACE('',(#3478),#3460,.T.);
#3480=CARTESIAN_POINT('',(124.823406786,728.7,34.322331971));
#3481=DIRECTION('',(-1.,0.,0.));
#3482=DIRECTION('',(0.,0.,1.));
#3483=AXIS2_PLACEMENT_3D('',#3480,#3481,#3482);
#3484=PLANE('',#3483);
#3485=ORIENTED_EDGE('',*,*,#2885,.F.);
#3486=CARTESIAN_POINT('',(124.823406786,727.27820379,37.766563178));
#3487=VERTEX_POINT('',#3486);
#3488=CARTESIAN_POINT('',(124.823406786,727.27820379,38.853084188));
#3489=DIRECTION('',(-0.,-0.,-1.));
#3490=VECTOR('',#3489,1.08652101);
#3491=LINE('',#3488,#3490);
#3492=EDGE_CURVE('',#2871,#3487,#3491,.T.);
#3493=ORIENTED_EDGE('',*,*,#3492,.T.);
#3494=CARTESIAN_POINT('',(124.823406786,727.27820379,37.766563178));
#3495=DIRECTION('',(0.,-1.,0.));
#3496=VECTOR('',#3495,6.77820379);
#3497=LINE('',#3494,#3496);
#3498=EDGE_CURVE('',#3487,#2968,#3497,.T.);
#3499=ORIENTED_EDGE('',*,*,#3498,.T.);
#3500=ORIENTED_EDGE('',*,*,#2973,.T.);
#3501=EDGE_LOOP('',(#3485,#3493,#3499,#3500));
#3502=FACE_BOUND('',#3501,.T.);
#3503=ADVANCED_FACE('',(#3502),#3484,.T.);
#3504=CARTESIAN_POINT('',(87.623406786,728.7,34.322331971));
#3505=DIRECTION('',(0.,-1.,0.));
#3506=DIRECTION('',(0.,0.,-1.));
#3507=AXIS2_PLACEMENT_3D('',#3504,#3505,#3506);
#3508=PLANE('',#3507);
#3509=ORIENTED_EDGE('',*,*,#2868,.F.);
#3510=CARTESIAN_POINT('',(89.045202996,728.7,37.766563178));
#3511=VERTEX_POINT('',#3510);
#3512=CARTESIAN_POINT('',(89.045202996,728.7,38.853084188));
#3513=DIRECTION('',(0.,0.,-1.));
#3514=VECTOR('',#3513,1.08652101);
#3515=LINE('',#3512,#3514);
#3516=EDGE_CURVE('',#2854,#3511,#3515,.T.);
#3517=ORIENTED_EDGE('',*,*,#3516,.T.);
#3518=CARTESIAN_POINT('',(123.401610576,728.7,37.766563178));
#3519=VERTEX_POINT('',#3518);
#3520=CARTESIAN_POINT('',(89.045202996,728.7,37.766563178));
#3521=DIRECTION('',(1.,0.,-0.));
#3522=VECTOR('',#3521,34.35640758);
#3523=LINE('',#3520,#3522);
#3524=EDGE_CURVE('',#3511,#3519,#3523,.T.);
#3525=ORIENTED_EDGE('',*,*,#3524,.T.);
#3526=CARTESIAN_POINT('',(123.401610576,728.7,37.766563178));
#3527=DIRECTION('',(-0.,-0.,1.));
#3528=VECTOR('',#3527,1.08652101);
#3529=LINE('',#3526,#3528);
#3530=EDGE_CURVE('',#3519,#2863,#3529,.T.);
#3531=ORIENTED_EDGE('',*,*,#3530,.T.);
#3532=EDGE_LOOP('',(#3509,#3517,#3525,#3531));
#3533=FACE_BOUND('',#3532,.T.);
#3534=ADVANCED_FACE('',(#3533),#3508,.T.);
#3535=CARTESIAN_POINT('',(104.404596011,725.500102843,37.766563178));
#3536=DIRECTION('',(0.,0.,1.));
#3537=DIRECTION('',(1.,0.,0.));
#3538=AXIS2_PLACEMENT_3D('',#3535,#3536,#3537);
#3539=PLANE('',#3538);
#3540=ORIENTED_EDGE('',*,*,#3524,.F.);
#3541=CARTESIAN_POINT('',(89.045202996,727.27820379,37.766563178));
#3542=DIRECTION('',(0.,0.,1.));
#3543=DIRECTION('',(1.,0.,-0.));
#3544=AXIS2_PLACEMENT_3D('',#3541,#3542,#3543);
#3545=CIRCLE('',#3544,1.42179621);
#3546=EDGE_CURVE('',#3511,#3462,#3545,.T.);
#3547=ORIENTED_EDGE('',*,*,#3546,.T.);
#3548=ORIENTED_EDGE('',*,*,#3467,.F.);
#3549=ORIENTED_EDGE('',*,*,#2981,.F.);
#3550=ORIENTED_EDGE('',*,*,#3498,.F.);
#3551=CARTESIAN_POINT('',(123.401610576,727.27820379,37.766563178));
#3552=DIRECTION('',(0.,0.,1.));
#3553=DIRECTION('',(1.,0.,-0.));
#3554=AXIS2_PLACEMENT_3D('',#3551,#3552,#3553);
#3555=CIRCLE('',#3554,1.42179621);
#3556=EDGE_CURVE('',#3487,#3519,#3555,.T.);
#3557=ORIENTED_EDGE('',*,*,#3556,.T.);
#3558=EDGE_LOOP('',(#3540,#3547,#3548,#3549,#3550,#3557));
#3559=FACE_BOUND('',#3558,.T.);
#3560=ADVANCED_FACE('',(#3559),#3539,.T.);
#3561=CARTESIAN_POINT('',(89.045202996,727.27820379,34.322331971));
#3562=DIRECTION('',(0.,0.,1.));
#3563=DIRECTION('',(1.,0.,-0.));
#3564=AXIS2_PLACEMENT_3D('',#3561,#3562,#3563);
#3565=CYLINDRICAL_SURFACE('',#3564,1.42179621);
#3566=ORIENTED_EDGE('',*,*,#3546,.F.);
#3567=ORIENTED_EDGE('',*,*,#3516,.F.);
#3568=ORIENTED_EDGE('',*,*,#2860,.F.);
#3569=ORIENTED_EDGE('',*,*,#3473,.F.);
#3570=EDGE_LOOP('',(#3566,#3567,#3568,#3569));
#3571=FACE_BOUND('',#3570,.T.);
#3572=ADVANCED_FACE('',(#3571),#3565,.F.);
#3573=CARTESIAN_POINT('',(123.401610576,727.27820379,34.322331971));
#3574=DIRECTION('',(0.,0.,1.));
#3575=DIRECTION('',(1.,0.,-0.));
#3576=AXIS2_PLACEMENT_3D('',#3573,#3574,#3575);
#3577=CYLINDRICAL_SURFACE('',#3576,1.42179621);
#3578=ORIENTED_EDGE('',*,*,#3556,.F.);
#3579=ORIENTED_EDGE('',*,*,#3492,.F.);
#3580=ORIENTED_EDGE('',*,*,#2877,.F.);
#3581=ORIENTED_EDGE('',*,*,#3530,.F.);
#3582=EDGE_LOOP('',(#3578,#3579,#3580,#3581));
#3583=FACE_BOUND('',#3582,.T.);
#3584=ADVANCED_FACE('',(#3583),#3577,.F.);
#3585=CARTESIAN_POINT('',(74.016990617,755.100047274,25.925764505));
#3586=DIRECTION('',(0.,-0.,-1.));
#3587=DIRECTION('',(0.,1.,-0.));
#3588=AXIS2_PLACEMENT_3D('',#3585,#3586,#3587);
#3589=PLANE('',#3588);
#3590=CARTESIAN_POINT('',(77.865934617,738.608067,25.925764505));
#3591=VERTEX_POINT('',#3590);
#3592=CARTESIAN_POINT('',(72.168046617,738.608067,25.925764505));
#3593=VERTEX_POINT('',#3592);
#3594=CARTESIAN_POINT('',(75.016990617,738.608067,25.925764505));
#3595=DIRECTION('',(0.,0.,1.));
#3596=DIRECTION('',(-1.,0.,0.));
#3597=AXIS2_PLACEMENT_3D('',#3594,#3595,#3596);
#3598=CIRCLE('',#3597,2.848944);
#3599=EDGE_CURVE('',#3591,#3593,#3598,.T.);
#3600=ORIENTED_EDGE('',*,*,#3599,.F.);
#3601=CARTESIAN_POINT('',(75.016990617,738.608067,25.925764505));
#3602=DIRECTION('',(0.,0.,1.));
#3603=DIRECTION('',(-1.,0.,0.));
#3604=AXIS2_PLACEMENT_3D('',#3601,#3602,#3603);
#3605=CIRCLE('',#3604,2.848944);
#3606=EDGE_CURVE('',#3593,#3591,#3605,.T.);
#3607=ORIENTED_EDGE('',*,*,#3606,.F.);
#3608=EDGE_LOOP('',(#3600,#3607));
#3609=FACE_BOUND('',#3608,.T.);
#3610=ORIENTED_EDGE('',*,*,#3079,.F.);
#3611=CARTESIAN_POINT('',(83.936540735,755.406457671,25.925764505));
#3612=VERTEX_POINT('',#3611);
#3613=CARTESIAN_POINT('',(83.936540735,730.2,25.925764505));
#3614=DIRECTION('',(-0.,1.,-0.));
#3615=VECTOR('',#3614,25.206457671);
#3616=LINE('',#3613,#3615);
#3617=EDGE_CURVE('',#3067,#3612,#3616,.T.);
#3618=ORIENTED_EDGE('',*,*,#3617,.T.);
#3619=CARTESIAN_POINT('',(81.92344829,757.419550116,25.925764505));
#3620=VERTEX_POINT('',#3619);
#3621=CARTESIAN_POINT('',(81.92344829,755.406457671,25.925764505));
#3622=DIRECTION('',(-0.,0.,1.));
#3623=DIRECTION('',(0.,1.,-0.));
#3624=AXIS2_PLACEMENT_3D('',#3621,#3622,#3623);
#3625=CIRCLE('',#3624,2.013092445);
#3626=EDGE_CURVE('',#3612,#3620,#3625,.T.);
#3627=ORIENTED_EDGE('',*,*,#3626,.T.);
#3628=CARTESIAN_POINT('',(68.110533434,757.419550116,25.925764505));
#3629=VERTEX_POINT('',#3628);
#3630=CARTESIAN_POINT('',(81.92344829,757.419550116,25.925764505));
#3631=DIRECTION('',(-1.,-0.,-0.));
#3632=VECTOR('',#3631,13.812914856);
#3633=LINE('',#3630,#3632);
#3634=EDGE_CURVE('',#3620,#3629,#3633,.T.);
#3635=ORIENTED_EDGE('',*,*,#3634,.T.);
#3636=CARTESIAN_POINT('',(66.097440989,755.406457671,25.925764505));
#3637=VERTEX_POINT('',#3636);
#3638=CARTESIAN_POINT('',(68.110533434,755.406457671,25.925764505));
#3639=DIRECTION('',(-0.,0.,1.));
#3640=DIRECTION('',(0.,1.,-0.));
#3641=AXIS2_PLACEMENT_3D('',#3638,#3639,#3640);
#3642=CIRCLE('',#3641,2.013092445);
#3643=EDGE_CURVE('',#3629,#3637,#3642,.T.);
#3644=ORIENTED_EDGE('',*,*,#3643,.T.);
#3645=CARTESIAN_POINT('',(66.097440989,721.580449883,25.925764505));
#3646=VERTEX_POINT('',#3645);
#3647=CARTESIAN_POINT('',(66.097440989,755.406457671,25.925764505));
#3648=DIRECTION('',(0.,-1.,0.));
#3649=VECTOR('',#3648,33.826007789);
#3650=LINE('',#3647,#3649);
#3651=EDGE_CURVE('',#3637,#3646,#3650,.T.);
#3652=ORIENTED_EDGE('',*,*,#3651,.T.);
#3653=CARTESIAN_POINT('',(68.989262177,721.580449883,25.925764505));
#3654=VERTEX_POINT('',#3653);
#3655=CARTESIAN_POINT('',(66.097440989,721.580449883,25.925764505));
#3656=DIRECTION('',(1.,-0.,0.));
#3657=VECTOR('',#3656,2.891821188);
#3658=LINE('',#3655,#3657);
#3659=EDGE_CURVE('',#3646,#3654,#3658,.T.);
#3660=ORIENTED_EDGE('',*,*,#3659,.T.);
#3661=CARTESIAN_POINT('',(70.088424614,721.599324481,25.925764505));
#3662=DIRECTION('',(0.,-0.,-1.));
#3663=DIRECTION('',(0.,1.,-0.));
#3664=AXIS2_PLACEMENT_3D('',#3661,#3662,#3663);
#3665=CIRCLE('',#3664,1.099324481);
#3666=EDGE_CURVE('',#3654,#3438,#3665,.T.);
#3667=ORIENTED_EDGE('',*,*,#3666,.T.);
#3668=ORIENTED_EDGE('',*,*,#3443,.T.);
#3669=ORIENTED_EDGE('',*,*,#2686,.F.);
#3670=EDGE_LOOP('',(#3610,#3618,#3627,#3635,#3644,#3652,#3660,#3667,#3668,#3669));
#3671=FACE_BOUND('',#3670,.T.);
#3672=CARTESIAN_POINT('',(72.168046617,750.477133899,25.925764505));
#3673=VERTEX_POINT('',#3672);
#3674=CARTESIAN_POINT('',(75.016990617,750.477133899,25.925764505));
#3675=DIRECTION('',(0.,0.,1.));
#3676=DIRECTION('',(-1.,0.,0.));
#3677=AXIS2_PLACEMENT_3D('',#3674,#3675,#3676);
#3678=CIRCLE('',#3677,2.848944);
#3679=EDGE_CURVE('',#3673,#3673,#3678,.T.);
#3680=ORIENTED_EDGE('',*,*,#3679,.F.);
#3681=EDGE_LOOP('',(#3680));
#3682=FACE_BOUND('',#3681,.T.);
#3683=ADVANCED_FACE('',(#3609,#3671,#3682),#3589,.F.);
#3684=CARTESIAN_POINT('',(65.016991106,758.499999999,25.925764505));
#3685=DIRECTION('',(-0.,1.,-0.));
#3686=DIRECTION('',(0.,0.,1.));
#3687=AXIS2_PLACEMENT_3D('',#3684,#3685,#3686);
#3688=PLANE('',#3687);
#3689=CARTESIAN_POINT('',(68.110533434,758.499999999,24.845314622));
#3690=VERTEX_POINT('',#3689);
#3691=CARTESIAN_POINT('',(68.110533434,758.499999999,20.000000149));
#3692=DIRECTION('',(-0.,0.,1.));
#3693=VECTOR('',#3692,4.845314473);
#3694=LINE('',#3691,#3693);
#3695=EDGE_CURVE('',#3144,#3690,#3694,.T.);
#3696=ORIENTED_EDGE('',*,*,#3695,.T.);
#3697=CARTESIAN_POINT('',(81.92344829,758.499999999,24.845314622));
#3698=VERTEX_POINT('',#3697);
#3699=CARTESIAN_POINT('',(68.110533434,758.499999999,24.845314622));
#3700=DIRECTION('',(1.,0.,0.));
#3701=VECTOR('',#3700,13.812914856);
#3702=LINE('',#3699,#3701);
#3703=EDGE_CURVE('',#3690,#3698,#3702,.T.);
#3704=ORIENTED_EDGE('',*,*,#3703,.T.);
#3705=CARTESIAN_POINT('',(81.92344829,758.499999999,24.845314622));
#3706=DIRECTION('',(0.,-0.,-1.));
#3707=VECTOR('',#3706,4.845314473);
#3708=LINE('',#3705,#3707);
#3709=EDGE_CURVE('',#3698,#3153,#3708,.T.);
#3710=ORIENTED_EDGE('',*,*,#3709,.T.);
#3711=ORIENTED_EDGE('',*,*,#3158,.F.);
#3712=EDGE_LOOP('',(#3696,#3704,#3710,#3711));
#3713=FACE_BOUND('',#3712,.T.);
#3714=ADVANCED_FACE('',(#3713),#3688,.T.);
#3715=CARTESIAN_POINT('',(65.016991106,720.5,25.925764505));
#3716=DIRECTION('',(-1.,-0.,-0.));
#3717=DIRECTION('',(-0.,0.,1.));
#3718=AXIS2_PLACEMENT_3D('',#3715,#3716,#3717);
#3719=PLANE('',#3718);
#3720=CARTESIAN_POINT('',(65.016991106,721.132860063,24.845314622));
#3721=VERTEX_POINT('',#3720);
#3722=CARTESIAN_POINT('',(65.016991106,721.132860063,20.000000149));
#3723=DIRECTION('',(-0.,-0.,1.));
#3724=VECTOR('',#3723,4.845314473);
#3725=LINE('',#3722,#3724);
#3726=EDGE_CURVE('',#3127,#3721,#3725,.T.);
#3727=ORIENTED_EDGE('',*,*,#3726,.T.);
#3728=CARTESIAN_POINT('',(65.016991106,755.406457671,24.845314622));
#3729=VERTEX_POINT('',#3728);
#3730=CARTESIAN_POINT('',(65.016991106,721.132860063,24.845314622));
#3731=DIRECTION('',(-0.,1.,-0.));
#3732=VECTOR('',#3731,34.273597608);
#3733=LINE('',#3730,#3732);
#3734=EDGE_CURVE('',#3721,#3729,#3733,.T.);
#3735=ORIENTED_EDGE('',*,*,#3734,.T.);
#3736=CARTESIAN_POINT('',(65.016991106,755.406457671,24.845314622));
#3737=DIRECTION('',(0.,-0.,-1.));
#3738=VECTOR('',#3737,4.845314473);
#3739=LINE('',#3736,#3738);
#3740=EDGE_CURVE('',#3729,#3136,#3739,.T.);
#3741=ORIENTED_EDGE('',*,*,#3740,.T.);
#3742=ORIENTED_EDGE('',*,*,#3141,.F.);
#3743=EDGE_LOOP('',(#3727,#3735,#3741,#3742));
#3744=FACE_BOUND('',#3743,.T.);
#3745=ADVANCED_FACE('',(#3744),#3719,.T.);
#3746=CARTESIAN_POINT('',(75.016990617,750.477133899,35.745176905));
#3747=DIRECTION('',(0.,0.,-1.));
#3748=DIRECTION('',(-1.,0.,0.));
#3749=AXIS2_PLACEMENT_3D('',#3746,#3747,#3748);
#3750=CYLINDRICAL_SURFACE('',#3749,2.848944);
#3751=CARTESIAN_POINT('',(72.168046617,750.477133899,25.521498759));
#3752=VERTEX_POINT('',#3751);
#3753=CARTESIAN_POINT('',(72.168046617,750.477133899,25.521498759));
#3754=DIRECTION('',(-0.,-0.,1.));
#3755=VECTOR('',#3754,0.404265745);
#3756=LINE('',#3753,#3755);
#3757=EDGE_CURVE('',#3752,#3673,#3756,.T.);
#3758=ORIENTED_EDGE('',*,*,#3757,.F.);
#3759=CARTESIAN_POINT('',(72.168046617,750.477133899,22.925764505));
#3760=VERTEX_POINT('',#3759);
#3761=CARTESIAN_POINT('',(72.168046617,750.477133899,22.925764505));
#3762=DIRECTION('',(-0.,-0.,1.));
#3763=VECTOR('',#3762,2.595734255);
#3764=LINE('',#3761,#3763);
#3765=EDGE_CURVE('',#3760,#3752,#3764,.T.);
#3766=ORIENTED_EDGE('',*,*,#3765,.F.);
#3767=CARTESIAN_POINT('',(75.016990617,750.477133899,22.925764505));
#3768=DIRECTION('',(0.,0.,1.));
#3769=DIRECTION('',(-1.,0.,0.));
#3770=AXIS2_PLACEMENT_3D('',#3767,#3768,#3769);
#3771=CIRCLE('',#3770,2.848944);
#3772=EDGE_CURVE('',#3760,#3760,#3771,.T.);
#3773=ORIENTED_EDGE('',*,*,#3772,.F.);
#3774=ORIENTED_EDGE('',*,*,#3765,.T.);
#3775=ORIENTED_EDGE('',*,*,#3757,.T.);
#3776=ORIENTED_EDGE('',*,*,#3679,.T.);
#3777=EDGE_LOOP('',(#3758,#3766,#3773,#3774,#3775,#3776));
#3778=FACE_BOUND('',#3777,.T.);
#3779=ADVANCED_FACE('',(#3778),#3750,.F.);
#3780=CARTESIAN_POINT('',(75.016990617,752.009046412,22.925764505));
#3781=DIRECTION('',(0.,0.,1.));
#3782=DIRECTION('',(1.,0.,0.));
#3783=AXIS2_PLACEMENT_3D('',#3780,#3781,#3782);
#3784=PLANE('',#3783);
#3785=CARTESIAN_POINT('',(76.616990617,750.477133899,22.925764505));
#3786=VERTEX_POINT('',#3785);
#3787=CARTESIAN_POINT('',(75.016990617,748.877133899,22.925764505));
#3788=VERTEX_POINT('',#3787);
#3789=CARTESIAN_POINT('',(75.016990617,750.477133899,22.925764505));
#3790=DIRECTION('',(0.,0.,1.));
#3791=DIRECTION('',(0.,-1.,0.));
#3792=AXIS2_PLACEMENT_3D('',#3789,#3790,#3791);
#3793=CIRCLE('',#3792,1.6);
#3794=EDGE_CURVE('',#3786,#3788,#3793,.T.);
#3795=ORIENTED_EDGE('',*,*,#3794,.F.);
#3796=CARTESIAN_POINT('',(75.016990617,750.477133899,22.925764505));
#3797=DIRECTION('',(0.,0.,1.));
#3798=DIRECTION('',(0.,-1.,0.));
#3799=AXIS2_PLACEMENT_3D('',#3796,#3797,#3798);
#3800=CIRCLE('',#3799,1.6);
#3801=EDGE_CURVE('',#3788,#3786,#3800,.T.);
#3802=ORIENTED_EDGE('',*,*,#3801,.F.);
#3803=EDGE_LOOP('',(#3795,#3802));
#3804=FACE_BOUND('',#3803,.T.);
#3805=ORIENTED_EDGE('',*,*,#3772,.T.);
#3806=EDGE_LOOP('',(#3805));
#3807=FACE_BOUND('',#3806,.T.);
#3808=ADVANCED_FACE('',(#3804,#3807),#3784,.T.);
#3809=CARTESIAN_POINT('',(68.110533434,755.406457671,25.925764505));
#3810=DIRECTION('',(0.,-0.,-1.));
#3811=DIRECTION('',(0.,1.,-0.));
#3812=AXIS2_PLACEMENT_3D('',#3809,#3810,#3811);
#3813=CYLINDRICAL_SURFACE('',#3812,3.093542328);
#3814=ORIENTED_EDGE('',*,*,#3740,.F.);
#3815=CARTESIAN_POINT('',(68.110533434,755.406457671,24.845314622));
#3816=DIRECTION('',(0.,-0.,-1.));
#3817=DIRECTION('',(0.,1.,-0.));
#3818=AXIS2_PLACEMENT_3D('',#3815,#3816,#3817);
#3819=CIRCLE('',#3818,3.093542328);
#3820=EDGE_CURVE('',#3729,#3690,#3819,.T.);
#3821=ORIENTED_EDGE('',*,*,#3820,.T.);
#3822=ORIENTED_EDGE('',*,*,#3695,.F.);
#3823=ORIENTED_EDGE('',*,*,#3150,.F.);
#3824=EDGE_LOOP('',(#3814,#3821,#3822,#3823));
#3825=FACE_BOUND('',#3824,.T.);
#3826=ADVANCED_FACE('',(#3825),#3813,.T.);
#3827=CARTESIAN_POINT('',(81.92344829,755.406457671,25.925764505));
#3828=DIRECTION('',(0.,0.,1.));
#3829=DIRECTION('',(0.,-1.,0.));
#3830=AXIS2_PLACEMENT_3D('',#3827,#3828,#3829);
#3831=CYLINDRICAL_SURFACE('',#3830,3.093542328);
#3832=ORIENTED_EDGE('',*,*,#3709,.F.);
#3833=CARTESIAN_POINT('',(81.92344829,755.406457671,24.845314622));
#3834=DIRECTION('',(0.,-0.,-1.));
#3835=DIRECTION('',(0.,1.,-0.));
#3836=AXIS2_PLACEMENT_3D('',#3833,#3834,#3835);
#3837=CIRCLE('',#3836,3.093542328);
#3838=EDGE_CURVE('',#3698,#2714,#3837,.T.);
#3839=ORIENTED_EDGE('',*,*,#3838,.T.);
#3840=ORIENTED_EDGE('',*,*,#2719,.F.);
#3841=ORIENTED_EDGE('',*,*,#3165,.F.);
#3842=EDGE_LOOP('',(#3832,#3839,#3840,#3841));
#3843=FACE_BOUND('',#3842,.T.);
#3844=ADVANCED_FACE('',(#3843),#3831,.T.);
#3845=CARTESIAN_POINT('',(65.649851169,721.132860063,33.353980232));
#3846=DIRECTION('',(0.,0.,-1.));
#3847=DIRECTION('',(-1.,0.,-0.));
#3848=AXIS2_PLACEMENT_3D('',#3845,#3846,#3847);
#3849=CYLINDRICAL_SURFACE('',#3848,0.632860063);
#3850=ORIENTED_EDGE('',*,*,#3027,.F.);
#3851=CARTESIAN_POINT('',(65.649851169,721.132860063,24.845314622));
#3852=DIRECTION('',(0.,0.,-1.));
#3853=DIRECTION('',(-1.,0.,-0.));
#3854=AXIS2_PLACEMENT_3D('',#3851,#3852,#3853);
#3855=CIRCLE('',#3854,0.632860063);
#3856=EDGE_CURVE('',#3014,#3721,#3855,.T.);
#3857=ORIENTED_EDGE('',*,*,#3856,.T.);
#3858=ORIENTED_EDGE('',*,*,#3726,.F.);
#3859=ORIENTED_EDGE('',*,*,#3133,.F.);
#3860=EDGE_LOOP('',(#3850,#3857,#3858,#3859));
#3861=FACE_BOUND('',#3860,.T.);
#3862=ADVANCED_FACE('',(#3861),#3849,.T.);
#3863=CARTESIAN_POINT('',(83.936540735,720.480538712,24.845314622));
#3864=DIRECTION('',(0.,-1.,0.));
#3865=DIRECTION('',(0.,-0.,-1.));
#3866=AXIS2_PLACEMENT_3D('',#3863,#3864,#3865);
#3867=CYLINDRICAL_SURFACE('',#3866,1.080449883);
#3868=ORIENTED_EDGE('',*,*,#3073,.F.);
#3869=ORIENTED_EDGE('',*,*,#2727,.F.);
#3870=CARTESIAN_POINT('',(83.936540735,755.406457671,24.845314622));
#3871=DIRECTION('',(-0.,1.,-0.));
#3872=DIRECTION('',(0.,0.,1.));
#3873=AXIS2_PLACEMENT_3D('',#3870,#3871,#3872);
#3874=CIRCLE('',#3873,1.080449883);
#3875=EDGE_CURVE('',#3612,#2714,#3874,.T.);
#3876=ORIENTED_EDGE('',*,*,#3875,.F.);
#3877=ORIENTED_EDGE('',*,*,#3617,.F.);
#3878=EDGE_LOOP('',(#3868,#3869,#3876,#3877));
#3879=FACE_BOUND('',#3878,.T.);
#3880=ADVANCED_FACE('',(#3879),#3867,.T.);
#3881=CARTESIAN_POINT('',(81.92344829,755.406457671,24.845314622));
#3882=DIRECTION('',(0.,-0.,-1.));
#3883=DIRECTION('',(0.,1.,-0.));
#3884=AXIS2_PLACEMENT_3D('',#3881,#3882,#3883);
#3885=TOROIDAL_SURFACE('',#3884,2.013092445,1.080449883);
#3886=ORIENTED_EDGE('',*,*,#3875,.T.);
#3887=ORIENTED_EDGE('',*,*,#3838,.F.);
#3888=CARTESIAN_POINT('',(81.92344829,757.419550116,24.845314622));
#3889=DIRECTION('',(-1.,-0.,-0.));
#3890=DIRECTION('',(-0.,0.,1.));
#3891=AXIS2_PLACEMENT_3D('',#3888,#3889,#3890);
#3892=CIRCLE('',#3891,1.080449883);
#3893=EDGE_CURVE('',#3620,#3698,#3892,.T.);
#3894=ORIENTED_EDGE('',*,*,#3893,.F.);
#3895=ORIENTED_EDGE('',*,*,#3626,.F.);
#3896=EDGE_LOOP('',(#3886,#3887,#3894,#3895));
#3897=FACE_BOUND('',#3896,.T.);
#3898=ADVANCED_FACE('',(#3897),#3885,.T.);
#3899=CARTESIAN_POINT('',(87.203753682,721.580449883,24.845314622));
#3900=DIRECTION('',(1.,0.,0.));
#3901=DIRECTION('',(0.,0.,-1.));
#3902=AXIS2_PLACEMENT_3D('',#3899,#3900,#3901);
#3903=CYLINDRICAL_SURFACE('',#3902,1.080449883);
#3904=ORIENTED_EDGE('',*,*,#3019,.F.);
#3905=CARTESIAN_POINT('',(70.088424614,720.5,24.845314622));
#3906=CARTESIAN_POINT('',(69.965231393,720.5,24.967446831));
#3907=CARTESIAN_POINT('',(69.84338762,720.520201724,25.088241038));
#3908=CARTESIAN_POINT('',(69.723922514,720.562187782,25.206582172));
#3909=CARTESIAN_POINT('',(69.604457407,720.604173839,25.324923306));
#3910=CARTESIAN_POINT('',(69.490856934,720.666329047,25.437365444));
#3911=CARTESIAN_POINT('',(69.384800609,720.754678062,25.542073439));
#3912=CARTESIAN_POINT('',(69.278744284,720.843027077,25.646781434));
#3913=CARTESIAN_POINT('',(69.182759769,720.956403119,25.741267298));
#3914=CARTESIAN_POINT('',(69.1104554,721.097238303,25.811688524));
#3915=CARTESIAN_POINT('',(69.074303216,721.167655894,25.846899137));
#3916=CARTESIAN_POINT('',(69.044493758,721.244536688,25.875672775));
#3917=CARTESIAN_POINT('',(69.023502957,721.326457887,25.895486044));
#3918=CARTESIAN_POINT('',(69.002512156,721.408379085,25.915299313));
#3919=CARTESIAN_POINT('',(68.990764828,721.492942982,25.925764505));
#3920=CARTESIAN_POINT('',(68.989262177,721.580449883,25.925764505));
#3921=B_SPLINE_CURVE_WITH_KNOTS('',3,(#3905,#3906,#3907,#3908,#3909,#3910,#3911,#3912,#3913,#3914,#3915,#3916,#3917,#3918,#3919,#3920),.UNSPECIFIED.,.F.,.F.,(4,3,3,3,3,4),(0.,0.000516033,0.001032067,0.0015481,0.001806116,0.002064133),.UNSPECIFIED.);
#3922=EDGE_CURVE('',#3006,#3654,#3921,.T.);
#3923=ORIENTED_EDGE('',*,*,#3922,.T.);
#3924=ORIENTED_EDGE('',*,*,#3659,.F.);
#3925=CARTESIAN_POINT('',(66.097440989,721.580449883,24.845314622));
#3926=DIRECTION('',(-0.923863562,0.382721986,-0.));
#3927=DIRECTION('',(0.382721986,0.923863562,-0.));
#3928=AXIS2_PLACEMENT_3D('',#3925,#3926,#3927);
#3929=ELLIPSE('',#3928,1.169490742,1.080449883);
#3930=EDGE_CURVE('',#3014,#3646,#3929,.T.);
#3931=ORIENTED_EDGE('',*,*,#3930,.F.);
#3932=EDGE_LOOP('',(#3904,#3923,#3924,#3931));
#3933=FACE_BOUND('',#3932,.T.);
#3934=ADVANCED_FACE('',(#3933),#3903,.T.);
#3935=CARTESIAN_POINT('',(65.016991106,757.419550116,24.845314622));
#3936=DIRECTION('',(-1.,-0.,-0.));
#3937=DIRECTION('',(-0.,0.,1.));
#3938=AXIS2_PLACEMENT_3D('',#3935,#3936,#3937);
#3939=CYLINDRICAL_SURFACE('',#3938,1.080449883);
#3940=ORIENTED_EDGE('',*,*,#3893,.T.);
#3941=ORIENTED_EDGE('',*,*,#3703,.F.);
#3942=CARTESIAN_POINT('',(68.110533434,757.419550116,24.845314622));
#3943=DIRECTION('',(-1.,-0.,-0.));
#3944=DIRECTION('',(-0.,0.,1.));
#3945=AXIS2_PLACEMENT_3D('',#3942,#3943,#3944);
#3946=CIRCLE('',#3945,1.080449883);
#3947=EDGE_CURVE('',#3629,#3690,#3946,.T.);
#3948=ORIENTED_EDGE('',*,*,#3947,.F.);
#3949=ORIENTED_EDGE('',*,*,#3634,.F.);
#3950=EDGE_LOOP('',(#3940,#3941,#3948,#3949));
#3951=FACE_BOUND('',#3950,.T.);
#3952=ADVANCED_FACE('',(#3951),#3939,.T.);
#3953=CARTESIAN_POINT('',(66.097440989,721.580449883,25.925764505));
#3954=CARTESIAN_POINT('',(66.097440989,721.580449883,25.925764505));
#3955=CARTESIAN_POINT('',(66.097440989,721.580449883,25.925764505));
#3956=CARTESIAN_POINT('',(66.097440989,721.580449883,25.925764505));
#3957=CARTESIAN_POINT('',(66.097440989,721.580449883,25.925764505));
#3958=CARTESIAN_POINT('',(66.097440989,721.580449883,25.925764505));
#3959=CARTESIAN_POINT('',(66.097440989,721.580449883,25.925764505));
#3960=CARTESIAN_POINT('',(66.097440989,721.580449883,25.925764505));
#3961=CARTESIAN_POINT('',(66.097440989,721.580449883,25.925764505));
#3962=CARTESIAN_POINT('',(66.097440989,721.580449883,25.925764505));
#3963=CARTESIAN_POINT('',(65.95601043,721.521860512,25.925764505));
#3964=CARTESIAN_POINT('',(65.95601043,721.521860512,25.925764505));
#3965=CARTESIAN_POINT('',(65.976720727,721.501150215,25.925764505));
#3966=CARTESIAN_POINT('',(65.976720727,721.501150215,25.925764505));
#3967=CARTESIAN_POINT('',(65.997431024,721.480439918,25.925764505));
#3968=CARTESIAN_POINT('',(65.997431024,721.480439918,25.925764505));
#3969=CARTESIAN_POINT('',(66.018141321,721.459729621,25.925764505));
#3970=CARTESIAN_POINT('',(66.018141321,721.459729621,25.925764505));
#3971=CARTESIAN_POINT('',(66.038851618,721.439019324,25.925764505));
#3972=CARTESIAN_POINT('',(66.038851618,721.439019324,25.925764505));
#3973=CARTESIAN_POINT('',(65.814635518,721.463294194,25.897643286));
#3974=CARTESIAN_POINT('',(65.828393989,721.44947722,25.900563379));
#3975=CARTESIAN_POINT('',(65.842178791,721.435660166,25.902741784));
#3976=CARTESIAN_POINT('',(65.869771498,721.40802762,25.905643104));
#3977=CARTESIAN_POINT('',(65.883579537,721.39421197,25.90636606));
#3978=CARTESIAN_POINT('',(65.911203076,721.366588431,25.90636606));
#3979=CARTESIAN_POINT('',(65.925018726,721.352780392,25.905643104));
#3980=CARTESIAN_POINT('',(65.952651272,721.325187685,25.902741784));
#3981=CARTESIAN_POINT('',(65.966468326,721.311402883,25.900563379));
#3982=CARTESIAN_POINT('',(65.980285301,721.297644412,25.897643286));
#3983=CARTESIAN_POINT('',(65.553305921,721.355035154,25.789397023));
#3984=CARTESIAN_POINT('',(65.575787405,721.32639438,25.801488012));
#3985=CARTESIAN_POINT('',(65.599760059,721.297753935,25.810656515));
#3986=CARTESIAN_POINT('',(65.650010513,721.24126671,25.822908272));
#3987=CARTESIAN_POINT('',(65.676287722,721.213420582,25.825991397));
#3988=CARTESIAN_POINT('',(65.730411688,721.159296616,25.825991397));
#3989=CARTESIAN_POINT('',(65.758257816,721.133019407,25.822908272));
#3990=CARTESIAN_POINT('',(65.814745041,721.082768953,25.810656515));
#3991=CARTESIAN_POINT('',(65.843385486,721.058796299,25.801488012));
#3992=CARTESIAN_POINT('',(65.87202626,721.036314814,25.789397023));
#3993=CARTESIAN_POINT('',(65.433454057,721.305385027,25.709314568));
#3994=CARTESIAN_POINT('',(65.45766515,721.268768169,25.727622997));
#3995=CARTESIAN_POINT('',(65.484850936,721.23215214,25.741609572));
#3996=CARTESIAN_POINT('',(65.543864252,721.160531771,25.760327513));
#3997=CARTESIAN_POINT('',(65.575690044,721.125529102,25.765058469));
#3998=CARTESIAN_POINT('',(65.642520208,721.058698938,25.765058469));
#3999=CARTESIAN_POINT('',(65.677522877,721.026873145,25.760327513));
#4000=CARTESIAN_POINT('',(65.749143246,720.96785983,25.741609572));
#4001=CARTESIAN_POINT('',(65.785759275,720.940674044,25.727622997));
#4002=CARTESIAN_POINT('',(65.822376133,720.916462951,25.709314568));
#4003=CARTESIAN_POINT('',(65.233441043,721.222527145,25.509301554));
#4004=CARTESIAN_POINT('',(65.254322981,721.16895794,25.536086156));
#4005=CARTESIAN_POINT('',(65.282508416,721.115394945,25.556907386));
#4006=CARTESIAN_POINT('',(65.351037454,721.012789219,25.584873186));
#4007=CARTESIAN_POINT('',(65.391372841,720.963758414,25.592014524));
#4008=CARTESIAN_POINT('',(65.480749521,720.874381735,25.592014524));
#4009=CARTESIAN_POINT('',(65.529780325,720.834046348,25.584873186));
#4010=CARTESIAN_POINT('',(65.632386051,720.76551731,25.556907386));
#4011=CARTESIAN_POINT('',(65.685949047,720.737331875,25.536086156));
#4012=CARTESIAN_POINT('',(65.739518251,720.716449937,25.509301554));
#4013=CARTESIAN_POINT('',(65.153358588,721.189351991,25.38944969));
#4014=CARTESIAN_POINT('',(65.169030642,721.126661567,25.418105356));
#4015=CARTESIAN_POINT('',(65.194842125,721.063982929,25.440640546));
#4016=CARTESIAN_POINT('',(65.263899274,720.945318321,25.470982591));
#4017=CARTESIAN_POINT('',(65.307131286,720.889354749,25.478783222));
#4018=CARTESIAN_POINT('',(65.406345855,720.79014018,25.478783222));
#4019=CARTESIAN_POINT('',(65.462309427,720.746908168,25.470982591));
#4020=CARTESIAN_POINT('',(65.580974035,720.677851019,25.440640546));
#4021=CARTESIAN_POINT('',(65.643652674,720.652039536,25.418105356));
#4022=CARTESIAN_POINT('',(65.706343097,720.636367482,25.38944969));
#4023=CARTESIAN_POINT('',(65.045112325,721.144509628,25.128120093));
#4024=CARTESIAN_POINT('',(65.049980925,721.066939689,25.149053954));
#4025=CARTESIAN_POINT('',(65.069656149,720.989395267,25.165759847));
#4026=CARTESIAN_POINT('',(65.135808646,720.845123867,25.188323792));
#4027=CARTESIAN_POINT('',(65.182263614,720.778444422,25.194174001));
#4028=CARTESIAN_POINT('',(65.295435528,720.665272508,25.194174001));
#4029=CARTESIAN_POINT('',(65.362114974,720.61881754,25.188323792));
#4030=CARTESIAN_POINT('',(65.506386374,720.552665043,25.165759847));
#4031=CARTESIAN_POINT('',(65.583930795,720.532989819,25.149053954));
#4032=CARTESIAN_POINT('',(65.661500734,720.528121218,25.128120093));
#4033=CARTESIAN_POINT('',(65.016991106,721.132860063,24.986745181));
#4034=CARTESIAN_POINT('',(65.016991106,721.050018875,24.997589067));
#4035=CARTESIAN_POINT('',(65.03346276,720.967210281,25.006272553));
#4036=CARTESIAN_POINT('',(65.09686666,720.814139723,25.01800989));
#4037=CARTESIAN_POINT('',(65.143773961,720.743937987,25.021059125));
#4038=CARTESIAN_POINT('',(65.260929093,720.626782855,25.021059125));
#4039=CARTESIAN_POINT('',(65.33113083,720.579875554,25.01800989));
#4040=CARTESIAN_POINT('',(65.484201387,720.516471653,25.006272553));
#4041=CARTESIAN_POINT('',(65.567009981,720.5,24.997589067));
#4042=CARTESIAN_POINT('',(65.649851169,720.5,24.986745181));
#4043=CARTESIAN_POINT('',(65.016991106,721.132860063,24.845314622));
#4044=CARTESIAN_POINT('',(65.016991106,721.050018875,24.845314622));
#4045=CARTESIAN_POINT('',(65.03346276,720.967210281,24.845314622));
#4046=CARTESIAN_POINT('',(65.09686666,720.814139723,24.845314622));
#4047=CARTESIAN_POINT('',(65.143773961,720.743937987,24.845314622));
#4048=CARTESIAN_POINT('',(65.260929093,720.626782855,24.845314622));
#4049=CARTESIAN_POINT('',(65.33113083,720.579875554,24.845314622));
#4050=CARTESIAN_POINT('',(65.484201387,720.516471653,24.845314622));
#4051=CARTESIAN_POINT('',(65.567009981,720.5,24.845314622));
#4052=CARTESIAN_POINT('',(65.649851169,720.5,24.845314622));
#4053=B_SPLINE_SURFACE_WITH_KNOTS('',3,3,((#3953,#3954,#3955,#3956,#3957,#3958,#3959,#3960,#3961,#3962),(#3963,#3964,#3965,#3966,#3967,#3968,#3969,#3970,#3971,#3972),(#3973,#3974,#3975,#3976,#3977,#3978,#3979,#3980,#3981,#3982),(#3983,#3984,#3985,#3986,#3987,#3988,#3989,#3990,#3991,#3992),(#3993,#3994,#3995,#3996,#3997,#3998,#3999,#4000,#4001,#4002),(#4003,#4004,#4005,#4006,#4007,#4008,#4009,#4010,#4011,#4012),(#4013,#4014,#4015,#4016,#4017,#4018,#4019,#4020,#4021,#4022),(#4023,#4024,#4025,#4026,#4027,#4028,#4029,#4030,#4031,#4032),(#4033,#4034,#4035,#4036,#4037,#4038,#4039,#4040,#4041,#4042),(#4043,#4044,#4045,#4046,#4047,#4048,#4049,#4050,#4051,#4052)),.UNSPECIFIED.,.F.,.F.,.U.,(4,2,2,2,4),(4,2,2,2,4),(1.570796327,1.963495408,2.35619449,2.748893572,3.141592654),(0.,0.25,0.5,0.75,1.),.UNSPECIFIED.);
#4054=ORIENTED_EDGE('',*,*,#3856,.F.);
#4055=ORIENTED_EDGE('',*,*,#3930,.T.);
#4056=CARTESIAN_POINT('',(66.097440989,721.580449883,24.845314622));
#4057=DIRECTION('',(-0.382721986,0.923863562,-0.));
#4058=DIRECTION('',(0.923863562,0.382721986,0.));
#4059=AXIS2_PLACEMENT_3D('',#4056,#4057,#4058);
#4060=ELLIPSE('',#4059,1.169490742,1.080449883);
#4061=EDGE_CURVE('',#3721,#3646,#4060,.T.);
#4062=ORIENTED_EDGE('',*,*,#4061,.F.);
#4063=EDGE_LOOP('',(#4054,#4055,#4062));
#4064=FACE_BOUND('',#4063,.T.);
#4065=ADVANCED_FACE('',(#4064),#4053,.T.);
#4066=CARTESIAN_POINT('',(68.110533434,755.406457671,24.845314622));
#4067=DIRECTION('',(0.,-0.,-1.));
#4068=DIRECTION('',(0.,1.,-0.));
#4069=AXIS2_PLACEMENT_3D('',#4066,#4067,#4068);
#4070=TOROIDAL_SURFACE('',#4069,2.013092445,1.080449883);
#4071=ORIENTED_EDGE('',*,*,#3947,.T.);
#4072=ORIENTED_EDGE('',*,*,#3820,.F.);
#4073=CARTESIAN_POINT('',(66.097440989,755.406457671,24.845314622));
#4074=DIRECTION('',(-0.,-1.,0.));
#4075=DIRECTION('',(0.,-0.,-1.));
#4076=AXIS2_PLACEMENT_3D('',#4073,#4074,#4075);
#4077=CIRCLE('',#4076,1.080449883);
#4078=EDGE_CURVE('',#3637,#3729,#4077,.T.);
#4079=ORIENTED_EDGE('',*,*,#4078,.F.);
#4080=ORIENTED_EDGE('',*,*,#3643,.F.);
#4081=EDGE_LOOP('',(#4071,#4072,#4079,#4080));
#4082=FACE_BOUND('',#4081,.T.);
#4083=ADVANCED_FACE('',(#4082),#4070,.T.);
#4084=CARTESIAN_POINT('',(66.097440989,720.5,24.845314622));
#4085=DIRECTION('',(0.,-1.,0.));
#4086=DIRECTION('',(0.,-0.,-1.));
#4087=AXIS2_PLACEMENT_3D('',#4084,#4085,#4086);
#4088=CYLINDRICAL_SURFACE('',#4087,1.080449883);
#4089=ORIENTED_EDGE('',*,*,#4061,.T.);
#4090=ORIENTED_EDGE('',*,*,#3651,.F.);
#4091=ORIENTED_EDGE('',*,*,#4078,.T.);
#4092=ORIENTED_EDGE('',*,*,#3734,.F.);
#4093=EDGE_LOOP('',(#4089,#4090,#4091,#4092));
#4094=FACE_BOUND('',#4093,.T.);
#4095=ADVANCED_FACE('',(#4094),#4088,.T.);
#4096=CARTESIAN_POINT('',(85.016990617,720.480538712,37.165537143));
#4097=DIRECTION('',(0.707106781,0.,-0.707106781));
#4098=DIRECTION('',(0.,1.,0.));
#4099=AXIS2_PLACEMENT_3D('',#4096,#4097,#4098);
#4100=PLANE('',#4099);
#4101=ORIENTED_EDGE('',*,*,#2994,.F.);
#4102=ORIENTED_EDGE('',*,*,#2835,.F.);
#4103=ORIENTED_EDGE('',*,*,#3048,.F.);
#4104=ORIENTED_EDGE('',*,*,#2802,.F.);
#4105=EDGE_LOOP('',(#4101,#4102,#4103,#4104));
#4106=FACE_BOUND('',#4105,.T.);
#4107=ADVANCED_FACE('',(#4106),#4100,.F.);
#4108=CARTESIAN_POINT('',(70.088424614,721.599324481,33.353980232));
#4109=DIRECTION('',(0.,0.,-1.));
#4110=DIRECTION('',(-1.,0.,0.));
#4111=AXIS2_PLACEMENT_3D('',#4108,#4109,#4110);
#4112=CYLINDRICAL_SURFACE('',#4111,1.099324481);
#4113=ORIENTED_EDGE('',*,*,#3922,.F.);
#4114=ORIENTED_EDGE('',*,*,#3011,.F.);
#4115=CARTESIAN_POINT('',(70.088424614,721.599324481,25.925764505));
#4116=DIRECTION('',(0.,0.,1.));
#4117=DIRECTION('',(1.,0.,-0.));
#4118=AXIS2_PLACEMENT_3D('',#4115,#4116,#4117);
#4119=CIRCLE('',#4118,1.099324481);
#4120=EDGE_CURVE('',#3654,#2998,#4119,.T.);
#4121=ORIENTED_EDGE('',*,*,#4120,.F.);
#4122=EDGE_LOOP('',(#4113,#4114,#4121));
#4123=FACE_BOUND('',#4122,.T.);
#4124=ADVANCED_FACE('',(#4123),#4112,.T.);
#4125=CARTESIAN_POINT('',(70.088424614,721.599324481,33.353980232));
#4126=DIRECTION('',(0.,0.,-1.));
#4127=DIRECTION('',(-1.,0.,0.));
#4128=AXIS2_PLACEMENT_3D('',#4125,#4126,#4127);
#4129=CYLINDRICAL_SURFACE('',#4128,1.099324481);
#4130=ORIENTED_EDGE('',*,*,#2786,.F.);
#4131=ORIENTED_EDGE('',*,*,#3449,.F.);
#4132=ORIENTED_EDGE('',*,*,#3666,.F.);
#4133=ORIENTED_EDGE('',*,*,#4120,.T.);
#4134=ORIENTED_EDGE('',*,*,#3003,.F.);
#4135=EDGE_LOOP('',(#4130,#4131,#4132,#4133,#4134));
#4136=FACE_BOUND('',#4135,.T.);
#4137=ADVANCED_FACE('',(#4136),#4129,.T.);
#4138=CARTESIAN_POINT('',(75.016990617,750.477133899,-2.478504726));
#4139=DIRECTION('',(0.,0.,1.));
#4140=DIRECTION('',(1.,0.,-0.));
#4141=AXIS2_PLACEMENT_3D('',#4138,#4139,#4140);
#4142=CYLINDRICAL_SURFACE('',#4141,1.6);
#4143=CARTESIAN_POINT('',(76.616990617,750.477133899,22.925764505));
#4144=DIRECTION('',(-0.,-0.,-1.));
#4145=VECTOR('',#4144,2.925764356);
#4146=LINE('',#4143,#4145);
#4147=EDGE_CURVE('',#3786,#3192,#4146,.T.);
#4148=ORIENTED_EDGE('',*,*,#4147,.F.);
#4149=ORIENTED_EDGE('',*,*,#3794,.T.);
#4150=ORIENTED_EDGE('',*,*,#3801,.T.);
#4151=ORIENTED_EDGE('',*,*,#4147,.T.);
#4152=ORIENTED_EDGE('',*,*,#3198,.F.);
#4153=EDGE_LOOP('',(#4148,#4149,#4150,#4151,#4152));
#4154=FACE_BOUND('',#4153,.T.);
#4155=ADVANCED_FACE('',(#4154),#4142,.F.);
#4156=CARTESIAN_POINT('',(75.016990617,738.608067,22.925764505));
#4157=DIRECTION('',(0.,0.,1.));
#4158=DIRECTION('',(1.,0.,-0.));
#4159=AXIS2_PLACEMENT_3D('',#4156,#4157,#4158);
#4160=CYLINDRICAL_SURFACE('',#4159,2.848944);
#4161=CARTESIAN_POINT('',(77.865934617,738.608067,22.925764505));
#4162=VERTEX_POINT('',#4161);
#4163=CARTESIAN_POINT('',(77.865934617,738.608067,25.925764505));
#4164=DIRECTION('',(-0.,-0.,-1.));
#4165=VECTOR('',#4164,3.);
#4166=LINE('',#4163,#4165);
#4167=EDGE_CURVE('',#3591,#4162,#4166,.T.);
#4168=ORIENTED_EDGE('',*,*,#4167,.F.);
#4169=ORIENTED_EDGE('',*,*,#3599,.T.);
#4170=ORIENTED_EDGE('',*,*,#3606,.T.);
#4171=ORIENTED_EDGE('',*,*,#4167,.T.);
#4172=CARTESIAN_POINT('',(72.168046617,738.608067,22.925764505));
#4173=VERTEX_POINT('',#4172);
#4174=CARTESIAN_POINT('',(75.016990617,738.608067,22.925764505));
#4175=DIRECTION('',(0.,0.,1.));
#4176=DIRECTION('',(-1.,0.,0.));
#4177=AXIS2_PLACEMENT_3D('',#4174,#4175,#4176);
#4178=CIRCLE('',#4177,2.848944);
#4179=EDGE_CURVE('',#4173,#4162,#4178,.T.);
#4180=ORIENTED_EDGE('',*,*,#4179,.F.);
#4181=CARTESIAN_POINT('',(75.016990617,738.608067,22.925764505));
#4182=DIRECTION('',(0.,0.,1.));
#4183=DIRECTION('',(-1.,0.,0.));
#4184=AXIS2_PLACEMENT_3D('',#4181,#4182,#4183);
#4185=CIRCLE('',#4184,2.848944);
#4186=EDGE_CURVE('',#4162,#4173,#4185,.T.);
#4187=ORIENTED_EDGE('',*,*,#4186,.F.);
#4188=EDGE_LOOP('',(#4168,#4169,#4170,#4171,#4180,#4187));
#4189=FACE_BOUND('',#4188,.T.);
#4190=ADVANCED_FACE('',(#4189),#4160,.F.);
#4191=CARTESIAN_POINT('',(75.016990617,752.009046412,22.925764505));
#4192=DIRECTION('',(0.,0.,1.));
#4193=DIRECTION('',(1.,0.,0.));
#4194=AXIS2_PLACEMENT_3D('',#4191,#4192,#4193);
#4195=PLANE('',#4194);
#4196=ORIENTED_EDGE('',*,*,#2635,.F.);
#4197=ORIENTED_EDGE('',*,*,#2642,.F.);
#4198=EDGE_LOOP('',(#4196,#4197));
#4199=FACE_BOUND('',#4198,.T.);
#4200=ORIENTED_EDGE('',*,*,#4179,.T.);
#4201=ORIENTED_EDGE('',*,*,#4186,.T.);
#4202=EDGE_LOOP('',(#4200,#4201));
#4203=FACE_BOUND('',#4202,.T.);
#4204=ADVANCED_FACE('',(#4199,#4203),#4195,.T.);
#4205=CARTESIAN_POINT('',(75.016990617,722.819787726,0.037661823));
#4206=DIRECTION('',(0.,0.,1.));
#4207=DIRECTION('',(1.,0.,-0.));
#4208=AXIS2_PLACEMENT_3D('',#4205,#4206,#4207);
#4209=CYLINDRICAL_SURFACE('',#4208,1.5);
#4210=CARTESIAN_POINT('',(76.516990617,722.819787726,37.469942416));
#4211=DIRECTION('',(-0.,-0.,-1.));
#4212=VECTOR('',#4211,17.469942267);
#4213=LINE('',#4210,#4212);
#4214=EDGE_CURVE('',#2752,#3101,#4213,.T.);
#4215=ORIENTED_EDGE('',*,*,#4214,.F.);
#4216=ORIENTED_EDGE('',*,*,#2760,.T.);
#4217=ORIENTED_EDGE('',*,*,#2767,.T.);
#4218=ORIENTED_EDGE('',*,*,#4214,.T.);
#4219=ORIENTED_EDGE('',*,*,#3107,.F.);
#4220=CARTESIAN_POINT('',(76.323958762,722.083693799,24.101282581));
#4221=VERTEX_POINT('',#4220);
#4222=CARTESIAN_POINT('',(76.323958762,722.083693799,20.000000149));
#4223=DIRECTION('',(-0.,-0.,1.));
#4224=VECTOR('',#4223,4.101282432);
#4225=LINE('',#4222,#4224);
#4226=EDGE_CURVE('',#3092,#4221,#4225,.T.);
#4227=ORIENTED_EDGE('',*,*,#4226,.T.);
#4228=CARTESIAN_POINT('',(73.710022473,722.083693799,24.101282581));
#4229=VERTEX_POINT('',#4228);
#4230=CARTESIAN_POINT('',(75.016990617,722.819787726,24.101282581));
#4231=DIRECTION('',(-0.,-0.,1.));
#4232=DIRECTION('',(-1.,0.,0.));
#4233=AXIS2_PLACEMENT_3D('',#4230,#4231,#4232);
#4234=CIRCLE('',#4233,1.5);
#4235=EDGE_CURVE('',#4229,#4221,#4234,.T.);
#4236=ORIENTED_EDGE('',*,*,#4235,.F.);
#4237=CARTESIAN_POINT('',(73.710022473,722.083693799,24.101282581));
#4238=DIRECTION('',(0.,0.,-1.));
#4239=VECTOR('',#4238,4.101282432);
#4240=LINE('',#4237,#4239);
#4241=EDGE_CURVE('',#4229,#3110,#4240,.T.);
#4242=ORIENTED_EDGE('',*,*,#4241,.T.);
#4243=ORIENTED_EDGE('',*,*,#3116,.F.);
#4244=EDGE_LOOP('',(#4215,#4216,#4217,#4218,#4219,#4227,#4236,#4242,#4243));
#4245=FACE_BOUND('',#4244,.T.);
#4246=ADVANCED_FACE('',(#4245),#4209,.F.);
#4247=CARTESIAN_POINT('',(75.016990617,716.,27.42657623));
#4248=DIRECTION('',(0.,0.,-1.));
#4249=DIRECTION('',(-1.,0.,0.));
#4250=AXIS2_PLACEMENT_3D('',#4247,#4248,#4249);
#4251=CYLINDRICAL_SURFACE('',#4250,6.222499174);
#4252=ORIENTED_EDGE('',*,*,#2942,.T.);
#4253=CARTESIAN_POINT('',(75.016990617,716.,24.101282581));
#4254=DIRECTION('',(0.,0.,-1.));
#4255=DIRECTION('',(-1.,0.,0.));
#4256=AXIS2_PLACEMENT_3D('',#4253,#4254,#4255);
#4257=CIRCLE('',#4256,6.222499174);
#4258=EDGE_CURVE('',#4221,#2929,#4257,.T.);
#4259=ORIENTED_EDGE('',*,*,#4258,.F.);
#4260=ORIENTED_EDGE('',*,*,#4226,.F.);
#4261=ORIENTED_EDGE('',*,*,#3098,.F.);
#4262=EDGE_LOOP('',(#4252,#4259,#4260,#4261));
#4263=FACE_BOUND('',#4262,.T.);
#4264=ADVANCED_FACE('',(#4263),#4251,.F.);
#4265=CARTESIAN_POINT('',(75.016990617,717.123121445,24.101282581));
#4266=DIRECTION('',(0.,0.,-1.));
#4267=DIRECTION('',(-1.,0.,0.));
#4268=AXIS2_PLACEMENT_3D('',#4265,#4266,#4267);
#4269=PLANE('',#4268);
#4270=CARTESIAN_POINT('',(75.016990617,716.,24.101282581));
#4271=DIRECTION('',(0.,0.,-1.));
#4272=DIRECTION('',(-1.,0.,0.));
#4273=AXIS2_PLACEMENT_3D('',#4270,#4271,#4272);
#4274=CIRCLE('',#4273,6.222499174);
#4275=EDGE_CURVE('',#2919,#4229,#4274,.T.);
#4276=ORIENTED_EDGE('',*,*,#4275,.T.);
#4277=ORIENTED_EDGE('',*,*,#4235,.T.);
#4278=ORIENTED_EDGE('',*,*,#4258,.T.);
#4279=ORIENTED_EDGE('',*,*,#2934,.F.);
#4280=EDGE_LOOP('',(#4276,#4277,#4278,#4279));
#4281=FACE_BOUND('',#4280,.T.);
#4282=ADVANCED_FACE('',(#4281),#4269,.T.);
#4283=CARTESIAN_POINT('',(75.016990617,716.,27.42657623));
#4284=DIRECTION('',(0.,0.,-1.));
#4285=DIRECTION('',(-1.,0.,0.));
#4286=AXIS2_PLACEMENT_3D('',#4283,#4284,#4285);
#4287=CYLINDRICAL_SURFACE('',#4286,6.222499174);
#4288=ORIENTED_EDGE('',*,*,#2926,.T.);
#4289=ORIENTED_EDGE('',*,*,#3123,.F.);
#4290=ORIENTED_EDGE('',*,*,#4241,.F.);
#4291=ORIENTED_EDGE('',*,*,#4275,.F.);
#4292=EDGE_LOOP('',(#4288,#4289,#4290,#4291));
#4293=FACE_BOUND('',#4292,.T.);
#4294=ADVANCED_FACE('',(#4293),#4287,.F.);
#4295=CLOSED_SHELL('',(#2663,#2705,#2745,#2813,#2912,#3037,#3084,#3242,#3259,#3310,#3320,#3371,#3381,#3400,#3419,#3431,#3455,#3479,#3503,#3534,#3560,#3572,#3584,#3683,#3714,#3745,
#3779,#3808,#3826,#3844,#3862,#3880,#3898,#3934,#3952,#4065,#4083,#4095,#4107,#4124,#4137,#4155,#4190,#4204,#4246,#4264,#4282,#4294));
#4296=MANIFOLD_SOLID_BREP('Decontaminator.004',#4295);
#2612=STYLED_ITEM('',(),#4296);
#4298=CARTESIAN_POINT('',(85.016990619,720.5,14.500000149));
#4299=DIRECTION('',(0.,0.,1.));
#4300=DIRECTION('',(1.,0.,0.));
#4301=AXIS2_PLACEMENT_3D('',#4298,#4299,#4300);
#4302=PLANE('',#4301);
#4303=CARTESIAN_POINT('',(87.423436858,758.5,14.500000149));
#4304=VERTEX_POINT('',#4303);
#4305=CARTESIAN_POINT('',(85.016990619,756.093553761,14.500000149));
#4306=VERTEX_POINT('',#4305);
#4307=CARTESIAN_POINT('',(87.423436858,756.093553761,14.500000149));
#4308=DIRECTION('',(0.,0.,1.));
#4309=DIRECTION('',(1.,0.,-0.));
#4310=AXIS2_PLACEMENT_3D('',#4307,#4308,#4309);
#4311=CIRCLE('',#4310,2.40644624);
#4312=EDGE_CURVE('',#4304,#4306,#4311,.T.);
#4313=ORIENTED_EDGE('',*,*,#4312,.F.);
#4314=CARTESIAN_POINT('',(147.59355376,758.5,14.500000149));
#4315=VERTEX_POINT('',#4314);
#4316=CARTESIAN_POINT('',(147.59355376,758.5,14.500000149));
#4317=DIRECTION('',(-1.,0.,0.));
#4318=VECTOR('',#4317,60.170116902);
#4319=LINE('',#4316,#4318);
#4320=EDGE_CURVE('',#4315,#4304,#4319,.T.);
#4321=ORIENTED_EDGE('',*,*,#4320,.F.);
#4322=CARTESIAN_POINT('',(150.,756.093553761,14.500000149));
#4323=VERTEX_POINT('',#4322);
#4324=CARTESIAN_POINT('',(147.59355376,756.093553761,14.500000149));
#4325=DIRECTION('',(0.,0.,1.));
#4326=DIRECTION('',(1.,0.,-0.));
#4327=AXIS2_PLACEMENT_3D('',#4324,#4325,#4326);
#4328=CIRCLE('',#4327,2.40644624);
#4329=EDGE_CURVE('',#4323,#4315,#4328,.T.);
#4330=ORIENTED_EDGE('',*,*,#4329,.F.);
#4331=CARTESIAN_POINT('',(150.,722.90644624,14.500000149));
#4332=VERTEX_POINT('',#4331);
#4333=CARTESIAN_POINT('',(150.,756.093553761,14.500000149));
#4334=DIRECTION('',(0.,-1.,0.));
#4335=VECTOR('',#4334,33.187107521);
#4336=LINE('',#4333,#4335);
#4337=EDGE_CURVE('',#4323,#4332,#4336,.T.);
#4338=ORIENTED_EDGE('',*,*,#4337,.T.);
#4339=CARTESIAN_POINT('',(147.59355376,720.5,14.500000149));
#4340=VERTEX_POINT('',#4339);
#4341=CARTESIAN_POINT('',(147.59355376,722.90644624,14.500000149));
#4342=DIRECTION('',(0.,0.,1.));
#4343=DIRECTION('',(1.,0.,-0.));
#4344=AXIS2_PLACEMENT_3D('',#4341,#4342,#4343);
#4345=CIRCLE('',#4344,2.40644624);
#4346=EDGE_CURVE('',#4340,#4332,#4345,.T.);
#4347=ORIENTED_EDGE('',*,*,#4346,.F.);
#4348=CARTESIAN_POINT('',(87.423436858,720.5,14.500000149));
#4349=VERTEX_POINT('',#4348);
#4350=CARTESIAN_POINT('',(87.423436858,720.5,14.500000149));
#4351=DIRECTION('',(1.,0.,-0.));
#4352=VECTOR('',#4351,60.170116902);
#4353=LINE('',#4350,#4352);
#4354=EDGE_CURVE('',#4349,#4340,#4353,.T.);
#4355=ORIENTED_EDGE('',*,*,#4354,.F.);
#4356=CARTESIAN_POINT('',(85.016990618,722.90644624,14.500000149));
#4357=VERTEX_POINT('',#4356);
#4358=CARTESIAN_POINT('',(87.423436858,722.90644624,14.500000149));
#4359=DIRECTION('',(0.,0.,1.));
#4360=DIRECTION('',(1.,0.,-0.));
#4361=AXIS2_PLACEMENT_3D('',#4358,#4359,#4360);
#4362=CIRCLE('',#4361,2.40644624);
#4363=EDGE_CURVE('',#4357,#4349,#4362,.T.);
#4364=ORIENTED_EDGE('',*,*,#4363,.F.);
#4365=CARTESIAN_POINT('',(85.016990619,722.90644624,14.500000149));
#4366=DIRECTION('',(0.,1.,0.));
#4367=VECTOR('',#4366,33.187107521);
#4368=LINE('',#4365,#4367);
#4369=EDGE_CURVE('',#4357,#4306,#4368,.T.);
#4370=ORIENTED_EDGE('',*,*,#4369,.T.);
#4371=EDGE_LOOP('',(#4313,#4321,#4330,#4338,#4347,#4355,#4364,#4370));
#4372=FACE_BOUND('',#4371,.T.);
#4373=ADVANCED_FACE('',(#4372),#4302,.F.);
#4374=CARTESIAN_POINT('',(148.,756.5,60.285313421));
#4375=DIRECTION('',(1.,0.,0.));
#4376=DIRECTION('',(0.,0.,-1.));
#4377=AXIS2_PLACEMENT_3D('',#4374,#4375,#4376);
#4378=PLANE('',#4377);
#4379=CARTESIAN_POINT('',(148.,734.233943346,38.853084188));
#4380=VERTEX_POINT('',#4379);
#4381=CARTESIAN_POINT('',(148.,723.950620874,38.853084188));
#4382=VERTEX_POINT('',#4381);
#4383=CARTESIAN_POINT('',(148.,734.233943346,38.853084188));
#4384=DIRECTION('',(0.,-1.,0.));
#4385=VECTOR('',#4384,10.283322472);
#4386=LINE('',#4383,#4385);
#4387=EDGE_CURVE('',#4380,#4382,#4386,.T.);
#4388=ORIENTED_EDGE('',*,*,#4387,.F.);
#4389=CARTESIAN_POINT('',(148.,735.782072073,39.494312691));
#4390=VERTEX_POINT('',#4389);
#4391=CARTESIAN_POINT('',(148.,734.234009525,41.042375239));
#4392=DIRECTION('',(1.,0.,0.));
#4393=DIRECTION('',(0.,0.,-1.));
#4394=AXIS2_PLACEMENT_3D('',#4391,#4392,#4393);
#4395=CIRCLE('',#4394,2.189291052);
#4396=EDGE_CURVE('',#4380,#4390,#4395,.T.);
#4397=ORIENTED_EDGE('',*,*,#4396,.T.);
#4398=CARTESIAN_POINT('',(148.,736.761513782,40.4737544));
#4399=VERTEX_POINT('',#4398);
#4400=CARTESIAN_POINT('',(148.,735.782072073,39.494312691));
#4401=DIRECTION('',(0.,0.707106781,0.707106781));
#4402=VECTOR('',#4401,1.385139749);
#4403=LINE('',#4400,#4402);
#4404=EDGE_CURVE('',#4390,#4399,#4403,.T.);
#4405=ORIENTED_EDGE('',*,*,#4404,.T.);
#4406=CARTESIAN_POINT('',(148.,738.976115401,41.391072426));
#4407=VERTEX_POINT('',#4406);
#4408=CARTESIAN_POINT('',(148.,738.976115401,38.259152781));
#4409=DIRECTION('',(-1.,-0.,-0.));
#4410=DIRECTION('',(0.,0.,-1.));
#4411=AXIS2_PLACEMENT_3D('',#4408,#4409,#4410);
#4412=CIRCLE('',#4411,3.131919644);
#4413=EDGE_CURVE('',#4399,#4407,#4412,.T.);
#4414=ORIENTED_EDGE('',*,*,#4413,.T.);
#4415=CARTESIAN_POINT('',(148.,755.049379126,41.391072426));
#4416=VERTEX_POINT('',#4415);
#4417=CARTESIAN_POINT('',(148.,755.049379126,41.391072426));
#4418=DIRECTION('',(0.,-1.,0.));
#4419=VECTOR('',#4418,16.073263724);
#4420=LINE('',#4417,#4419);
#4421=EDGE_CURVE('',#4416,#4407,#4420,.T.);
#4422=ORIENTED_EDGE('',*,*,#4421,.F.);
#4423=CARTESIAN_POINT('',(148.,755.048039975,20.000000149));
#4424=VERTEX_POINT('',#4423);
#4425=CARTESIAN_POINT('',(148.,755.049379126,41.391072426));
#4426=DIRECTION('',(0.,0.,-1.));
#4427=VECTOR('',#4426,21.391072277);
#4428=LINE('',#4425,#4427);
#4429=EDGE_CURVE('',#4416,#4424,#4428,.T.);
#4430=ORIENTED_EDGE('',*,*,#4429,.T.);
#4431=CARTESIAN_POINT('',(148.,723.950620874,20.000000149));
#4432=VERTEX_POINT('',#4431);
#4433=CARTESIAN_POINT('',(148.,755.048039975,20.000000149));
#4434=DIRECTION('',(0.,-1.,0.));
#4435=VECTOR('',#4434,31.097419102);
#4436=LINE('',#4433,#4435);
#4437=EDGE_CURVE('',#4424,#4432,#4436,.T.);
#4438=ORIENTED_EDGE('',*,*,#4437,.T.);
#4439=CARTESIAN_POINT('',(148.,723.950620874,20.000000149));
#4440=DIRECTION('',(-0.,-0.,1.));
#4441=VECTOR('',#4440,18.853084039);
#4442=LINE('',#4439,#4441);
#4443=EDGE_CURVE('',#4432,#4382,#4442,.T.);
#4444=ORIENTED_EDGE('',*,*,#4443,.T.);
#4445=EDGE_LOOP('',(#4388,#4397,#4405,#4414,#4422,#4430,#4438,#4444));
#4446=FACE_BOUND('',#4445,.T.);
#4447=ADVANCED_FACE('',(#4446),#4378,.F.);
#4448=CARTESIAN_POINT('',(87.016990619,756.5,60.285313421));
#4449=DIRECTION('',(0.,1.,0.));
#4450=DIRECTION('',(0.,0.,1.));
#4451=AXIS2_PLACEMENT_3D('',#4448,#4449,#4450);
#4452=PLANE('',#4451);
#4453=CARTESIAN_POINT('',(88.467611492,756.5,41.391072426));
#4454=VERTEX_POINT('',#4453);
#4455=CARTESIAN_POINT('',(146.549379126,756.5,41.391072426));
#4456=VERTEX_POINT('',#4455);
#4457=CARTESIAN_POINT('',(88.467611492,756.5,41.391072426));
#4458=DIRECTION('',(1.,0.,-0.));
#4459=VECTOR('',#4458,58.081767634);
#4460=LINE('',#4457,#4459);
#4461=EDGE_CURVE('',#4454,#4456,#4460,.T.);
#4462=ORIENTED_EDGE('',*,*,#4461,.F.);
#4463=CARTESIAN_POINT('',(88.467611492,756.5,20.000000149));
#4464=VERTEX_POINT('',#4463);
#4465=CARTESIAN_POINT('',(88.467611492,756.5,41.391072426));
#4466=DIRECTION('',(-0.,0.,-1.));
#4467=VECTOR('',#4466,21.391072277);
#4468=LINE('',#4465,#4467);
#4469=EDGE_CURVE('',#4454,#4464,#4468,.T.);
#4470=ORIENTED_EDGE('',*,*,#4469,.T.);
#4471=CARTESIAN_POINT('',(146.549379126,756.5,20.000000149));
#4472=VERTEX_POINT('',#4471);
#4473=CARTESIAN_POINT('',(88.467611492,756.5,20.000000149));
#4474=DIRECTION('',(1.,0.,-0.));
#4475=VECTOR('',#4474,58.081767634);
#4476=LINE('',#4473,#4475);
#4477=EDGE_CURVE('',#4464,#4472,#4476,.T.);
#4478=ORIENTED_EDGE('',*,*,#4477,.T.);
#4479=CARTESIAN_POINT('',(146.549379126,756.5,20.000000149));
#4480=DIRECTION('',(-0.,-0.,1.));
#4481=VECTOR('',#4480,21.391072277);
#4482=LINE('',#4479,#4481);
#4483=EDGE_CURVE('',#4472,#4456,#4482,.T.);
#4484=ORIENTED_EDGE('',*,*,#4483,.T.);
#4485=EDGE_LOOP('',(#4462,#4470,#4478,#4484));
#4486=FACE_BOUND('',#4485,.T.);
#4487=ADVANCED_FACE('',(#4486),#4452,.F.);
#4488=CARTESIAN_POINT('',(87.016990619,745.991193467,60.285313421));
#4489=DIRECTION('',(-1.,0.,0.));
#4490=DIRECTION('',(0.,0.,1.));
#4491=AXIS2_PLACEMENT_3D('',#4488,#4489,#4490);
#4492=PLANE('',#4491);
#4493=CARTESIAN_POINT('',(87.016990619,746.448655292,41.391072426));
#4494=VERTEX_POINT('',#4493);
#4495=CARTESIAN_POINT('',(87.016990619,755.049379126,41.391072426));
#4496=VERTEX_POINT('',#4495);
#4497=CARTESIAN_POINT('',(87.016990619,746.448655292,41.391072426));
#4498=DIRECTION('',(0.,1.,0.));
#4499=VECTOR('',#4498,8.600723833);
#4500=LINE('',#4497,#4499);
#4501=EDGE_CURVE('',#4494,#4496,#4500,.T.);
#4502=ORIENTED_EDGE('',*,*,#4501,.F.);
#4503=CARTESIAN_POINT('',(87.016990619,744.234053674,40.4737544));
#4504=VERTEX_POINT('',#4503);
#4505=CARTESIAN_POINT('',(87.016990619,746.448655292,38.259152781));
#4506=DIRECTION('',(1.,-0.,-0.));
#4507=DIRECTION('',(0.,0.,1.));
#4508=AXIS2_PLACEMENT_3D('',#4505,#4506,#4507);
#4509=CIRCLE('',#4508,3.131919644);
#4510=EDGE_CURVE('',#4494,#4504,#4509,.T.);
#4511=ORIENTED_EDGE('',*,*,#4510,.T.);
#4512=CARTESIAN_POINT('',(87.016990619,743.254611964,39.49431269));
#4513=VERTEX_POINT('',#4512);
#4514=CARTESIAN_POINT('',(87.016990619,744.234053673,40.4737544));
#4515=DIRECTION('',(0.,-0.707106781,-0.707106781));
#4516=VECTOR('',#4515,1.385139749);
#4517=LINE('',#4514,#4516);
#4518=EDGE_CURVE('',#4504,#4513,#4517,.T.);
#4519=ORIENTED_EDGE('',*,*,#4518,.T.);
#4520=CARTESIAN_POINT('',(87.016990619,741.706483237,38.853084188));
#4521=VERTEX_POINT('',#4520);
#4522=CARTESIAN_POINT('',(87.016990619,741.706549416,41.042375239));
#4523=DIRECTION('',(-1.,0.,0.));
#4524=DIRECTION('',(0.,0.,1.));
#4525=AXIS2_PLACEMENT_3D('',#4522,#4523,#4524);
#4526=CIRCLE('',#4525,2.189291052);
#4527=EDGE_CURVE('',#4513,#4521,#4526,.T.);
#4528=ORIENTED_EDGE('',*,*,#4527,.T.);
#4529=CARTESIAN_POINT('',(87.016990619,732.200000001,38.853084188));
#4530=VERTEX_POINT('',#4529);
#4531=CARTESIAN_POINT('',(87.016990619,732.200000001,38.853084188));
#4532=DIRECTION('',(0.,1.,0.));
#4533=VECTOR('',#4532,9.506483236);
#4534=LINE('',#4531,#4533);
#4535=EDGE_CURVE('',#4530,#4521,#4534,.T.);
#4536=ORIENTED_EDGE('',*,*,#4535,.F.);
#4537=CARTESIAN_POINT('',(87.016990619,732.200000001,20.000000149));
#4538=VERTEX_POINT('',#4537);
#4539=CARTESIAN_POINT('',(87.016990619,732.200000001,38.853084188));
#4540=DIRECTION('',(0.,0.,-1.));
#4541=VECTOR('',#4540,18.853084039);
#4542=LINE('',#4539,#4541);
#4543=EDGE_CURVE('',#4530,#4538,#4542,.T.);
#4544=ORIENTED_EDGE('',*,*,#4543,.T.);
#4545=CARTESIAN_POINT('',(87.016990619,755.049379126,20.000000149));
#4546=VERTEX_POINT('',#4545);
#4547=CARTESIAN_POINT('',(87.016990619,732.200000001,20.000000149));
#4548=DIRECTION('',(0.,1.,0.));
#4549=VECTOR('',#4548,22.849379125);
#4550=LINE('',#4547,#4549);
#4551=EDGE_CURVE('',#4538,#4546,#4550,.T.);
#4552=ORIENTED_EDGE('',*,*,#4551,.T.);
#4553=CARTESIAN_POINT('',(87.016990619,755.049379126,20.000000149));
#4554=DIRECTION('',(0.,0.,1.));
#4555=VECTOR('',#4554,21.391072277);
#4556=LINE('',#4553,#4555);
#4557=EDGE_CURVE('',#4546,#4496,#4556,.T.);
#4558=ORIENTED_EDGE('',*,*,#4557,.T.);
#4559=EDGE_LOOP('',(#4502,#4511,#4519,#4528,#4536,#4544,#4552,#4558));
#4560=FACE_BOUND('',#4559,.T.);
#4561=ADVANCED_FACE('',(#4560),#4492,.F.);
#4562=CARTESIAN_POINT('',(85.016990619,758.5,60.285313421));
#4563=DIRECTION('',(1.,0.,0.));
#4564=DIRECTION('',(0.,0.,-1.));
#4565=AXIS2_PLACEMENT_3D('',#4562,#4563,#4564);
#4566=PLANE('',#4565);
#4567=ORIENTED_EDGE('',*,*,#4369,.F.);
#4568=CARTESIAN_POINT('',(85.016990619,722.90644624,20.000000149));
#4569=VERTEX_POINT('',#4568);
#4570=CARTESIAN_POINT('',(85.016990619,722.90644624,14.500000149));
#4571=DIRECTION('',(-0.,-0.,1.));
#4572=VECTOR('',#4571,5.5);
#4573=LINE('',#4570,#4572);
#4574=EDGE_CURVE('',#4357,#4569,#4573,.T.);
#4575=ORIENTED_EDGE('',*,*,#4574,.T.);
#4576=CARTESIAN_POINT('',(85.016990619,730.200000001,20.000000149));
#4577=VERTEX_POINT('',#4576);
#4578=CARTESIAN_POINT('',(85.016990619,730.200000001,20.000000149));
#4579=DIRECTION('',(0.,-1.,-0.));
#4580=VECTOR('',#4579,7.293553761);
#4581=LINE('',#4578,#4580);
#4582=EDGE_CURVE('',#4577,#4569,#4581,.T.);
#4583=ORIENTED_EDGE('',*,*,#4582,.F.);
#4584=CARTESIAN_POINT('',(85.016990619,730.200000001,38.853084188));
#4585=VERTEX_POINT('',#4584);
#4586=CARTESIAN_POINT('',(85.016990619,730.200000001,38.853084188));
#4587=DIRECTION('',(0.,0.,-1.));
#4588=VECTOR('',#4587,18.853084039);
#4589=LINE('',#4586,#4588);
#4590=EDGE_CURVE('',#4585,#4577,#4589,.T.);
#4591=ORIENTED_EDGE('',*,*,#4590,.F.);
#4592=CARTESIAN_POINT('',(85.016990619,741.706483237,38.853084188));
#4593=VERTEX_POINT('',#4592);
#4594=CARTESIAN_POINT('',(85.016990619,730.200000001,38.853084188));
#4595=DIRECTION('',(0.,1.,0.));
#4596=VECTOR('',#4595,11.506483236);
#4597=LINE('',#4594,#4596);
#4598=EDGE_CURVE('',#4585,#4593,#4597,.T.);
#4599=ORIENTED_EDGE('',*,*,#4598,.T.);
#4600=CARTESIAN_POINT('',(85.016990619,743.254611964,39.49431269));
#4601=VERTEX_POINT('',#4600);
#4602=CARTESIAN_POINT('',(85.016990619,741.706549416,41.042375239));
#4603=DIRECTION('',(1.,0.,0.));
#4604=DIRECTION('',(0.,0.,-1.));
#4605=AXIS2_PLACEMENT_3D('',#4602,#4603,#4604);
#4606=CIRCLE('',#4605,2.189291052);
#4607=EDGE_CURVE('',#4593,#4601,#4606,.T.);
#4608=ORIENTED_EDGE('',*,*,#4607,.T.);
#4609=CARTESIAN_POINT('',(85.016990619,744.234053674,40.4737544));
#4610=VERTEX_POINT('',#4609);
#4611=CARTESIAN_POINT('',(85.016990619,743.254611964,39.494312691));
#4612=DIRECTION('',(0.,0.707106781,0.707106781));
#4613=VECTOR('',#4612,1.385139749);
#4614=LINE('',#4611,#4613);
#4615=EDGE_CURVE('',#4601,#4610,#4614,.T.);
#4616=ORIENTED_EDGE('',*,*,#4615,.T.);
#4617=CARTESIAN_POINT('',(85.016990619,746.448655292,41.391072426));
#4618=VERTEX_POINT('',#4617);
#4619=CARTESIAN_POINT('',(85.016990619,746.448655292,38.259152781));
#4620=DIRECTION('',(-1.,-0.,-0.));
#4621=DIRECTION('',(0.,0.,-1.));
#4622=AXIS2_PLACEMENT_3D('',#4619,#4620,#4621);
#4623=CIRCLE('',#4622,3.131919644);
#4624=EDGE_CURVE('',#4610,#4618,#4623,.T.);
#4625=ORIENTED_EDGE('',*,*,#4624,.T.);
#4626=CARTESIAN_POINT('',(85.016990619,756.093553761,41.391072426));
#4627=VERTEX_POINT('',#4626);
#4628=CARTESIAN_POINT('',(85.016990619,756.093553761,41.391072426));
#4629=DIRECTION('',(0.,-1.,0.));
#4630=VECTOR('',#4629,9.644898468);
#4631=LINE('',#4628,#4630);
#4632=EDGE_CURVE('',#4627,#4618,#4631,.T.);
#4633=ORIENTED_EDGE('',*,*,#4632,.F.);
#4634=CARTESIAN_POINT('',(85.016990619,756.093553761,20.000000149));
#4635=VERTEX_POINT('',#4634);
#4636=CARTESIAN_POINT('',(85.016990619,756.093553761,41.391072426));
#4637=DIRECTION('',(0.,0.,-1.));
#4638=VECTOR('',#4637,21.391072277);
#4639=LINE('',#4636,#4638);
#4640=EDGE_CURVE('',#4627,#4635,#4639,.T.);
#4641=ORIENTED_EDGE('',*,*,#4640,.T.);
#4642=CARTESIAN_POINT('',(85.016990619,756.093553761,20.000000149));
#4643=DIRECTION('',(0.,0.,-1.));
#4644=VECTOR('',#4643,5.5);
#4645=LINE('',#4642,#4644);
#4646=EDGE_CURVE('',#4635,#4306,#4645,.T.);
#4647=ORIENTED_EDGE('',*,*,#4646,.T.);
#4648=EDGE_LOOP('',(#4567,#4575,#4583,#4591,#4599,#4608,#4616,#4625,#4633,#4641,#4647));
#4649=FACE_BOUND('',#4648,.T.);
#4650=ADVANCED_FACE('',(#4649),#4566,.F.);
#4651=CARTESIAN_POINT('',(153.016990619,758.5,60.285313421));
#4652=DIRECTION('',(0.,-1.,0.));
#4653=DIRECTION('',(0.,0.,-1.));
#4654=AXIS2_PLACEMENT_3D('',#4651,#4652,#4653);
#4655=PLANE('',#4654);
#4656=CARTESIAN_POINT('',(147.59355376,758.5,41.391072426));
#4657=VERTEX_POINT('',#4656);
#4658=CARTESIAN_POINT('',(147.59355376,758.5,41.391072426));
#4659=DIRECTION('',(0.,0.,-1.));
#4660=VECTOR('',#4659,26.891072277);
#4661=LINE('',#4658,#4660);
#4662=EDGE_CURVE('',#4657,#4315,#4661,.T.);
#4663=ORIENTED_EDGE('',*,*,#4662,.T.);
#4664=ORIENTED_EDGE('',*,*,#4320,.T.);
#4665=CARTESIAN_POINT('',(87.423436858,758.5,20.000000149));
#4666=VERTEX_POINT('',#4665);
#4667=CARTESIAN_POINT('',(87.423436858,758.5,14.500000149));
#4668=DIRECTION('',(-0.,-0.,1.));
#4669=VECTOR('',#4668,5.5);
#4670=LINE('',#4667,#4669);
#4671=EDGE_CURVE('',#4304,#4666,#4670,.T.);
#4672=ORIENTED_EDGE('',*,*,#4671,.T.);
#4673=CARTESIAN_POINT('',(87.423436858,758.5,41.391072426));
#4674=VERTEX_POINT('',#4673);
#4675=CARTESIAN_POINT('',(87.423436858,758.5,20.000000149));
#4676=DIRECTION('',(-0.,-0.,1.));
#4677=VECTOR('',#4676,21.391072277);
#4678=LINE('',#4675,#4677);
#4679=EDGE_CURVE('',#4666,#4674,#4678,.T.);
#4680=ORIENTED_EDGE('',*,*,#4679,.T.);
#4681=CARTESIAN_POINT('',(147.59355376,758.5,41.391072426));
#4682=DIRECTION('',(-1.,0.,0.));
#4683=VECTOR('',#4682,60.170116902);
#4684=LINE('',#4681,#4683);
#4685=EDGE_CURVE('',#4657,#4674,#4684,.T.);
#4686=ORIENTED_EDGE('',*,*,#4685,.F.);
#4687=EDGE_LOOP('',(#4663,#4664,#4672,#4680,#4686));
#4688=FACE_BOUND('',#4687,.T.);
#4689=ADVANCED_FACE('',(#4688),#4655,.F.);
#4690=CARTESIAN_POINT('',(150.,745.991193467,60.285313421));
#4691=DIRECTION('',(-1.,0.,0.));
#4692=DIRECTION('',(0.,0.,1.));
#4693=AXIS2_PLACEMENT_3D('',#4690,#4691,#4692);
#4694=PLANE('',#4693);
#4695=ORIENTED_EDGE('',*,*,#4337,.F.);
#4696=CARTESIAN_POINT('',(150.,756.093553761,20.000000149));
#4697=VERTEX_POINT('',#4696);
#4698=CARTESIAN_POINT('',(150.,756.093553761,14.500000149));
#4699=DIRECTION('',(-0.,-0.,1.));
#4700=VECTOR('',#4699,5.5);
#4701=LINE('',#4698,#4700);
#4702=EDGE_CURVE('',#4323,#4697,#4701,.T.);
#4703=ORIENTED_EDGE('',*,*,#4702,.T.);
#4704=CARTESIAN_POINT('',(150.,756.093553761,41.391072426));
#4705=VERTEX_POINT('',#4704);
#4706=CARTESIAN_POINT('',(150.,756.093553761,20.000000149));
#4707=DIRECTION('',(0.,0.,1.));
#4708=VECTOR('',#4707,21.391072277);
#4709=LINE('',#4706,#4708);
#4710=EDGE_CURVE('',#4697,#4705,#4709,.T.);
#4711=ORIENTED_EDGE('',*,*,#4710,.T.);
#4712=CARTESIAN_POINT('',(150.,738.976115401,41.391072426));
#4713=VERTEX_POINT('',#4712);
#4714=CARTESIAN_POINT('',(150.,738.976115401,41.391072426));
#4715=DIRECTION('',(0.,1.,0.));
#4716=VECTOR('',#4715,17.117438359);
#4717=LINE('',#4714,#4716);
#4718=EDGE_CURVE('',#4713,#4705,#4717,.T.);
#4719=ORIENTED_EDGE('',*,*,#4718,.F.);
#4720=CARTESIAN_POINT('',(150.,736.761513782,40.4737544));
#4721=VERTEX_POINT('',#4720);
#4722=CARTESIAN_POINT('',(150.,738.976115401,38.259152781));
#4723=DIRECTION('',(1.,-0.,-0.));
#4724=DIRECTION('',(0.,0.,1.));
#4725=AXIS2_PLACEMENT_3D('',#4722,#4723,#4724);
#4726=CIRCLE('',#4725,3.131919644);
#4727=EDGE_CURVE('',#4713,#4721,#4726,.T.);
#4728=ORIENTED_EDGE('',*,*,#4727,.T.);
#4729=CARTESIAN_POINT('',(150.,735.782072073,39.494312691));
#4730=VERTEX_POINT('',#4729);
#4731=CARTESIAN_POINT('',(150.,736.761513782,40.4737544));
#4732=DIRECTION('',(0.,-0.707106781,-0.707106781));
#4733=VECTOR('',#4732,1.385139749);
#4734=LINE('',#4731,#4733);
#4735=EDGE_CURVE('',#4721,#4730,#4734,.T.);
#4736=ORIENTED_EDGE('',*,*,#4735,.T.);
#4737=CARTESIAN_POINT('',(150.,734.234009525,38.853084188));
#4738=VERTEX_POINT('',#4737);
#4739=CARTESIAN_POINT('',(150.,734.234009525,41.042375239));
#4740=DIRECTION('',(-1.,0.,0.));
#4741=DIRECTION('',(0.,0.,1.));
#4742=AXIS2_PLACEMENT_3D('',#4739,#4740,#4741);
#4743=CIRCLE('',#4742,2.189291052);
#4744=EDGE_CURVE('',#4730,#4738,#4743,.T.);
#4745=ORIENTED_EDGE('',*,*,#4744,.T.);
#4746=CARTESIAN_POINT('',(150.,722.90644624,38.853084188));
#4747=VERTEX_POINT('',#4746);
#4748=CARTESIAN_POINT('',(150.,734.234009525,38.853084188));
#4749=DIRECTION('',(0.,-1.,0.));
#4750=VECTOR('',#4749,11.327563285);
#4751=LINE('',#4748,#4750);
#4752=EDGE_CURVE('',#4738,#4747,#4751,.T.);
#4753=ORIENTED_EDGE('',*,*,#4752,.T.);
#4754=CARTESIAN_POINT('',(150.,722.90644624,20.000000149));
#4755=VERTEX_POINT('',#4754);
#4756=CARTESIAN_POINT('',(150.,722.90644624,38.853084188));
#4757=DIRECTION('',(-0.,-0.,-1.));
#4758=VECTOR('',#4757,18.853084039);
#4759=LINE('',#4756,#4758);
#4760=EDGE_CURVE('',#4747,#4755,#4759,.T.);
#4761=ORIENTED_EDGE('',*,*,#4760,.T.);
#4762=CARTESIAN_POINT('',(150.,722.90644624,20.000000149));
#4763=DIRECTION('',(0.,0.,-1.));
#4764=VECTOR('',#4763,5.5);
#4765=LINE('',#4762,#4764);
#4766=EDGE_CURVE('',#4755,#4332,#4765,.T.);
#4767=ORIENTED_EDGE('',*,*,#4766,.T.);
#4768=EDGE_LOOP('',(#4695,#4703,#4711,#4719,#4728,#4736,#4745,#4753,#4761,#4767));
#4769=FACE_BOUND('',#4768,.T.);
#4770=ADVANCED_FACE('',(#4769),#4694,.F.);
#4771=CARTESIAN_POINT('',(119.016990619,752.245596733,41.391072426));
#4772=DIRECTION('',(0.,0.,-1.));
#4773=DIRECTION('',(-1.,0.,0.));
#4774=AXIS2_PLACEMENT_3D('',#4771,#4772,#4773);
#4775=PLANE('',#4774);
#4776=ORIENTED_EDGE('',*,*,#4632,.T.);
#4777=CARTESIAN_POINT('',(85.016990619,746.448655292,41.391072426));
#4778=DIRECTION('',(1.,0.,-0.));
#4779=VECTOR('',#4778,2.);
#4780=LINE('',#4777,#4779);
#4781=EDGE_CURVE('',#4618,#4494,#4780,.T.);
#4782=ORIENTED_EDGE('',*,*,#4781,.T.);
#4783=ORIENTED_EDGE('',*,*,#4501,.T.);
#4784=CARTESIAN_POINT('',(88.467611492,755.049379126,41.391072426));
#4785=DIRECTION('',(0.,0.,-1.));
#4786=DIRECTION('',(-1.,0.,0.));
#4787=AXIS2_PLACEMENT_3D('',#4784,#4785,#4786);
#4788=CIRCLE('',#4787,1.450620874);
#4789=EDGE_CURVE('',#4496,#4454,#4788,.T.);
#4790=ORIENTED_EDGE('',*,*,#4789,.T.);
#4791=ORIENTED_EDGE('',*,*,#4461,.T.);
#4792=CARTESIAN_POINT('',(146.549379126,755.049379126,41.391072426));
#4793=DIRECTION('',(0.,0.,-1.));
#4794=DIRECTION('',(-1.,0.,0.));
#4795=AXIS2_PLACEMENT_3D('',#4792,#4793,#4794);
#4796=CIRCLE('',#4795,1.450620874);
#4797=EDGE_CURVE('',#4456,#4416,#4796,.T.);
#4798=ORIENTED_EDGE('',*,*,#4797,.T.);
#4799=ORIENTED_EDGE('',*,*,#4421,.T.);
#4800=CARTESIAN_POINT('',(148.,738.976115401,41.391072426));
#4801=DIRECTION('',(1.,0.,-0.));
#4802=VECTOR('',#4801,2.);
#4803=LINE('',#4800,#4802);
#4804=EDGE_CURVE('',#4407,#4713,#4803,.T.);
#4805=ORIENTED_EDGE('',*,*,#4804,.T.);
#4806=ORIENTED_EDGE('',*,*,#4718,.T.);
#4807=CARTESIAN_POINT('',(147.59355376,756.093553761,41.391072426));
#4808=DIRECTION('',(-0.,-0.,1.));
#4809=DIRECTION('',(-1.,0.,0.));
#4810=AXIS2_PLACEMENT_3D('',#4807,#4808,#4809);
#4811=CIRCLE('',#4810,2.40644624);
#4812=EDGE_CURVE('',#4705,#4657,#4811,.T.);
#4813=ORIENTED_EDGE('',*,*,#4812,.T.);
#4814=ORIENTED_EDGE('',*,*,#4685,.T.);
#4815=CARTESIAN_POINT('',(87.423436858,756.093553761,41.391072426));
#4816=DIRECTION('',(-0.,-0.,1.));
#4817=DIRECTION('',(-1.,0.,0.));
#4818=AXIS2_PLACEMENT_3D('',#4815,#4816,#4817);
#4819=CIRCLE('',#4818,2.40644624);
#4820=EDGE_CURVE('',#4674,#4627,#4819,.T.);
#4821=ORIENTED_EDGE('',*,*,#4820,.T.);
#4822=EDGE_LOOP('',(#4776,#4782,#4783,#4790,#4791,#4798,#4799,#4805,#4806,#4813,#4814,#4821));
#4823=FACE_BOUND('',#4822,.T.);
#4824=ADVANCED_FACE('',(#4823),#4775,.F.);
#4825=CARTESIAN_POINT('',(119.016990619,755.664547547,59.376788165));
#4826=DIRECTION('',(0.,0.707106781,-0.707106781));
#4827=DIRECTION('',(1.,0.,0.));
#4828=AXIS2_PLACEMENT_3D('',#4825,#4826,#4827);
#4829=PLANE('',#4828);
#4830=ORIENTED_EDGE('',*,*,#4404,.F.);
#4831=CARTESIAN_POINT('',(148.,735.782072073,39.494312691));
#4832=DIRECTION('',(1.,-0.,-0.));
#4833=VECTOR('',#4832,2.);
#4834=LINE('',#4831,#4833);
#4835=EDGE_CURVE('',#4390,#4730,#4834,.T.);
#4836=ORIENTED_EDGE('',*,*,#4835,.T.);
#4837=ORIENTED_EDGE('',*,*,#4735,.F.);
#4838=CARTESIAN_POINT('',(150.,736.761513782,40.4737544));
#4839=DIRECTION('',(-1.,-0.,0.));
#4840=VECTOR('',#4839,2.);
#4841=LINE('',#4838,#4840);
#4842=EDGE_CURVE('',#4721,#4399,#4841,.T.);
#4843=ORIENTED_EDGE('',*,*,#4842,.T.);
#4844=EDGE_LOOP('',(#4830,#4836,#4837,#4843));
#4845=FACE_BOUND('',#4844,.T.);
#4846=ADVANCED_FACE('',(#4845),#4829,.F.);
#4847=CARTESIAN_POINT('',(119.016990619,759.400817492,55.640518219));
#4848=DIRECTION('',(0.,0.707106781,-0.707106781));
#4849=DIRECTION('',(1.,0.,0.));
#4850=AXIS2_PLACEMENT_3D('',#4847,#4848,#4849);
#4851=PLANE('',#4850);
#4852=ORIENTED_EDGE('',*,*,#4615,.F.);
#4853=CARTESIAN_POINT('',(85.016990619,743.254611964,39.494312691));
#4854=DIRECTION('',(1.,-0.,-0.));
#4855=VECTOR('',#4854,2.);
#4856=LINE('',#4853,#4855);
#4857=EDGE_CURVE('',#4601,#4513,#4856,.T.);
#4858=ORIENTED_EDGE('',*,*,#4857,.T.);
#4859=ORIENTED_EDGE('',*,*,#4518,.F.);
#4860=CARTESIAN_POINT('',(87.016990619,744.234053673,40.4737544));
#4861=DIRECTION('',(-1.,-0.,0.));
#4862=VECTOR('',#4861,2.);
#4863=LINE('',#4860,#4862);
#4864=EDGE_CURVE('',#4504,#4610,#4863,.T.);
#4865=ORIENTED_EDGE('',*,*,#4864,.T.);
#4866=EDGE_LOOP('',(#4852,#4858,#4859,#4865));
#4867=FACE_BOUND('',#4866,.T.);
#4868=ADVANCED_FACE('',(#4867),#4851,.F.);
#4869=CARTESIAN_POINT('',(147.59355376,756.093553761,60.285313421));
#4870=DIRECTION('',(0.,0.,-1.));
#4871=DIRECTION('',(-1.,0.,0.));
#4872=AXIS2_PLACEMENT_3D('',#4869,#4870,#4871);
#4873=CYLINDRICAL_SURFACE('',#4872,2.40644624);
#4874=ORIENTED_EDGE('',*,*,#4702,.F.);
#4875=ORIENTED_EDGE('',*,*,#4329,.T.);
#4876=ORIENTED_EDGE('',*,*,#4662,.F.);
#4877=ORIENTED_EDGE('',*,*,#4812,.F.);
#4878=ORIENTED_EDGE('',*,*,#4710,.F.);
#4879=EDGE_LOOP('',(#4874,#4875,#4876,#4877,#4878));
#4880=FACE_BOUND('',#4879,.T.);
#4881=ADVANCED_FACE('',(#4880),#4873,.T.);
#4882=CARTESIAN_POINT('',(87.423436858,756.093553761,60.285313421));
#4883=DIRECTION('',(0.,0.,-1.));
#4884=DIRECTION('',(-1.,0.,0.));
#4885=AXIS2_PLACEMENT_3D('',#4882,#4883,#4884);
#4886=CYLINDRICAL_SURFACE('',#4885,2.40644624);
#4887=ORIENTED_EDGE('',*,*,#4671,.F.);
#4888=ORIENTED_EDGE('',*,*,#4312,.T.);
#4889=ORIENTED_EDGE('',*,*,#4646,.F.);
#4890=ORIENTED_EDGE('',*,*,#4640,.F.);
#4891=ORIENTED_EDGE('',*,*,#4820,.F.);
#4892=ORIENTED_EDGE('',*,*,#4679,.F.);
#4893=EDGE_LOOP('',(#4887,#4888,#4889,#4890,#4891,#4892));
#4894=FACE_BOUND('',#4893,.T.);
#4895=ADVANCED_FACE('',(#4894),#4886,.T.);
#4896=CARTESIAN_POINT('',(88.467611492,755.049379126,60.285313421));
#4897=DIRECTION('',(0.,0.,1.));
#4898=DIRECTION('',(1.,0.,-0.));
#4899=AXIS2_PLACEMENT_3D('',#4896,#4897,#4898);
#4900=CYLINDRICAL_SURFACE('',#4899,1.450620874);
#4901=ORIENTED_EDGE('',*,*,#4789,.F.);
#4902=ORIENTED_EDGE('',*,*,#4557,.F.);
#4903=CARTESIAN_POINT('',(88.467611492,755.049379126,20.000000149));
#4904=DIRECTION('',(0.,0.,1.));
#4905=DIRECTION('',(1.,0.,-0.));
#4906=AXIS2_PLACEMENT_3D('',#4903,#4904,#4905);
#4907=CIRCLE('',#4906,1.450620874);
#4908=EDGE_CURVE('',#4464,#4546,#4907,.T.);
#4909=ORIENTED_EDGE('',*,*,#4908,.F.);
#4910=ORIENTED_EDGE('',*,*,#4469,.F.);
#4911=EDGE_LOOP('',(#4901,#4902,#4909,#4910));
#4912=FACE_BOUND('',#4911,.T.);
#4913=ADVANCED_FACE('',(#4912),#4900,.F.);
#4914=CARTESIAN_POINT('',(146.549379126,755.049379126,60.285313421));
#4915=DIRECTION('',(0.,0.,1.));
#4916=DIRECTION('',(1.,0.,-0.));
#4917=AXIS2_PLACEMENT_3D('',#4914,#4915,#4916);
#4918=CYLINDRICAL_SURFACE('',#4917,1.450620874);
#4919=ORIENTED_EDGE('',*,*,#4797,.F.);
#4920=ORIENTED_EDGE('',*,*,#4483,.F.);
#4921=CARTESIAN_POINT('',(146.549379126,755.049379126,20.000000149));
#4922=DIRECTION('',(-0.,-0.,1.));
#4923=DIRECTION('',(-1.,0.,0.));
#4924=AXIS2_PLACEMENT_3D('',#4921,#4922,#4923);
#4925=CIRCLE('',#4924,1.450620874);
#4926=EDGE_CURVE('',#4424,#4472,#4925,.T.);
#4927=ORIENTED_EDGE('',*,*,#4926,.F.);
#4928=ORIENTED_EDGE('',*,*,#4429,.F.);
#4929=EDGE_LOOP('',(#4919,#4920,#4927,#4928));
#4930=FACE_BOUND('',#4929,.T.);
#4931=ADVANCED_FACE('',(#4930),#4918,.F.);
#4932=CARTESIAN_POINT('',(119.016990619,739.5,38.853084188));
#4933=DIRECTION('',(0.,0.,-1.));
#4934=DIRECTION('',(0.,1.,0.));
#4935=AXIS2_PLACEMENT_3D('',#4932,#4933,#4934);
#4936=PLANE('',#4935);
#4937=ORIENTED_EDGE('',*,*,#4535,.T.);
#4938=CARTESIAN_POINT('',(87.016990619,741.706549416,38.853084188));
#4939=DIRECTION('',(-1.,0.,0.));
#4940=VECTOR('',#4939,2.);
#4941=LINE('',#4938,#4940);
#4942=EDGE_CURVE('',#4521,#4593,#4941,.T.);
#4943=ORIENTED_EDGE('',*,*,#4942,.T.);
#4944=ORIENTED_EDGE('',*,*,#4598,.F.);
#4945=CARTESIAN_POINT('',(123.878449187,730.200000001,38.853084188));
#4946=VERTEX_POINT('',#4945);
#4947=CARTESIAN_POINT('',(123.878449187,730.200000001,38.853084188));
#4948=DIRECTION('',(-1.,0.,0.));
#4949=VECTOR('',#4948,38.861458568);
#4950=LINE('',#4947,#4949);
#4951=EDGE_CURVE('',#4946,#4585,#4950,.T.);
#4952=ORIENTED_EDGE('',*,*,#4951,.F.);
#4953=CARTESIAN_POINT('',(126.323406786,727.755042401,38.853084188));
#4954=VERTEX_POINT('',#4953);
#4955=CARTESIAN_POINT('',(123.878449187,727.755042401,38.853084188));
#4956=DIRECTION('',(0.,0.,-1.));
#4957=DIRECTION('',(-1.,0.,0.));
#4958=AXIS2_PLACEMENT_3D('',#4955,#4956,#4957);
#4959=CIRCLE('',#4958,2.444957599);
#4960=EDGE_CURVE('',#4946,#4954,#4959,.T.);
#4961=ORIENTED_EDGE('',*,*,#4960,.T.);
#4962=CARTESIAN_POINT('',(126.323406786,720.5,38.853084188));
#4963=VERTEX_POINT('',#4962);
#4964=CARTESIAN_POINT('',(126.323406786,720.5,38.853084188));
#4965=DIRECTION('',(0.,1.,0.));
#4966=VECTOR('',#4965,7.255042401);
#4967=LINE('',#4964,#4966);
#4968=EDGE_CURVE('',#4963,#4954,#4967,.T.);
#4969=ORIENTED_EDGE('',*,*,#4968,.F.);
#4970=CARTESIAN_POINT('',(147.59355376,720.5,38.853084188));
#4971=VERTEX_POINT('',#4970);
#4972=CARTESIAN_POINT('',(147.59355376,720.5,38.853084188));
#4973=DIRECTION('',(-1.,0.,0.));
#4974=VECTOR('',#4973,21.270146974);
#4975=LINE('',#4972,#4974);
#4976=EDGE_CURVE('',#4971,#4963,#4975,.T.);
#4977=ORIENTED_EDGE('',*,*,#4976,.F.);
#4978=CARTESIAN_POINT('',(147.59355376,722.90644624,38.853084188));
#4979=DIRECTION('',(-0.,-0.,1.));
#4980=DIRECTION('',(-1.,0.,0.));
#4981=AXIS2_PLACEMENT_3D('',#4978,#4979,#4980);
#4982=CIRCLE('',#4981,2.40644624);
#4983=EDGE_CURVE('',#4971,#4747,#4982,.T.);
#4984=ORIENTED_EDGE('',*,*,#4983,.T.);
#4985=ORIENTED_EDGE('',*,*,#4752,.F.);
#4986=CARTESIAN_POINT('',(150.,734.234009525,38.853084188));
#4987=DIRECTION('',(-1.,0.,0.));
#4988=VECTOR('',#4987,2.);
#4989=LINE('',#4986,#4988);
#4990=EDGE_CURVE('',#4738,#4380,#4989,.T.);
#4991=ORIENTED_EDGE('',*,*,#4990,.T.);
#4992=ORIENTED_EDGE('',*,*,#4387,.T.);
#4993=CARTESIAN_POINT('',(146.549379126,722.5,38.853084188));
#4994=VERTEX_POINT('',#4993);
#4995=CARTESIAN_POINT('',(146.549379126,723.950620874,38.853084188));
#4996=DIRECTION('',(0.,0.,-1.));
#4997=DIRECTION('',(-1.,0.,0.));
#4998=AXIS2_PLACEMENT_3D('',#4995,#4996,#4997);
#4999=CIRCLE('',#4998,1.450620874);
#5000=EDGE_CURVE('',#4382,#4994,#4999,.T.);
#5001=ORIENTED_EDGE('',*,*,#5000,.T.);
#5002=CARTESIAN_POINT('',(128.323406786,722.5,38.853084188));
#5003=VERTEX_POINT('',#5002);
#5004=CARTESIAN_POINT('',(146.549379126,722.5,38.853084188));
#5005=DIRECTION('',(-1.,0.,0.));
#5006=VECTOR('',#5005,18.22597234);
#5007=LINE('',#5004,#5006);
#5008=EDGE_CURVE('',#4994,#5003,#5007,.T.);
#5009=ORIENTED_EDGE('',*,*,#5008,.T.);
#5010=CARTESIAN_POINT('',(128.323406786,726.800769639,38.853084188));
#5011=VERTEX_POINT('',#5010);
#5012=CARTESIAN_POINT('',(128.323406786,722.5,38.853084188));
#5013=DIRECTION('',(0.,1.,0.));
#5014=VECTOR('',#5013,4.300769639);
#5015=LINE('',#5012,#5014);
#5016=EDGE_CURVE('',#5003,#5011,#5015,.T.);
#5017=ORIENTED_EDGE('',*,*,#5016,.T.);
#5018=CARTESIAN_POINT('',(122.924176424,732.200000001,38.853084188));
#5019=VERTEX_POINT('',#5018);
#5020=CARTESIAN_POINT('',(122.924176424,726.800769639,38.853084188));
#5021=DIRECTION('',(-0.,-0.,1.));
#5022=DIRECTION('',(-1.,0.,0.));
#5023=AXIS2_PLACEMENT_3D('',#5020,#5021,#5022);
#5024=CIRCLE('',#5023,5.399230362);
#5025=EDGE_CURVE('',#5011,#5019,#5024,.T.);
#5026=ORIENTED_EDGE('',*,*,#5025,.T.);
#5027=CARTESIAN_POINT('',(122.924176424,732.200000001,38.853084188));
#5028=DIRECTION('',(-1.,0.,0.));
#5029=VECTOR('',#5028,35.907185805);
#5030=LINE('',#5027,#5029);
#5031=EDGE_CURVE('',#5019,#4530,#5030,.T.);
#5032=ORIENTED_EDGE('',*,*,#5031,.T.);
#5033=EDGE_LOOP('',(#4937,#4943,#4944,#4952,#4961,#4969,#4977,#4984,#4985,#4991,#4992,#5001,#5009,#5017,#5026,#5032));
#5034=FACE_BOUND('',#5033,.T.);
#5035=ADVANCED_FACE('',(#5034),#4936,.F.);
#5036=CARTESIAN_POINT('',(153.016990619,720.5,53.653257688));
#5037=DIRECTION('',(0.,-1.,0.));
#5038=DIRECTION('',(1.,0.,0.));
#5039=AXIS2_PLACEMENT_3D('',#5036,#5037,#5038);
#5040=PLANE('',#5039);
#5041=CARTESIAN_POINT('',(87.423436858,720.5,20.000000149));
#5042=VERTEX_POINT('',#5041);
#5043=CARTESIAN_POINT('',(87.423436858,720.5,20.000000149));
#5044=DIRECTION('',(-0.,-0.,-1.));
#5045=VECTOR('',#5044,5.5);
#5046=LINE('',#5043,#5045);
#5047=EDGE_CURVE('',#5042,#4349,#5046,.T.);
#5048=ORIENTED_EDGE('',*,*,#5047,.T.);
#5049=ORIENTED_EDGE('',*,*,#4354,.T.);
#5050=CARTESIAN_POINT('',(147.59355376,720.5,14.500000149));
#5051=DIRECTION('',(0.,0.,1.));
#5052=VECTOR('',#5051,24.353084039);
#5053=LINE('',#5050,#5052);
#5054=EDGE_CURVE('',#4340,#4971,#5053,.T.);
#5055=ORIENTED_EDGE('',*,*,#5054,.T.);
#5056=ORIENTED_EDGE('',*,*,#4976,.T.);
#5057=CARTESIAN_POINT('',(126.323406786,720.5,20.000000149));
#5058=VERTEX_POINT('',#5057);
#5059=CARTESIAN_POINT('',(126.323406786,720.5,38.853084188));
#5060=DIRECTION('',(0.,0.,-1.));
#5061=VECTOR('',#5060,18.853084039);
#5062=LINE('',#5059,#5061);
#5063=EDGE_CURVE('',#4963,#5058,#5062,.T.);
#5064=ORIENTED_EDGE('',*,*,#5063,.T.);
#5065=CARTESIAN_POINT('',(87.423436858,720.5,20.000000149));
#5066=DIRECTION('',(1.,0.,0.));
#5067=VECTOR('',#5066,38.899969928);
#5068=LINE('',#5065,#5067);
#5069=EDGE_CURVE('',#5042,#5058,#5068,.T.);
#5070=ORIENTED_EDGE('',*,*,#5069,.F.);
#5071=EDGE_LOOP('',(#5048,#5049,#5055,#5056,#5064,#5070));
#5072=FACE_BOUND('',#5071,.T.);
#5073=ADVANCED_FACE('',(#5072),#5040,.T.);
#5074=CARTESIAN_POINT('',(126.323406786,720.5,53.653257688));
#5075=DIRECTION('',(-1.,0.,0.));
#5076=DIRECTION('',(0.,0.,1.));
#5077=AXIS2_PLACEMENT_3D('',#5074,#5075,#5076);
#5078=PLANE('',#5077);
#5079=ORIENTED_EDGE('',*,*,#4968,.T.);
#5080=CARTESIAN_POINT('',(126.323406786,727.755042401,20.000000149));
#5081=VERTEX_POINT('',#5080);
#5082=CARTESIAN_POINT('',(126.323406786,727.755042401,38.853084188));
#5083=DIRECTION('',(-0.,-0.,-1.));
#5084=VECTOR('',#5083,18.853084039);
#5085=LINE('',#5082,#5084);
#5086=EDGE_CURVE('',#4954,#5081,#5085,.T.);
#5087=ORIENTED_EDGE('',*,*,#5086,.T.);
#5088=CARTESIAN_POINT('',(126.323406786,720.5,20.000000149));
#5089=DIRECTION('',(0.,1.,0.));
#5090=VECTOR('',#5089,7.255042401);
#5091=LINE('',#5088,#5090);
#5092=EDGE_CURVE('',#5058,#5081,#5091,.T.);
#5093=ORIENTED_EDGE('',*,*,#5092,.F.);
#5094=ORIENTED_EDGE('',*,*,#5063,.F.);
#5095=EDGE_LOOP('',(#5079,#5087,#5093,#5094));
#5096=FACE_BOUND('',#5095,.T.);
#5097=ADVANCED_FACE('',(#5096),#5078,.T.);
#5098=CARTESIAN_POINT('',(85.016990619,730.200000001,53.653257688));
#5099=DIRECTION('',(0.,-1.,0.));
#5100=DIRECTION('',(0.,0.,-1.));
#5101=AXIS2_PLACEMENT_3D('',#5098,#5099,#5100);
#5102=PLANE('',#5101);
#5103=CARTESIAN_POINT('',(123.878449187,730.200000001,20.000000149));
#5104=VERTEX_POINT('',#5103);
#5105=CARTESIAN_POINT('',(123.878449187,730.200000001,20.000000149));
#5106=DIRECTION('',(-1.,0.,0.));
#5107=VECTOR('',#5106,38.861458568);
#5108=LINE('',#5105,#5107);
#5109=EDGE_CURVE('',#5104,#4577,#5108,.T.);
#5110=ORIENTED_EDGE('',*,*,#5109,.F.);
#5111=CARTESIAN_POINT('',(123.878449187,730.200000001,20.000000149));
#5112=DIRECTION('',(0.,0.,1.));
#5113=VECTOR('',#5112,18.853084039);
#5114=LINE('',#5111,#5113);
#5115=EDGE_CURVE('',#5104,#4946,#5114,.T.);
#5116=ORIENTED_EDGE('',*,*,#5115,.T.);
#5117=ORIENTED_EDGE('',*,*,#4951,.T.);
#5118=ORIENTED_EDGE('',*,*,#4590,.T.);
#5119=EDGE_LOOP('',(#5110,#5116,#5117,#5118));
#5120=FACE_BOUND('',#5119,.T.);
#5121=ADVANCED_FACE('',(#5120),#5102,.T.);
#5122=CARTESIAN_POINT('',(85.016990619,732.200000001,53.653257688));
#5123=DIRECTION('',(0.,-1.,0.));
#5124=DIRECTION('',(0.,0.,-1.));
#5125=AXIS2_PLACEMENT_3D('',#5122,#5123,#5124);
#5126=PLANE('',#5125);
#5127=ORIENTED_EDGE('',*,*,#5031,.F.);
#5128=CARTESIAN_POINT('',(122.924176424,732.200000001,20.000000149));
#5129=VERTEX_POINT('',#5128);
#5130=CARTESIAN_POINT('',(122.924176424,732.200000001,38.853084188));
#5131=DIRECTION('',(0.,0.,-1.));
#5132=VECTOR('',#5131,18.853084039);
#5133=LINE('',#5130,#5132);
#5134=EDGE_CURVE('',#5019,#5129,#5133,.T.);
#5135=ORIENTED_EDGE('',*,*,#5134,.T.);
#5136=CARTESIAN_POINT('',(122.924176424,732.200000001,20.000000149));
#5137=DIRECTION('',(-1.,0.,0.));
#5138=VECTOR('',#5137,35.907185805);
#5139=LINE('',#5136,#5138);
#5140=EDGE_CURVE('',#5129,#4538,#5139,.T.);
#5141=ORIENTED_EDGE('',*,*,#5140,.T.);
#5142=ORIENTED_EDGE('',*,*,#4543,.F.);
#5143=EDGE_LOOP('',(#5127,#5135,#5141,#5142));
#5144=FACE_BOUND('',#5143,.T.);
#5145=ADVANCED_FACE('',(#5144),#5126,.F.);
#5146=CARTESIAN_POINT('',(128.323406786,733.482386933,53.653257688));
#5147=DIRECTION('',(-1.,0.,0.));
#5148=DIRECTION('',(0.,0.,1.));
#5149=AXIS2_PLACEMENT_3D('',#5146,#5147,#5148);
#5150=PLANE('',#5149);
#5151=CARTESIAN_POINT('',(128.323406786,722.5,20.000000149));
#5152=VERTEX_POINT('',#5151);
#5153=CARTESIAN_POINT('',(128.323406786,726.800769639,20.000000149));
#5154=VERTEX_POINT('',#5153);
#5155=CARTESIAN_POINT('',(128.323406786,722.5,20.000000149));
#5156=DIRECTION('',(0.,1.,0.));
#5157=VECTOR('',#5156,4.300769639);
#5158=LINE('',#5155,#5157);
#5159=EDGE_CURVE('',#5152,#5154,#5158,.T.);
#5160=ORIENTED_EDGE('',*,*,#5159,.T.);
#5161=CARTESIAN_POINT('',(128.323406786,726.800769639,20.000000149));
#5162=DIRECTION('',(-0.,-0.,1.));
#5163=VECTOR('',#5162,18.853084039);
#5164=LINE('',#5161,#5163);
#5165=EDGE_CURVE('',#5154,#5011,#5164,.T.);
#5166=ORIENTED_EDGE('',*,*,#5165,.T.);
#5167=ORIENTED_EDGE('',*,*,#5016,.F.);
#5168=CARTESIAN_POINT('',(128.323406786,722.5,38.853084188));
#5169=DIRECTION('',(0.,0.,-1.));
#5170=VECTOR('',#5169,18.853084039);
#5171=LINE('',#5168,#5170);
#5172=EDGE_CURVE('',#5003,#5152,#5171,.T.);
#5173=ORIENTED_EDGE('',*,*,#5172,.T.);
#5174=EDGE_LOOP('',(#5160,#5166,#5167,#5173));
#5175=FACE_BOUND('',#5174,.T.);
#5176=ADVANCED_FACE('',(#5175),#5150,.F.);
#5177=CARTESIAN_POINT('',(153.016990619,722.5,53.653257688));
#5178=DIRECTION('',(0.,-1.,0.));
#5179=DIRECTION('',(1.,0.,0.));
#5180=AXIS2_PLACEMENT_3D('',#5177,#5178,#5179);
#5181=PLANE('',#5180);
#5182=ORIENTED_EDGE('',*,*,#5008,.F.);
#5183=CARTESIAN_POINT('',(146.549379126,722.5,20.000000149));
#5184=VERTEX_POINT('',#5183);
#5185=CARTESIAN_POINT('',(146.549379126,722.5,38.853084188));
#5186=DIRECTION('',(0.,0.,-1.));
#5187=VECTOR('',#5186,18.853084039);
#5188=LINE('',#5185,#5187);
#5189=EDGE_CURVE('',#4994,#5184,#5188,.T.);
#5190=ORIENTED_EDGE('',*,*,#5189,.T.);
#5191=CARTESIAN_POINT('',(146.549379126,722.5,20.000000149));
#5192=DIRECTION('',(-1.,-0.,0.));
#5193=VECTOR('',#5192,18.22597234);
#5194=LINE('',#5191,#5193);
#5195=EDGE_CURVE('',#5184,#5152,#5194,.T.);
#5196=ORIENTED_EDGE('',*,*,#5195,.T.);
#5197=ORIENTED_EDGE('',*,*,#5172,.F.);
#5198=EDGE_LOOP('',(#5182,#5190,#5196,#5197));
#5199=FACE_BOUND('',#5198,.T.);
#5200=ADVANCED_FACE('',(#5199),#5181,.F.);
#5201=CARTESIAN_POINT('',(123.878449187,727.755042401,53.653257688));
#5202=DIRECTION('',(0.,0.,-1.));
#5203=DIRECTION('',(-1.,0.,0.));
#5204=AXIS2_PLACEMENT_3D('',#5201,#5202,#5203);
#5205=CYLINDRICAL_SURFACE('',#5204,2.444957599);
#5206=ORIENTED_EDGE('',*,*,#4960,.F.);
#5207=ORIENTED_EDGE('',*,*,#5115,.F.);
#5208=CARTESIAN_POINT('',(123.878449187,727.755042401,20.000000149));
#5209=DIRECTION('',(-0.,-0.,1.));
#5210=DIRECTION('',(-1.,0.,0.));
#5211=AXIS2_PLACEMENT_3D('',#5208,#5209,#5210);
#5212=CIRCLE('',#5211,2.444957599);
#5213=EDGE_CURVE('',#5081,#5104,#5212,.T.);
#5214=ORIENTED_EDGE('',*,*,#5213,.F.);
#5215=ORIENTED_EDGE('',*,*,#5086,.F.);
#5216=EDGE_LOOP('',(#5206,#5207,#5214,#5215));
#5217=FACE_BOUND('',#5216,.T.);
#5218=ADVANCED_FACE('',(#5217),#5205,.F.);
#5219=CARTESIAN_POINT('',(122.924176424,726.800769639,53.653257688));
#5220=DIRECTION('',(0.,0.,-1.));
#5221=DIRECTION('',(0.,1.,0.));
#5222=AXIS2_PLACEMENT_3D('',#5219,#5220,#5221);
#5223=CYLINDRICAL_SURFACE('',#5222,5.399230362);
#5224=ORIENTED_EDGE('',*,*,#5025,.F.);
#5225=ORIENTED_EDGE('',*,*,#5165,.F.);
#5226=CARTESIAN_POINT('',(122.924176424,726.800769639,20.000000149));
#5227=DIRECTION('',(0.,0.,-1.));
#5228=DIRECTION('',(-1.,0.,0.));
#5229=AXIS2_PLACEMENT_3D('',#5226,#5227,#5228);
#5230=CIRCLE('',#5229,5.399230362);
#5231=EDGE_CURVE('',#5129,#5154,#5230,.T.);
#5232=ORIENTED_EDGE('',*,*,#5231,.F.);
#5233=ORIENTED_EDGE('',*,*,#5134,.F.);
#5234=EDGE_LOOP('',(#5224,#5225,#5232,#5233));
#5235=FACE_BOUND('',#5234,.T.);
#5236=ADVANCED_FACE('',(#5235),#5223,.T.);
#5237=CARTESIAN_POINT('',(147.59355376,722.90644624,53.653257688));
#5238=DIRECTION('',(0.,0.,-1.));
#5239=DIRECTION('',(0.,1.,0.));
#5240=AXIS2_PLACEMENT_3D('',#5237,#5238,#5239);
#5241=CYLINDRICAL_SURFACE('',#5240,2.40644624);
#5242=ORIENTED_EDGE('',*,*,#5054,.F.);
#5243=ORIENTED_EDGE('',*,*,#4346,.T.);
#5244=ORIENTED_EDGE('',*,*,#4766,.F.);
#5245=ORIENTED_EDGE('',*,*,#4760,.F.);
#5246=ORIENTED_EDGE('',*,*,#4983,.F.);
#5247=EDGE_LOOP('',(#5242,#5243,#5244,#5245,#5246));
#5248=FACE_BOUND('',#5247,.T.);
#5249=ADVANCED_FACE('',(#5248),#5241,.T.);
#5250=CARTESIAN_POINT('',(146.549379126,723.950620874,53.653257688));
#5251=DIRECTION('',(0.,0.,1.));
#5252=DIRECTION('',(0.,-1.,0.));
#5253=AXIS2_PLACEMENT_3D('',#5250,#5251,#5252);
#5254=CYLINDRICAL_SURFACE('',#5253,1.450620874);
#5255=ORIENTED_EDGE('',*,*,#5000,.F.);
#5256=ORIENTED_EDGE('',*,*,#4443,.F.);
#5257=CARTESIAN_POINT('',(146.549379126,723.950620874,20.000000149));
#5258=DIRECTION('',(-0.,-0.,1.));
#5259=DIRECTION('',(-1.,0.,0.));
#5260=AXIS2_PLACEMENT_3D('',#5257,#5258,#5259);
#5261=CIRCLE('',#5260,1.450620874);
#5262=EDGE_CURVE('',#5184,#4432,#5261,.T.);
#5263=ORIENTED_EDGE('',*,*,#5262,.F.);
#5264=ORIENTED_EDGE('',*,*,#5189,.F.);
#5265=EDGE_LOOP('',(#5255,#5256,#5263,#5264));
#5266=FACE_BOUND('',#5265,.T.);
#5267=ADVANCED_FACE('',(#5266),#5254,.F.);
#5268=CARTESIAN_POINT('',(119.016990619,746.448655292,38.259152781));
#5269=DIRECTION('',(1.,0.,0.));
#5270=DIRECTION('',(0.,0.,-1.));
#5271=AXIS2_PLACEMENT_3D('',#5268,#5269,#5270);
#5272=CYLINDRICAL_SURFACE('',#5271,3.131919644);
#5273=ORIENTED_EDGE('',*,*,#4624,.F.);
#5274=ORIENTED_EDGE('',*,*,#4864,.F.);
#5275=ORIENTED_EDGE('',*,*,#4510,.F.);
#5276=ORIENTED_EDGE('',*,*,#4781,.F.);
#5277=EDGE_LOOP('',(#5273,#5274,#5275,#5276));
#5278=FACE_BOUND('',#5277,.T.);
#5279=ADVANCED_FACE('',(#5278),#5272,.T.);
#5280=CARTESIAN_POINT('',(119.016990619,738.976115401,38.259152781));
#5281=DIRECTION('',(1.,0.,0.));
#5282=DIRECTION('',(0.,0.,-1.));
#5283=AXIS2_PLACEMENT_3D('',#5280,#5281,#5282);
#5284=CYLINDRICAL_SURFACE('',#5283,3.131919644);
#5285=ORIENTED_EDGE('',*,*,#4413,.F.);
#5286=ORIENTED_EDGE('',*,*,#4842,.F.);
#5287=ORIENTED_EDGE('',*,*,#4727,.F.);
#5288=ORIENTED_EDGE('',*,*,#4804,.F.);
#5289=EDGE_LOOP('',(#5285,#5286,#5287,#5288));
#5290=FACE_BOUND('',#5289,.T.);
#5291=ADVANCED_FACE('',(#5290),#5284,.T.);
#5292=CARTESIAN_POINT('',(119.016990619,741.706549416,41.042375239));
#5293=DIRECTION('',(1.,0.,0.));
#5294=DIRECTION('',(0.,0.,-1.));
#5295=AXIS2_PLACEMENT_3D('',#5292,#5293,#5294);
#5296=CYLINDRICAL_SURFACE('',#5295,2.189291052);
#5297=ORIENTED_EDGE('',*,*,#4527,.F.);
#5298=ORIENTED_EDGE('',*,*,#4857,.F.);
#5299=ORIENTED_EDGE('',*,*,#4607,.F.);
#5300=ORIENTED_EDGE('',*,*,#4942,.F.);
#5301=EDGE_LOOP('',(#5297,#5298,#5299,#5300));
#5302=FACE_BOUND('',#5301,.T.);
#5303=ADVANCED_FACE('',(#5302),#5296,.F.);
#5304=CARTESIAN_POINT('',(119.016990619,734.234009525,41.042375239));
#5305=DIRECTION('',(1.,0.,0.));
#5306=DIRECTION('',(0.,0.,-1.));
#5307=AXIS2_PLACEMENT_3D('',#5304,#5305,#5306);
#5308=CYLINDRICAL_SURFACE('',#5307,2.189291052);
#5309=ORIENTED_EDGE('',*,*,#4744,.F.);
#5310=ORIENTED_EDGE('',*,*,#4835,.F.);
#5311=ORIENTED_EDGE('',*,*,#4396,.F.);
#5312=ORIENTED_EDGE('',*,*,#4990,.F.);
#5313=EDGE_LOOP('',(#5309,#5310,#5311,#5312));
#5314=FACE_BOUND('',#5313,.T.);
#5315=ADVANCED_FACE('',(#5314),#5308,.F.);
#5316=CARTESIAN_POINT('',(117.988350601,724.954855957,20.000000149));
#5317=DIRECTION('',(-0.,0.,1.));
#5318=DIRECTION('',(0.,-1.,0.));
#5319=AXIS2_PLACEMENT_3D('',#5316,#5317,#5318);
#5320=CONICAL_SURFACE('',#5319,3.609705172,45.);
#5321=CARTESIAN_POINT('',(117.988350601,721.345150785,20.000000149));
#5322=VERTEX_POINT('',#5321);
#5323=CARTESIAN_POINT('',(117.988350601,721.854855957,19.490294977));
#5324=VERTEX_POINT('',#5323);
#5325=CARTESIAN_POINT('',(117.988350601,721.345150785,20.000000149));
#5326=DIRECTION('',(0.,0.707106781,-0.707106781));
#5327=VECTOR('',#5326,0.720831967);
#5328=LINE('',#5325,#5327);
#5329=EDGE_CURVE('',#5322,#5324,#5328,.T.);
#5330=ORIENTED_EDGE('',*,*,#5329,.F.);
#5331=CARTESIAN_POINT('',(121.598055773,724.954855957,20.000000149));
#5332=VERTEX_POINT('',#5331);
#5333=CARTESIAN_POINT('',(117.988350601,724.954855957,20.000000149));
#5334=DIRECTION('',(-0.,-0.,-1.));
#5335=DIRECTION('',(1.,0.,-0.));
#5336=AXIS2_PLACEMENT_3D('',#5333,#5334,#5335);
#5337=CIRCLE('',#5336,3.609705172);
#5338=EDGE_CURVE('',#5332,#5322,#5337,.T.);
#5339=ORIENTED_EDGE('',*,*,#5338,.F.);
#5340=CARTESIAN_POINT('',(117.988350601,724.954855957,20.000000149));
#5341=DIRECTION('',(-0.,-0.,-1.));
#5342=DIRECTION('',(1.,0.,-0.));
#5343=AXIS2_PLACEMENT_3D('',#5340,#5341,#5342);
#5344=CIRCLE('',#5343,3.609705172);
#5345=EDGE_CURVE('',#5322,#5332,#5344,.T.);
#5346=ORIENTED_EDGE('',*,*,#5345,.F.);
#5347=ORIENTED_EDGE('',*,*,#5329,.T.);
#5348=CARTESIAN_POINT('',(117.988350601,724.954855957,19.490294977));
#5349=DIRECTION('',(-0.,0.,1.));
#5350=DIRECTION('',(0.,-1.,0.));
#5351=AXIS2_PLACEMENT_3D('',#5348,#5349,#5350);
#5352=CIRCLE('',#5351,3.1);
#5353=EDGE_CURVE('',#5324,#5324,#5352,.T.);
#5354=ORIENTED_EDGE('',*,*,#5353,.F.);
#5355=EDGE_LOOP('',(#5330,#5339,#5346,#5347,#5354));
#5356=FACE_BOUND('',#5355,.T.);
#5357=ADVANCED_FACE('',(#5356),#5320,.F.);
#5358=CARTESIAN_POINT('',(94.944376498,724.954855957,20.000000149));
#5359=DIRECTION('',(-0.,0.,1.));
#5360=DIRECTION('',(0.,-1.,0.));
#5361=AXIS2_PLACEMENT_3D('',#5358,#5359,#5360);
#5362=CONICAL_SURFACE('',#5361,3.609705172,45.);
#5363=CARTESIAN_POINT('',(94.944376498,721.345150785,20.000000149));
#5364=VERTEX_POINT('',#5363);
#5365=CARTESIAN_POINT('',(94.944376498,721.854855957,19.490294977));
#5366=VERTEX_POINT('',#5365);
#5367=CARTESIAN_POINT('',(94.944376498,721.345150785,20.000000149));
#5368=DIRECTION('',(0.,0.707106781,-0.707106781));
#5369=VECTOR('',#5368,0.720831967);
#5370=LINE('',#5367,#5369);
#5371=EDGE_CURVE('',#5364,#5366,#5370,.T.);
#5372=ORIENTED_EDGE('',*,*,#5371,.F.);
#5373=CARTESIAN_POINT('',(98.55408167,724.954855957,20.000000149));
#5374=VERTEX_POINT('',#5373);
#5375=CARTESIAN_POINT('',(94.944376498,724.954855957,20.000000149));
#5376=DIRECTION('',(-0.,-0.,-1.));
#5377=DIRECTION('',(1.,0.,-0.));
#5378=AXIS2_PLACEMENT_3D('',#5375,#5376,#5377);
#5379=CIRCLE('',#5378,3.609705172);
#5380=EDGE_CURVE('',#5374,#5364,#5379,.T.);
#5381=ORIENTED_EDGE('',*,*,#5380,.F.);
#5382=CARTESIAN_POINT('',(94.944376498,724.954855957,20.000000149));
#5383=DIRECTION('',(-0.,-0.,-1.));
#5384=DIRECTION('',(1.,0.,-0.));
#5385=AXIS2_PLACEMENT_3D('',#5382,#5383,#5384);
#5386=CIRCLE('',#5385,3.609705172);
#5387=EDGE_CURVE('',#5364,#5374,#5386,.T.);
#5388=ORIENTED_EDGE('',*,*,#5387,.F.);
#5389=ORIENTED_EDGE('',*,*,#5371,.T.);
#5390=CARTESIAN_POINT('',(94.944376498,724.954855957,19.490294977));
#5391=DIRECTION('',(-0.,0.,1.));
#5392=DIRECTION('',(0.,-1.,0.));
#5393=AXIS2_PLACEMENT_3D('',#5390,#5391,#5392);
#5394=CIRCLE('',#5393,3.1);
#5395=EDGE_CURVE('',#5366,#5366,#5394,.T.);
#5396=ORIENTED_EDGE('',*,*,#5395,.F.);
#5397=EDGE_LOOP('',(#5372,#5381,#5388,#5389,#5396));
#5398=FACE_BOUND('',#5397,.T.);
#5399=ADVANCED_FACE('',(#5398),#5362,.F.);
#5400=CARTESIAN_POINT('',(118.516990619,739.,16.850000149));
#5401=DIRECTION('',(0.,0.,-1.));
#5402=DIRECTION('',(0.,1.,0.));
#5403=AXIS2_PLACEMENT_3D('',#5400,#5401,#5402);
#5404=PLANE('',#5403);
#5405=CARTESIAN_POINT('',(117.988350601,721.854855957,16.850000149));
#5406=VERTEX_POINT('',#5405);
#5407=CARTESIAN_POINT('',(117.988350601,728.054855957,16.850000149));
#5408=VERTEX_POINT('',#5407);
#5409=CARTESIAN_POINT('',(117.988350601,724.954855957,16.850000149));
#5410=DIRECTION('',(0.,0.,-1.));
#5411=DIRECTION('',(0.,1.,0.));
#5412=AXIS2_PLACEMENT_3D('',#5409,#5410,#5411);
#5413=CIRCLE('',#5412,3.1);
#5414=EDGE_CURVE('',#5406,#5408,#5413,.T.);
#5415=ORIENTED_EDGE('',*,*,#5414,.F.);
#5416=CARTESIAN_POINT('',(117.988350601,724.954855957,16.850000149));
#5417=DIRECTION('',(0.,0.,-1.));
#5418=DIRECTION('',(0.,1.,0.));
#5419=AXIS2_PLACEMENT_3D('',#5416,#5417,#5418);
#5420=CIRCLE('',#5419,3.1);
#5421=EDGE_CURVE('',#5408,#5406,#5420,.T.);
#5422=ORIENTED_EDGE('',*,*,#5421,.F.);
#5423=EDGE_LOOP('',(#5415,#5422));
#5424=FACE_BOUND('',#5423,.T.);
#5425=ADVANCED_FACE('',(#5424),#5404,.F.);
#5426=CARTESIAN_POINT('',(118.516990619,739.,16.850000149));
#5427=DIRECTION('',(0.,0.,-1.));
#5428=DIRECTION('',(0.,1.,0.));
#5429=AXIS2_PLACEMENT_3D('',#5426,#5427,#5428);
#5430=PLANE('',#5429);
#5431=CARTESIAN_POINT('',(94.944376498,721.854855957,16.850000149));
#5432=VERTEX_POINT('',#5431);
#5433=CARTESIAN_POINT('',(94.944376498,728.054855957,16.850000149));
#5434=VERTEX_POINT('',#5433);
#5435=CARTESIAN_POINT('',(94.944376498,724.954855957,16.850000149));
#5436=DIRECTION('',(0.,0.,-1.));
#5437=DIRECTION('',(0.,1.,0.));
#5438=AXIS2_PLACEMENT_3D('',#5435,#5436,#5437);
#5439=CIRCLE('',#5438,3.1);
#5440=EDGE_CURVE('',#5432,#5434,#5439,.T.);
#5441=ORIENTED_EDGE('',*,*,#5440,.F.);
#5442=CARTESIAN_POINT('',(94.944376498,724.954855957,16.850000149));
#5443=DIRECTION('',(0.,0.,-1.));
#5444=DIRECTION('',(0.,1.,0.));
#5445=AXIS2_PLACEMENT_3D('',#5442,#5443,#5444);
#5446=CIRCLE('',#5445,3.1);
#5447=EDGE_CURVE('',#5434,#5432,#5446,.T.);
#5448=ORIENTED_EDGE('',*,*,#5447,.F.);
#5449=EDGE_LOOP('',(#5441,#5448));
#5450=FACE_BOUND('',#5449,.T.);
#5451=ADVANCED_FACE('',(#5450),#5430,.F.);
#5452=CARTESIAN_POINT('',(94.944376498,724.954855957,16.850000149));
#5453=DIRECTION('',(-0.,0.,1.));
#5454=DIRECTION('',(0.,-1.,0.));
#5455=AXIS2_PLACEMENT_3D('',#5452,#5453,#5454);
#5456=CYLINDRICAL_SURFACE('',#5455,3.1);
#5457=CARTESIAN_POINT('',(94.944376498,721.854855957,19.490294977));
#5458=DIRECTION('',(0.,-0.,-1.));
#5459=VECTOR('',#5458,2.640294828);
#5460=LINE('',#5457,#5459);
#5461=EDGE_CURVE('',#5366,#5432,#5460,.T.);
#5462=ORIENTED_EDGE('',*,*,#5461,.F.);
#5463=ORIENTED_EDGE('',*,*,#5395,.T.);
#5464=ORIENTED_EDGE('',*,*,#5461,.T.);
#5465=ORIENTED_EDGE('',*,*,#5440,.T.);
#5466=ORIENTED_EDGE('',*,*,#5447,.T.);
#5467=EDGE_LOOP('',(#5462,#5463,#5464,#5465,#5466));
#5468=FACE_BOUND('',#5467,.T.);
#5469=ADVANCED_FACE('',(#5468),#5456,.F.);
#5470=CARTESIAN_POINT('',(117.988350601,724.954855957,16.850000149));
#5471=DIRECTION('',(-0.,0.,1.));
#5472=DIRECTION('',(0.,-1.,0.));
#5473=AXIS2_PLACEMENT_3D('',#5470,#5471,#5472);
#5474=CYLINDRICAL_SURFACE('',#5473,3.1);
#5475=CARTESIAN_POINT('',(117.988350601,721.854855957,19.490294977));
#5476=DIRECTION('',(0.,-0.,-1.));
#5477=VECTOR('',#5476,2.640294828);
#5478=LINE('',#5475,#5477);
#5479=EDGE_CURVE('',#5324,#5406,#5478,.T.);
#5480=ORIENTED_EDGE('',*,*,#5479,.F.);
#5481=ORIENTED_EDGE('',*,*,#5353,.T.);
#5482=ORIENTED_EDGE('',*,*,#5479,.T.);
#5483=ORIENTED_EDGE('',*,*,#5414,.T.);
#5484=ORIENTED_EDGE('',*,*,#5421,.T.);
#5485=EDGE_LOOP('',(#5480,#5481,#5482,#5483,#5484));
#5486=FACE_BOUND('',#5485,.T.);
#5487=ADVANCED_FACE('',(#5486),#5474,.F.);
#5488=CARTESIAN_POINT('',(87.423436858,722.90644624,20.000000149));
#5489=DIRECTION('',(0.,0.,-1.));
#5490=DIRECTION('',(-1.,0.,0.));
#5491=AXIS2_PLACEMENT_3D('',#5488,#5489,#5490);
#5492=CYLINDRICAL_SURFACE('',#5491,2.40644624);
#5493=ORIENTED_EDGE('',*,*,#4574,.F.);
#5494=ORIENTED_EDGE('',*,*,#4363,.T.);
#5495=ORIENTED_EDGE('',*,*,#5047,.F.);
#5496=CARTESIAN_POINT('',(87.423436858,722.90644624,20.000000149));
#5497=DIRECTION('',(-0.,-0.,1.));
#5498=DIRECTION('',(-1.,0.,0.));
#5499=AXIS2_PLACEMENT_3D('',#5496,#5497,#5498);
#5500=CIRCLE('',#5499,2.40644624);
#5501=EDGE_CURVE('',#4569,#5042,#5500,.T.);
#5502=ORIENTED_EDGE('',*,*,#5501,.F.);
#5503=EDGE_LOOP('',(#5493,#5494,#5495,#5502));
#5504=FACE_BOUND('',#5503,.T.);
#5505=ADVANCED_FACE('',(#5504),#5492,.T.);
#5506=CARTESIAN_POINT('',(85.016990619,720.5,20.000000149));
#5507=DIRECTION('',(0.,0.,1.));
#5508=DIRECTION('',(1.,0.,0.));
#5509=AXIS2_PLACEMENT_3D('',#5506,#5507,#5508);
#5510=PLANE('',#5509);
#5511=ORIENTED_EDGE('',*,*,#5380,.T.);
#5512=ORIENTED_EDGE('',*,*,#5387,.T.);
#5513=EDGE_LOOP('',(#5511,#5512));
#5514=FACE_BOUND('',#5513,.T.);
#5515=ORIENTED_EDGE('',*,*,#5338,.T.);
#5516=ORIENTED_EDGE('',*,*,#5345,.T.);
#5517=EDGE_LOOP('',(#5515,#5516));
#5518=FACE_BOUND('',#5517,.T.);
#5519=ORIENTED_EDGE('',*,*,#5069,.T.);
#5520=ORIENTED_EDGE('',*,*,#5092,.T.);
#5521=ORIENTED_EDGE('',*,*,#5213,.T.);
#5522=ORIENTED_EDGE('',*,*,#5109,.T.);
#5523=ORIENTED_EDGE('',*,*,#4582,.T.);
#5524=ORIENTED_EDGE('',*,*,#5501,.T.);
#5525=EDGE_LOOP('',(#5519,#5520,#5521,#5522,#5523,#5524));
#5526=FACE_BOUND('',#5525,.T.);
#5527=ADVANCED_FACE('',(#5514,#5518,#5526),#5510,.T.);
#5528=CARTESIAN_POINT('',(85.016990619,720.5,20.000000149));
#5529=DIRECTION('',(0.,0.,1.));
#5530=DIRECTION('',(1.,0.,0.));
#5531=AXIS2_PLACEMENT_3D('',#5528,#5529,#5530);
#5532=PLANE('',#5531);
#5533=ORIENTED_EDGE('',*,*,#5140,.F.);
#5534=ORIENTED_EDGE('',*,*,#5231,.T.);
#5535=ORIENTED_EDGE('',*,*,#5159,.F.);
#5536=ORIENTED_EDGE('',*,*,#5195,.F.);
#5537=ORIENTED_EDGE('',*,*,#5262,.T.);
#5538=ORIENTED_EDGE('',*,*,#4437,.F.);
#5539=ORIENTED_EDGE('',*,*,#4926,.T.);
#5540=ORIENTED_EDGE('',*,*,#4477,.F.);
#5541=ORIENTED_EDGE('',*,*,#4908,.T.);
#5542=ORIENTED_EDGE('',*,*,#4551,.F.);
#5543=EDGE_LOOP('',(#5533,#5534,#5535,#5536,#5537,#5538,#5539,#5540,#5541,#5542));
#5544=FACE_BOUND('',#5543,.T.);
#5545=ADVANCED_FACE('',(#5544),#5532,.T.);
#5546=CLOSED_SHELL('',(#4373,#4447,#4487,#4561,#4650,#4689,#4770,#4824,#4846,#4868,#4881,#4895,#4913,#4931,#5035,#5073,#5097,#5121,#5145,#5176,#5200,#5218,#5236,#5249,#5267,#5279,
#5291,#5303,#5315,#5357,#5399,#5425,#5451,#5469,#5487,#5505,#5527,#5545));
#5547=MANIFOLD_SOLID_BREP('300mm Bucket.002',#5546);
#4297=STYLED_ITEM('',(),#5547);
#5549=CARTESIAN_POINT('',(-75.,716.,27.42657623));
#5550=DIRECTION('',(0.,0.,-1.));
#5551=DIRECTION('',(-1.,0.,0.));
#5552=AXIS2_PLACEMENT_3D('',#5549,#5550,#5551);
#5553=CYLINDRICAL_SURFACE('',#5552,6.222499174);
#5554=CARTESIAN_POINT('',(-70.702384851,720.5,25.925764506));
#5555=VERTEX_POINT('',#5554);
#5556=CARTESIAN_POINT('',(-70.702384851,720.5,24.867747099));
#5557=VERTEX_POINT('',#5556);
#5558=CARTESIAN_POINT('',(-70.702384851,720.5,25.925764506));
#5559=DIRECTION('',(0.,0.,-1.));
#5560=VECTOR('',#5559,1.058017407);
#5561=LINE('',#5558,#5560);
#5562=EDGE_CURVE('',#5555,#5557,#5561,.T.);
#5563=ORIENTED_EDGE('',*,*,#5562,.T.);
#5564=CARTESIAN_POINT('',(-72.202154673,721.558017407,25.925764507));
#5565=VERTEX_POINT('',#5564);
#5566=CARTESIAN_POINT('',(-70.702384851,720.5,24.867747099));
#5567=CARTESIAN_POINT('',(-70.702384851,720.5,24.967157887));
#5568=CARTESIAN_POINT('',(-70.716883618,720.51395984,25.063635261));
#5569=CARTESIAN_POINT('',(-70.744409731,720.539762927,25.155077305));
#5570=CARTESIAN_POINT('',(-70.771935844,720.565566014,25.246519349));
#5571=CARTESIAN_POINT('',(-70.81166146,720.602343262,25.329719952));
#5572=CARTESIAN_POINT('',(-70.860320902,720.645702631,25.403547979));
#5573=CARTESIAN_POINT('',(-70.957639786,720.732421368,25.551204032));
#5574=CARTESIAN_POINT('',(-71.087950669,720.842265106,25.658130813));
#5575=CARTESIAN_POINT('',(-71.23066567,720.950920588,25.734254045));
#5576=CARTESIAN_POINT('',(-71.37338067,721.059576071,25.810377278));
#5577=CARTESIAN_POINT('',(-71.531944606,721.170015765,25.857755642));
#5578=CARTESIAN_POINT('',(-71.694879243,721.27216016,25.886416069));
#5579=CARTESIAN_POINT('',(-71.857813879,721.374304554,25.915076496));
#5580=CARTESIAN_POINT('',(-72.027059041,721.469876176,25.925764507));
#5581=CARTESIAN_POINT('',(-72.202154673,721.558017407,25.925764507));
#5582=B_SPLINE_CURVE_WITH_KNOTS('',3,(#5566,#5567,#5568,#5569,#5570,#5571,#5572,#5573,#5574,#5575,#5576,#5577,#5578,#5579,#5580,#5581),.UNSPECIFIED.,.F.,.F.,(4,3,3,3,3,4),(0.,0.000293167,0.000586334,0.001172668,0.001759002,0.002345336),.UNSPECIFIED.);
#5583=EDGE_CURVE('',#5557,#5565,#5582,.T.);
#5584=ORIENTED_EDGE('',*,*,#5583,.T.);
#5585=CARTESIAN_POINT('',(-75.,716.,25.92576451));
#5586=DIRECTION('',(0.000000001,-0.,1.));
#5587=DIRECTION('',(-1.,0.,0.000000001));
#5588=AXIS2_PLACEMENT_3D('',#5585,#5586,#5587);
#5589=CIRCLE('',#5588,6.222499174);
#5590=EDGE_CURVE('',#5555,#5565,#5589,.T.);
#5591=ORIENTED_EDGE('',*,*,#5590,.F.);
#5592=EDGE_LOOP('',(#5563,#5584,#5591));
#5593=FACE_BOUND('',#5592,.T.);
#5594=ADVANCED_FACE('',(#5593),#5553,.T.);
#5595=CARTESIAN_POINT('',(-75.,716.,27.42657623));
#5596=DIRECTION('',(0.,0.,-1.));
#5597=DIRECTION('',(-1.,0.,0.));
#5598=AXIS2_PLACEMENT_3D('',#5595,#5596,#5597);
#5599=CYLINDRICAL_SURFACE('',#5598,6.222499174);
#5600=CARTESIAN_POINT('',(-77.797845327,721.558017407,25.925764513));
#5601=VERTEX_POINT('',#5600);
#5602=CARTESIAN_POINT('',(-79.297615149,720.5,24.867747108));
#5603=VERTEX_POINT('',#5602);
#5604=CARTESIAN_POINT('',(-77.797845327,721.558017407,25.925764513));
#5605=CARTESIAN_POINT('',(-77.972788194,721.469953076,25.925764513));
#5606=CARTESIAN_POINT('',(-78.14143066,721.374696577,25.915062241));
#5607=CARTESIAN_POINT('',(-78.303236115,721.273341174,25.886746751));
#5608=CARTESIAN_POINT('',(-78.384138843,721.222663472,25.872589006));
#5609=CARTESIAN_POINT('',(-78.46332741,721.170464611,25.853987365));
#5610=CARTESIAN_POINT('',(-78.54066617,721.116950169,25.829443798));
#5611=CARTESIAN_POINT('',(-78.618004931,721.063435727,25.804900231));
#5612=CARTESIAN_POINT('',(-78.694168505,721.008078031,25.774083756));
#5613=CARTESIAN_POINT('',(-78.76638143,720.95316736,25.735823863));
#5614=CARTESIAN_POINT('',(-78.910807279,720.843346018,25.659304077));
#5615=CARTESIAN_POINT('',(-79.041455503,720.733182245,25.55181463));
#5616=CARTESIAN_POINT('',(-79.138464407,720.646784729,25.405386244));
#5617=CARTESIAN_POINT('',(-79.186968859,720.603585972,25.332172051));
#5618=CARTESIAN_POINT('',(-79.22747901,720.566108076,25.247791871));
#5619=CARTESIAN_POINT('',(-79.255023556,720.540294099,25.156953092));
#5620=CARTESIAN_POINT('',(-79.26879583,720.52738711,25.111533702));
#5621=CARTESIAN_POINT('',(-79.279598152,720.517148851,25.063679029));
#5622=CARTESIAN_POINT('',(-79.286776044,720.510326719,25.015209158));
#5623=CARTESIAN_POINT('',(-79.293953936,720.503504588,24.966739288));
#5624=CARTESIAN_POINT('',(-79.297615149,720.5,24.917596116));
#5625=CARTESIAN_POINT('',(-79.297615149,720.5,24.867747108));
#5626=B_SPLINE_CURVE_WITH_KNOTS('',3,(#5604,#5605,#5606,#5607,#5608,#5609,#5610,#5611,#5612,#5613,#5614,#5615,#5616,#5617,#5618,#5619,#5620,#5621,#5622,#5623,#5624,#5625),.UNSPECIFIED.,.F.,.F.,(4,3,3,3,3,3,3,4),(0.,0.000579035,0.000868552,0.001158069,0.001737104,0.002026621,0.002171379,0.002316138),.UNSPECIFIED.);
#5627=EDGE_CURVE('',#5601,#5603,#5626,.T.);
#5628=ORIENTED_EDGE('',*,*,#5627,.T.);
#5629=CARTESIAN_POINT('',(-79.297615149,720.5,25.925764514));
#5630=VERTEX_POINT('',#5629);
#5631=CARTESIAN_POINT('',(-79.297615149,720.5,24.867747108));
#5632=DIRECTION('',(-0.,-0.,1.));
#5633=VECTOR('',#5632,1.058017407);
#5634=LINE('',#5631,#5633);
#5635=EDGE_CURVE('',#5603,#5630,#5634,.T.);
#5636=ORIENTED_EDGE('',*,*,#5635,.T.);
#5637=CARTESIAN_POINT('',(-75.,716.,25.92576451));
#5638=DIRECTION('',(0.000000001,-0.,1.));
#5639=DIRECTION('',(-1.,0.,0.000000001));
#5640=AXIS2_PLACEMENT_3D('',#5637,#5638,#5639);
#5641=CIRCLE('',#5640,6.222499174);
#5642=EDGE_CURVE('',#5601,#5630,#5641,.T.);
#5643=ORIENTED_EDGE('',*,*,#5642,.F.);
#5644=EDGE_LOOP('',(#5628,#5636,#5643));
#5645=FACE_BOUND('',#5644,.T.);
#5646=ADVANCED_FACE('',(#5645),#5599,.T.);
#5647=CARTESIAN_POINT('',(-65.000000002,667.312020146,25.9257645));
#5648=DIRECTION('',(-0.000000001,0.,-1.));
#5649=DIRECTION('',(-1.,0.,0.000000001));
#5650=AXIS2_PLACEMENT_3D('',#5647,#5648,#5649);
#5651=PLANE('',#5650);
#5652=CARTESIAN_POINT('',(-83.890872168,721.558017407,25.925764519));
#5653=VERTEX_POINT('',#5652);
#5654=CARTESIAN_POINT('',(-81.983886896,721.558017407,25.925764517));
#5655=VERTEX_POINT('',#5654);
#5656=CARTESIAN_POINT('',(-83.890872168,721.558017407,25.925764519));
#5657=DIRECTION('',(1.,0.,-0.000000001));
#5658=VECTOR('',#5657,1.906985272);
#5659=LINE('',#5656,#5658);
#5660=EDGE_CURVE('',#5653,#5655,#5659,.T.);
#5661=ORIENTED_EDGE('',*,*,#5660,.T.);
#5662=CARTESIAN_POINT('',(-81.983886896,727.917696426,25.925764517));
#5663=VERTEX_POINT('',#5662);
#5664=CARTESIAN_POINT('',(-81.983886896,721.558017407,25.925764517));
#5665=DIRECTION('',(-0.,1.,0.));
#5666=VECTOR('',#5665,6.359679019);
#5667=LINE('',#5664,#5666);
#5668=EDGE_CURVE('',#5655,#5663,#5667,.T.);
#5669=ORIENTED_EDGE('',*,*,#5668,.T.);
#5670=CARTESIAN_POINT('',(-79.701583321,730.2,25.925764515));
#5671=VERTEX_POINT('',#5670);
#5672=CARTESIAN_POINT('',(-79.701583321,727.917696426,25.925764515));
#5673=DIRECTION('',(-0.000000001,0.,-1.));
#5674=DIRECTION('',(-1.,0.,0.000000001));
#5675=AXIS2_PLACEMENT_3D('',#5672,#5673,#5674);
#5676=CIRCLE('',#5675,2.282303574);
#5677=EDGE_CURVE('',#5663,#5671,#5676,.T.);
#5678=ORIENTED_EDGE('',*,*,#5677,.T.);
#5679=CARTESIAN_POINT('',(-83.890872168,730.2,25.925764505));
#5680=VERTEX_POINT('',#5679);
#5681=CARTESIAN_POINT('',(-83.890872168,730.2,25.925764505));
#5682=DIRECTION('',(1.,0.,0.));
#5683=VECTOR('',#5682,4.189288846);
#5684=LINE('',#5681,#5683);
#5685=EDGE_CURVE('',#5680,#5671,#5684,.T.);
#5686=ORIENTED_EDGE('',*,*,#5685,.F.);
#5687=CARTESIAN_POINT('',(-83.890872168,730.2,25.925764519));
#5688=DIRECTION('',(0.,-1.,-0.));
#5689=VECTOR('',#5688,8.641982593);
#5690=LINE('',#5687,#5689);
#5691=EDGE_CURVE('',#5680,#5653,#5690,.T.);
#5692=ORIENTED_EDGE('',*,*,#5691,.T.);
#5693=EDGE_LOOP('',(#5661,#5669,#5678,#5686,#5692));
#5694=FACE_BOUND('',#5693,.T.);
#5695=ADVANCED_FACE('',(#5694),#5651,.F.);
#5696=CARTESIAN_POINT('',(-65.,720.5,25.925764505));
#5697=DIRECTION('',(0.,-1.,0.));
#5698=DIRECTION('',(0.,-0.,-1.));
#5699=AXIS2_PLACEMENT_3D('',#5696,#5697,#5698);
#5700=PLANE('',#5699);
#5701=CARTESIAN_POINT('',(-83.890872169,720.5,24.867747112));
#5702=VERTEX_POINT('',#5701);
#5703=CARTESIAN_POINT('',(-83.941982593,720.5,24.816636688));
#5704=VERTEX_POINT('',#5703);
#5705=CARTESIAN_POINT('',(-83.890872169,720.5,24.816636688));
#5706=DIRECTION('',(0.,-1.,0.));
#5707=DIRECTION('',(0.,-0.,-1.));
#5708=AXIS2_PLACEMENT_3D('',#5705,#5706,#5707);
#5709=CIRCLE('',#5708,0.051110425);
#5710=EDGE_CURVE('',#5702,#5704,#5709,.T.);
#5711=ORIENTED_EDGE('',*,*,#5710,.T.);
#5712=CARTESIAN_POINT('',(-83.941982593,720.5,20.000000149));
#5713=VERTEX_POINT('',#5712);
#5714=CARTESIAN_POINT('',(-83.941982593,720.5,24.816636688));
#5715=DIRECTION('',(0.,-0.,-1.));
#5716=VECTOR('',#5715,4.816636539);
#5717=LINE('',#5714,#5716);
#5718=EDGE_CURVE('',#5704,#5713,#5717,.T.);
#5719=ORIENTED_EDGE('',*,*,#5718,.T.);
#5720=CARTESIAN_POINT('',(-79.297615149,720.5,20.000000149));
#5721=VERTEX_POINT('',#5720);
#5722=CARTESIAN_POINT('',(-79.297615149,720.5,20.000000149));
#5723=DIRECTION('',(-1.,-0.,-0.));
#5724=VECTOR('',#5723,4.644367444);
#5725=LINE('',#5722,#5724);
#5726=EDGE_CURVE('',#5721,#5713,#5725,.T.);
#5727=ORIENTED_EDGE('',*,*,#5726,.F.);
#5728=CARTESIAN_POINT('',(-79.297615149,720.5,24.101282581));
#5729=VERTEX_POINT('',#5728);
#5730=CARTESIAN_POINT('',(-79.297615149,720.5,24.101282581));
#5731=DIRECTION('',(0.,0.,-1.));
#5732=VECTOR('',#5731,4.101282432);
#5733=LINE('',#5730,#5732);
#5734=EDGE_CURVE('',#5729,#5721,#5733,.T.);
#5735=ORIENTED_EDGE('',*,*,#5734,.F.);
#5736=CARTESIAN_POINT('',(-70.702384851,720.5,24.101282581));
#5737=VERTEX_POINT('',#5736);
#5738=CARTESIAN_POINT('',(-79.297615149,720.5,24.101282581));
#5739=DIRECTION('',(1.,0.,0.));
#5740=VECTOR('',#5739,8.595230298);
#5741=LINE('',#5738,#5740);
#5742=EDGE_CURVE('',#5729,#5737,#5741,.T.);
#5743=ORIENTED_EDGE('',*,*,#5742,.T.);
#5744=CARTESIAN_POINT('',(-70.702384851,720.5,20.000000149));
#5745=VERTEX_POINT('',#5744);
#5746=CARTESIAN_POINT('',(-70.702384851,720.5,20.000000149));
#5747=DIRECTION('',(-0.,-0.,1.));
#5748=VECTOR('',#5747,4.101282432);
#5749=LINE('',#5746,#5748);
#5750=EDGE_CURVE('',#5745,#5737,#5749,.T.);
#5751=ORIENTED_EDGE('',*,*,#5750,.F.);
#5752=CARTESIAN_POINT('',(-66.058017407,720.5,20.000000149));
#5753=VERTEX_POINT('',#5752);
#5754=CARTESIAN_POINT('',(-66.058017407,720.5,20.000000149));
#5755=DIRECTION('',(-1.,-0.,-0.));
#5756=VECTOR('',#5755,4.644367444);
#5757=LINE('',#5754,#5756);
#5758=EDGE_CURVE('',#5753,#5745,#5757,.T.);
#5759=ORIENTED_EDGE('',*,*,#5758,.F.);
#5760=CARTESIAN_POINT('',(-66.058017407,720.5,24.81663667));
#5761=VERTEX_POINT('',#5760);
#5762=CARTESIAN_POINT('',(-66.058017407,720.5,20.000000149));
#5763=DIRECTION('',(-0.,0.,1.));
#5764=VECTOR('',#5763,4.816636521);
#5765=LINE('',#5762,#5764);
#5766=EDGE_CURVE('',#5753,#5761,#5765,.T.);
#5767=ORIENTED_EDGE('',*,*,#5766,.T.);
#5768=CARTESIAN_POINT('',(-66.109127831,720.5,24.867747095));
#5769=VERTEX_POINT('',#5768);
#5770=CARTESIAN_POINT('',(-66.109127831,720.5,24.81663667));
#5771=DIRECTION('',(0.,-1.,0.));
#5772=DIRECTION('',(0.,-0.,-1.));
#5773=AXIS2_PLACEMENT_3D('',#5770,#5771,#5772);
#5774=CIRCLE('',#5773,0.051110425);
#5775=EDGE_CURVE('',#5761,#5769,#5774,.T.);
#5776=ORIENTED_EDGE('',*,*,#5775,.T.);
#5777=CARTESIAN_POINT('',(-66.109127831,720.5,24.867747095));
#5778=DIRECTION('',(-1.,-0.,0.000000001));
#5779=VECTOR('',#5778,4.59325702);
#5780=LINE('',#5777,#5779);
#5781=EDGE_CURVE('',#5769,#5557,#5780,.T.);
#5782=ORIENTED_EDGE('',*,*,#5781,.T.);
#5783=ORIENTED_EDGE('',*,*,#5562,.F.);
#5784=CARTESIAN_POINT('',(-69.074130511,720.5,25.925764504));
#5785=VERTEX_POINT('',#5784);
#5786=CARTESIAN_POINT('',(-70.702384851,720.5,25.925764506));
#5787=DIRECTION('',(1.,0.,-0.000000001));
#5788=VECTOR('',#5787,1.62825434);
#5789=LINE('',#5786,#5788);
#5790=EDGE_CURVE('',#5555,#5785,#5789,.T.);
#5791=ORIENTED_EDGE('',*,*,#5790,.T.);
#5792=CARTESIAN_POINT('',(-69.074130511,720.5,37.469942416));
#5793=VERTEX_POINT('',#5792);
#5794=CARTESIAN_POINT('',(-69.074130511,720.5,25.925764504));
#5795=DIRECTION('',(-0.,0.,1.));
#5796=VECTOR('',#5795,11.544177911);
#5797=LINE('',#5794,#5796);
#5798=EDGE_CURVE('',#5785,#5793,#5797,.T.);
#5799=ORIENTED_EDGE('',*,*,#5798,.T.);
#5800=CARTESIAN_POINT('',(-80.925869489,720.5,37.469942416));
#5801=VERTEX_POINT('',#5800);
#5802=CARTESIAN_POINT('',(-69.074130511,720.5,37.469942416));
#5803=DIRECTION('',(-1.,-0.,0.));
#5804=VECTOR('',#5803,11.851738978);
#5805=LINE('',#5802,#5804);
#5806=EDGE_CURVE('',#5793,#5801,#5805,.T.);
#5807=ORIENTED_EDGE('',*,*,#5806,.T.);
#5808=CARTESIAN_POINT('',(-80.925869489,720.5,25.925764516));
#5809=VERTEX_POINT('',#5808);
#5810=CARTESIAN_POINT('',(-80.925869489,720.5,37.469942416));
#5811=DIRECTION('',(0.,-0.,-1.));
#5812=VECTOR('',#5811,11.5441779);
#5813=LINE('',#5810,#5812);
#5814=EDGE_CURVE('',#5801,#5809,#5813,.T.);
#5815=ORIENTED_EDGE('',*,*,#5814,.T.);
#5816=CARTESIAN_POINT('',(-80.925869489,720.5,25.925764516));
#5817=DIRECTION('',(1.,0.,-0.000000001));
#5818=VECTOR('',#5817,1.62825434);
#5819=LINE('',#5816,#5818);
#5820=EDGE_CURVE('',#5809,#5630,#5819,.T.);
#5821=ORIENTED_EDGE('',*,*,#5820,.T.);
#5822=ORIENTED_EDGE('',*,*,#5635,.F.);
#5823=CARTESIAN_POINT('',(-79.297615149,720.5,24.867747108));
#5824=DIRECTION('',(-1.,-0.,0.000000001));
#5825=VECTOR('',#5824,4.59325702);
#5826=LINE('',#5823,#5825);
#5827=EDGE_CURVE('',#5603,#5702,#5826,.T.);
#5828=ORIENTED_EDGE('',*,*,#5827,.T.);
#5829=EDGE_LOOP('',(#5711,#5719,#5727,#5735,#5743,#5751,#5759,#5767,#5776,#5782,#5783,#5791,#5799,#5807,#5815,#5821,#5822,#5828));
#5830=FACE_BOUND('',#5829,.T.);
#5831=ADVANCED_FACE('',(#5830),#5700,.T.);
#5832=CARTESIAN_POINT('',(74.,755.100047274,25.925764505));
#5833=DIRECTION('',(0.,-0.,-1.));
#5834=DIRECTION('',(0.,1.,-0.));
#5835=AXIS2_PLACEMENT_3D('',#5832,#5833,#5834);
#5836=PLANE('',#5835);
#5837=CARTESIAN_POINT('',(-74.999999985,753.326077899,25.925764505));
#5838=VERTEX_POINT('',#5837);
#5839=CARTESIAN_POINT('',(-74.999999985,747.628189899,25.925764505));
#5840=VERTEX_POINT('',#5839);
#5841=CARTESIAN_POINT('',(-74.999999985,753.326077899,25.925764505));
#5842=CARTESIAN_POINT('',(-75.567045508,753.326077902,25.925764505));
#5843=CARTESIAN_POINT('',(-76.090243658,753.109214954,25.925764505));
#5844=CARTESIAN_POINT('',(-76.614376908,752.891964412,25.925764505));
#5845=CARTESIAN_POINT('',(-77.014507616,752.491641526,25.925764505));
#5846=CARTESIAN_POINT('',(-77.415605415,752.090351085,25.925764505));
#5847=CARTESIAN_POINT('',(-77.632081049,751.567377571,25.925764505));
#5848=CARTESIAN_POINT('',(-77.849079892,751.043140064,25.925764505));
#5849=CARTESIAN_POINT('',(-77.848944,750.477133899,25.925764505));
#5850=CARTESIAN_POINT('',(-77.84880778,749.909759734,25.925764505));
#5851=CARTESIAN_POINT('',(-77.632081049,749.386890227,25.925764505));
#5852=CARTESIAN_POINT('',(-77.414830505,748.862756978,25.925764505));
#5853=CARTESIAN_POINT('',(-77.014507616,748.462626272,25.925764505));
#5854=CARTESIAN_POINT('',(-76.613217173,748.061528476,25.925764505));
#5855=CARTESIAN_POINT('',(-76.090243658,747.845052844,25.925764505));
#5856=CARTESIAN_POINT('',(-75.566334445,747.628189896,25.925764505));
#5857=CARTESIAN_POINT('',(-74.999999985,747.628189899,25.925764505));
#5858=B_SPLINE_CURVE_WITH_KNOTS('',2,(#5841,#5842,#5843,#5844,#5845,#5846,#5847,#5848,#5849,#5850,#5851,#5852,#5853,#5854,#5855,#5856,#5857),.UNSPECIFIED.,.F.,.F.,(3,2,2,2,2,2,2,2,3),(0.,0.125,0.25,0.375,0.5,0.625,0.75,0.875,1.),.UNSPECIFIED.);
#5859=EDGE_CURVE('',#5838,#5840,#5858,.T.);
#5860=ORIENTED_EDGE('',*,*,#5859,.F.);
#5861=CARTESIAN_POINT('',(-72.151056,750.477133899,25.925764505));
#5862=VERTEX_POINT('',#5861);
#5863=CARTESIAN_POINT('',(-75.,750.477133899,25.925764505));
#5864=DIRECTION('',(0.,0.,1.));
#5865=DIRECTION('',(0.,-1.,0.));
#5866=AXIS2_PLACEMENT_3D('',#5863,#5864,#5865);
#5867=CIRCLE('',#5866,2.848944);
#5868=EDGE_CURVE('',#5862,#5838,#5867,.T.);
#5869=ORIENTED_EDGE('',*,*,#5868,.F.);
#5870=CARTESIAN_POINT('',(-75.,750.477133899,25.925764505));
#5871=DIRECTION('',(0.,0.,1.));
#5872=DIRECTION('',(0.,-1.,0.));
#5873=AXIS2_PLACEMENT_3D('',#5870,#5871,#5872);
#5874=CIRCLE('',#5873,2.848944);
#5875=EDGE_CURVE('',#5840,#5862,#5874,.T.);
#5876=ORIENTED_EDGE('',*,*,#5875,.F.);
#5877=EDGE_LOOP('',(#5860,#5869,#5876));
#5878=FACE_BOUND('',#5877,.T.);
#5879=CARTESIAN_POINT('',(-74.999999985,741.457011,25.925764505));
#5880=VERTEX_POINT('',#5879);
#5881=CARTESIAN_POINT('',(-74.999999985,735.759123,25.925764505));
#5882=VERTEX_POINT('',#5881);
#5883=CARTESIAN_POINT('',(-74.999999985,741.457011,25.925764505));
#5884=CARTESIAN_POINT('',(-75.567045508,741.457011003,25.925764505));
#5885=CARTESIAN_POINT('',(-76.090243658,741.240148055,25.925764505));
#5886=CARTESIAN_POINT('',(-76.614376908,741.022897513,25.925764505));
#5887=CARTESIAN_POINT('',(-77.014507616,740.622574627,25.925764505));
#5888=CARTESIAN_POINT('',(-77.415605415,740.221284186,25.925764505));
#5889=CARTESIAN_POINT('',(-77.632081049,739.698310672,25.925764505));
#5890=CARTESIAN_POINT('',(-77.849079892,739.174073165,25.925764505));
#5891=CARTESIAN_POINT('',(-77.848944,738.608067,25.925764505));
#5892=CARTESIAN_POINT('',(-77.84880778,738.040692835,25.925764505));
#5893=CARTESIAN_POINT('',(-77.632081049,737.517823328,25.925764505));
#5894=CARTESIAN_POINT('',(-77.414830505,736.993690079,25.925764505));
#5895=CARTESIAN_POINT('',(-77.014507616,736.593559373,25.925764505));
#5896=CARTESIAN_POINT('',(-76.613217173,736.192461577,25.925764505));
#5897=CARTESIAN_POINT('',(-76.090243658,735.975985945,25.925764505));
#5898=CARTESIAN_POINT('',(-75.566334445,735.759122997,25.925764505));
#5899=CARTESIAN_POINT('',(-74.999999985,735.759123,25.925764505));
#5900=B_SPLINE_CURVE_WITH_KNOTS('',2,(#5883,#5884,#5885,#5886,#5887,#5888,#5889,#5890,#5891,#5892,#5893,#5894,#5895,#5896,#5897,#5898,#5899),.UNSPECIFIED.,.F.,.F.,(3,2,2,2,2,2,2,2,3),(0.,0.125,0.25,0.375,0.5,0.625,0.75,0.875,1.),.UNSPECIFIED.);
#5901=EDGE_CURVE('',#5880,#5882,#5900,.T.);
#5902=ORIENTED_EDGE('',*,*,#5901,.F.);
#5903=CARTESIAN_POINT('',(-72.151056,738.608067,25.925764505));
#5904=VERTEX_POINT('',#5903);
#5905=CARTESIAN_POINT('',(-75.,738.608067,25.925764505));
#5906=DIRECTION('',(0.,0.,1.));
#5907=DIRECTION('',(-1.,0.,0.));
#5908=AXIS2_PLACEMENT_3D('',#5905,#5906,#5907);
#5909=CIRCLE('',#5908,2.848944);
#5910=EDGE_CURVE('',#5904,#5880,#5909,.T.);
#5911=ORIENTED_EDGE('',*,*,#5910,.F.);
#5912=CARTESIAN_POINT('',(-75.,738.608067,25.925764505));
#5913=DIRECTION('',(0.,0.,1.));
#5914=DIRECTION('',(-1.,0.,0.));
#5915=AXIS2_PLACEMENT_3D('',#5912,#5913,#5914);
#5916=CIRCLE('',#5915,2.848944);
#5917=EDGE_CURVE('',#5882,#5904,#5916,.T.);
#5918=ORIENTED_EDGE('',*,*,#5917,.F.);
#5919=EDGE_LOOP('',(#5902,#5911,#5918));
#5920=FACE_BOUND('',#5919,.T.);
#5921=CARTESIAN_POINT('',(-82.221047678,757.390872169,25.925764505));
#5922=VERTEX_POINT('',#5921);
#5923=CARTESIAN_POINT('',(-83.890872169,755.721047678,25.925764505));
#5924=VERTEX_POINT('',#5923);
#5925=CARTESIAN_POINT('',(-82.221047678,755.721047678,25.925764505));
#5926=DIRECTION('',(-0.,0.,1.));
#5927=DIRECTION('',(0.,1.,-0.));
#5928=AXIS2_PLACEMENT_3D('',#5925,#5926,#5927);
#5929=CIRCLE('',#5928,1.669824491);
#5930=EDGE_CURVE('',#5922,#5924,#5929,.T.);
#5931=ORIENTED_EDGE('',*,*,#5930,.T.);
#5932=CARTESIAN_POINT('',(-83.890872169,755.721047678,25.925764505));
#5933=DIRECTION('',(0.,-1.,0.));
#5934=VECTOR('',#5933,25.521047678);
#5935=LINE('',#5932,#5934);
#5936=EDGE_CURVE('',#5924,#5680,#5935,.T.);
#5937=ORIENTED_EDGE('',*,*,#5936,.T.);
#5938=ORIENTED_EDGE('',*,*,#5685,.T.);
#5939=CARTESIAN_POINT('',(-70.298416679,730.2,25.925764506));
#5940=VERTEX_POINT('',#5939);
#5941=CARTESIAN_POINT('',(-70.298416679,730.2,25.925764506));
#5942=DIRECTION('',(-1.,0.,0.000000001));
#5943=VECTOR('',#5942,9.403166643);
#5944=LINE('',#5941,#5943);
#5945=EDGE_CURVE('',#5940,#5671,#5944,.T.);
#5946=ORIENTED_EDGE('',*,*,#5945,.F.);
#5947=CARTESIAN_POINT('',(-66.109127831,730.2,25.925764505));
#5948=VERTEX_POINT('',#5947);
#5949=CARTESIAN_POINT('',(-70.298416679,730.2,25.925764505));
#5950=DIRECTION('',(1.,0.,0.));
#5951=VECTOR('',#5950,4.189288847);
#5952=LINE('',#5949,#5951);
#5953=EDGE_CURVE('',#5940,#5948,#5952,.T.);
#5954=ORIENTED_EDGE('',*,*,#5953,.T.);
#5955=CARTESIAN_POINT('',(-66.109127831,755.721047678,25.925764505));
#5956=VERTEX_POINT('',#5955);
#5957=CARTESIAN_POINT('',(-66.109127831,730.2,25.925764505));
#5958=DIRECTION('',(-0.,1.,-0.));
#5959=VECTOR('',#5958,25.521047678);
#5960=LINE('',#5957,#5959);
#5961=EDGE_CURVE('',#5948,#5956,#5960,.T.);
#5962=ORIENTED_EDGE('',*,*,#5961,.T.);
#5963=CARTESIAN_POINT('',(-67.778952322,757.390872169,25.925764505));
#5964=VERTEX_POINT('',#5963);
#5965=CARTESIAN_POINT('',(-67.778952322,755.721047678,25.925764505));
#5966=DIRECTION('',(-0.,0.,1.));
#5967=DIRECTION('',(0.,1.,-0.));
#5968=AXIS2_PLACEMENT_3D('',#5965,#5966,#5967);
#5969=CIRCLE('',#5968,1.669824491);
#5970=EDGE_CURVE('',#5956,#5964,#5969,.T.);
#5971=ORIENTED_EDGE('',*,*,#5970,.T.);
#5972=CARTESIAN_POINT('',(-67.778952322,757.390872169,25.925764505));
#5973=DIRECTION('',(-1.,-0.,-0.));
#5974=VECTOR('',#5973,14.442095355);
#5975=LINE('',#5972,#5974);
#5976=EDGE_CURVE('',#5964,#5922,#5975,.T.);
#5977=ORIENTED_EDGE('',*,*,#5976,.T.);
#5978=EDGE_LOOP('',(#5931,#5937,#5938,#5946,#5954,#5962,#5971,#5977));
#5979=FACE_BOUND('',#5978,.T.);
#5980=ADVANCED_FACE('',(#5878,#5920,#5979),#5836,.F.);
#5981=CARTESIAN_POINT('',(-82.221047678,755.721047678,25.925764505));
#5982=DIRECTION('',(0.,-0.,-1.));
#5983=DIRECTION('',(0.,1.,-0.));
#5984=AXIS2_PLACEMENT_3D('',#5981,#5982,#5983);
#5985=CYLINDRICAL_SURFACE('',#5984,2.778952322);
#5986=CARTESIAN_POINT('',(-85.,755.721047678,24.816636674));
#5987=VERTEX_POINT('',#5986);
#5988=CARTESIAN_POINT('',(-85.,755.721047678,20.000000149));
#5989=VERTEX_POINT('',#5988);
#5990=CARTESIAN_POINT('',(-85.,755.721047678,24.816636674));
#5991=DIRECTION('',(0.,-0.,-1.));
#5992=VECTOR('',#5991,4.816636525);
#5993=LINE('',#5990,#5992);
#5994=EDGE_CURVE('',#5987,#5989,#5993,.T.);
#5995=ORIENTED_EDGE('',*,*,#5994,.F.);
#5996=CARTESIAN_POINT('',(-82.221047678,758.5,24.816636674));
#5997=VERTEX_POINT('',#5996);
#5998=CARTESIAN_POINT('',(-82.221047678,755.721047678,24.816636674));
#5999=DIRECTION('',(0.,-0.,-1.));
#6000=DIRECTION('',(0.,1.,-0.));
#6001=AXIS2_PLACEMENT_3D('',#5998,#5999,#6000);
#6002=CIRCLE('',#6001,2.778952322);
#6003=EDGE_CURVE('',#5987,#5997,#6002,.T.);
#6004=ORIENTED_EDGE('',*,*,#6003,.T.);
#6005=CARTESIAN_POINT('',(-82.221047678,758.5,20.000000149));
#6006=VERTEX_POINT('',#6005);
#6007=CARTESIAN_POINT('',(-82.221047678,758.5,20.000000149));
#6008=DIRECTION('',(-0.,0.,1.));
#6009=VECTOR('',#6008,4.816636525);
#6010=LINE('',#6007,#6009);
#6011=EDGE_CURVE('',#6006,#5997,#6010,.T.);
#6012=ORIENTED_EDGE('',*,*,#6011,.F.);
#6013=CARTESIAN_POINT('',(-82.221047678,755.721047678,20.000000149));
#6014=DIRECTION('',(0.,-0.,-1.));
#6015=DIRECTION('',(0.,1.,-0.));
#6016=AXIS2_PLACEMENT_3D('',#6013,#6014,#6015);
#6017=CIRCLE('',#6016,2.778952322);
#6018=EDGE_CURVE('',#5989,#6006,#6017,.T.);
#6019=ORIENTED_EDGE('',*,*,#6018,.F.);
#6020=EDGE_LOOP('',(#5995,#6004,#6012,#6019));
#6021=FACE_BOUND('',#6020,.T.);
#6022=ADVANCED_FACE('',(#6021),#5985,.T.);
#6023=CARTESIAN_POINT('',(-75.,716.,27.42657623));
#6024=DIRECTION('',(0.,0.,-1.));
#6025=DIRECTION('',(-1.,0.,0.));
#6026=AXIS2_PLACEMENT_3D('',#6023,#6024,#6025);
#6027=CYLINDRICAL_SURFACE('',#6026,6.222499174);
#6028=ORIENTED_EDGE('',*,*,#5750,.T.);
#6029=CARTESIAN_POINT('',(-73.693031856,722.083693799,24.101282581));
#6030=VERTEX_POINT('',#6029);
#6031=CARTESIAN_POINT('',(-75.,716.,24.101282581));
#6032=DIRECTION('',(0.,0.,-1.));
#6033=DIRECTION('',(-1.,0.,0.));
#6034=AXIS2_PLACEMENT_3D('',#6031,#6032,#6033);
#6035=CIRCLE('',#6034,6.222499174);
#6036=EDGE_CURVE('',#6030,#5737,#6035,.T.);
#6037=ORIENTED_EDGE('',*,*,#6036,.F.);
#6038=CARTESIAN_POINT('',(-73.693031856,722.083693799,25.925764509));
#6039=VERTEX_POINT('',#6038);
#6040=CARTESIAN_POINT('',(-73.693031856,722.083693799,25.925764509));
#6041=DIRECTION('',(0.,0.,-1.));
#6042=VECTOR('',#6041,1.824481928);
#6043=LINE('',#6040,#6042);
#6044=EDGE_CURVE('',#6039,#6030,#6043,.T.);
#6045=ORIENTED_EDGE('',*,*,#6044,.F.);
#6046=CARTESIAN_POINT('',(-76.306968144,722.083693799,25.925764512));
#6047=VERTEX_POINT('',#6046);
#6048=CARTESIAN_POINT('',(-75.,716.,25.925764505));
#6049=DIRECTION('',(0.,-0.,-1.));
#6050=DIRECTION('',(0.,1.,-0.));
#6051=AXIS2_PLACEMENT_3D('',#6048,#6049,#6050);
#6052=CIRCLE('',#6051,6.222499174);
#6053=EDGE_CURVE('',#6047,#6039,#6052,.T.);
#6054=ORIENTED_EDGE('',*,*,#6053,.F.);
#6055=CARTESIAN_POINT('',(-76.306968144,722.083693799,24.101282581));
#6056=VERTEX_POINT('',#6055);
#6057=CARTESIAN_POINT('',(-76.306968144,722.083693799,24.101282581));
#6058=DIRECTION('',(-0.,-0.,1.));
#6059=VECTOR('',#6058,1.824481931);
#6060=LINE('',#6057,#6059);
#6061=EDGE_CURVE('',#6056,#6047,#6060,.T.);
#6062=ORIENTED_EDGE('',*,*,#6061,.F.);
#6063=CARTESIAN_POINT('',(-75.,716.,24.101282581));
#6064=DIRECTION('',(0.,0.,-1.));
#6065=DIRECTION('',(-1.,0.,0.));
#6066=AXIS2_PLACEMENT_3D('',#6063,#6064,#6065);
#6067=CIRCLE('',#6066,6.222499174);
#6068=EDGE_CURVE('',#5729,#6056,#6067,.T.);
#6069=ORIENTED_EDGE('',*,*,#6068,.F.);
#6070=ORIENTED_EDGE('',*,*,#5734,.T.);
#6071=CARTESIAN_POINT('',(-75.,716.,20.000000149));
#6072=DIRECTION('',(0.,-0.,-1.));
#6073=DIRECTION('',(0.,1.,-0.));
#6074=AXIS2_PLACEMENT_3D('',#6071,#6072,#6073);
#6075=CIRCLE('',#6074,6.222499174);
#6076=EDGE_CURVE('',#5721,#5745,#6075,.T.);
#6077=ORIENTED_EDGE('',*,*,#6076,.T.);
#6078=EDGE_LOOP('',(#6028,#6037,#6045,#6054,#6062,#6069,#6070,#6077));
#6079=FACE_BOUND('',#6078,.T.);
#6080=ADVANCED_FACE('',(#6079),#6027,.F.);
#6081=CARTESIAN_POINT('',(74.,755.100047274,25.925764505));
#6082=DIRECTION('',(0.,-0.,-1.));
#6083=DIRECTION('',(0.,1.,-0.));
#6084=AXIS2_PLACEMENT_3D('',#6081,#6082,#6083);
#6085=PLANE('',#6084);
#6086=ORIENTED_EDGE('',*,*,#6053,.T.);
#6087=CARTESIAN_POINT('',(-73.5,722.819787726,25.925764505));
#6088=VERTEX_POINT('',#6087);
#6089=CARTESIAN_POINT('',(-75.,722.819787726,25.925764505));
#6090=DIRECTION('',(0.,0.,1.));
#6091=DIRECTION('',(1.,0.,-0.));
#6092=AXIS2_PLACEMENT_3D('',#6089,#6090,#6091);
#6093=CIRCLE('',#6092,1.5);
#6094=EDGE_CURVE('',#6039,#6088,#6093,.T.);
#6095=ORIENTED_EDGE('',*,*,#6094,.T.);
#6096=CARTESIAN_POINT('',(-75.,722.819787726,25.925764505));
#6097=DIRECTION('',(0.,0.,1.));
#6098=DIRECTION('',(1.,0.,-0.));
#6099=AXIS2_PLACEMENT_3D('',#6096,#6097,#6098);
#6100=CIRCLE('',#6099,1.5);
#6101=EDGE_CURVE('',#6088,#6047,#6100,.T.);
#6102=ORIENTED_EDGE('',*,*,#6101,.T.);
#6103=EDGE_LOOP('',(#6086,#6095,#6102));
#6104=FACE_BOUND('',#6103,.T.);
#6105=ADVANCED_FACE('',(#6104),#6085,.F.);
#6106=CARTESIAN_POINT('',(-65.,758.5,25.925764505));
#6107=DIRECTION('',(1.,0.,0.));
#6108=DIRECTION('',(0.,0.,-1.));
#6109=AXIS2_PLACEMENT_3D('',#6106,#6107,#6108);
#6110=PLANE('',#6109);
#6111=CARTESIAN_POINT('',(-65.,730.2,24.816636674));
#6112=VERTEX_POINT('',#6111);
#6113=CARTESIAN_POINT('',(-65.,721.558017407,24.81663667));
#6114=VERTEX_POINT('',#6113);
#6115=CARTESIAN_POINT('',(-65.,730.2,24.81663667));
#6116=DIRECTION('',(0.,-1.,-0.));
#6117=VECTOR('',#6116,8.641982593);
#6118=LINE('',#6115,#6117);
#6119=EDGE_CURVE('',#6112,#6114,#6118,.T.);
#6120=ORIENTED_EDGE('',*,*,#6119,.T.);
#6121=CARTESIAN_POINT('',(-65.,721.558017407,20.000000149));
#6122=VERTEX_POINT('',#6121);
#6123=CARTESIAN_POINT('',(-65.,721.558017407,24.81663667));
#6124=DIRECTION('',(0.,-0.,-1.));
#6125=VECTOR('',#6124,4.816636521);
#6126=LINE('',#6123,#6125);
#6127=EDGE_CURVE('',#6114,#6122,#6126,.T.);
#6128=ORIENTED_EDGE('',*,*,#6127,.T.);
#6129=CARTESIAN_POINT('',(-65.,755.721047678,20.000000149));
#6130=VERTEX_POINT('',#6129);
#6131=CARTESIAN_POINT('',(-65.,755.721047678,20.000000149));
#6132=DIRECTION('',(0.,-1.,0.));
#6133=VECTOR('',#6132,34.163030271);
#6134=LINE('',#6131,#6133);
#6135=EDGE_CURVE('',#6130,#6122,#6134,.T.);
#6136=ORIENTED_EDGE('',*,*,#6135,.F.);
#6137=CARTESIAN_POINT('',(-65.,755.721047678,24.816636674));
#6138=VERTEX_POINT('',#6137);
#6139=CARTESIAN_POINT('',(-65.,755.721047678,20.000000149));
#6140=DIRECTION('',(-0.,0.,1.));
#6141=VECTOR('',#6140,4.816636525);
#6142=LINE('',#6139,#6141);
#6143=EDGE_CURVE('',#6130,#6138,#6142,.T.);
#6144=ORIENTED_EDGE('',*,*,#6143,.T.);
#6145=CARTESIAN_POINT('',(-65.,755.721047678,24.816636674));
#6146=DIRECTION('',(0.,-1.,0.));
#6147=VECTOR('',#6146,25.521047678);
#6148=LINE('',#6145,#6147);
#6149=EDGE_CURVE('',#6138,#6112,#6148,.T.);
#6150=ORIENTED_EDGE('',*,*,#6149,.T.);
#6151=EDGE_LOOP('',(#6120,#6128,#6136,#6144,#6150));
#6152=FACE_BOUND('',#6151,.T.);
#6153=ADVANCED_FACE('',(#6152),#6110,.T.);
#6154=CARTESIAN_POINT('',(-85.,758.5,25.925764505));
#6155=DIRECTION('',(-0.,1.,-0.));
#6156=DIRECTION('',(0.,0.,1.));
#6157=AXIS2_PLACEMENT_3D('',#6154,#6155,#6156);
#6158=PLANE('',#6157);
#6159=ORIENTED_EDGE('',*,*,#6011,.T.);
#6160=CARTESIAN_POINT('',(-67.778952322,758.5,24.816636674));
#6161=VERTEX_POINT('',#6160);
#6162=CARTESIAN_POINT('',(-82.221047678,758.5,24.816636674));
#6163=DIRECTION('',(1.,0.,0.));
#6164=VECTOR('',#6163,14.442095355);
#6165=LINE('',#6162,#6164);
#6166=EDGE_CURVE('',#5997,#6161,#6165,.T.);
#6167=ORIENTED_EDGE('',*,*,#6166,.T.);
#6168=CARTESIAN_POINT('',(-67.778952322,758.5,20.000000149));
#6169=VERTEX_POINT('',#6168);
#6170=CARTESIAN_POINT('',(-67.778952322,758.5,24.816636674));
#6171=DIRECTION('',(0.,-0.,-1.));
#6172=VECTOR('',#6171,4.816636525);
#6173=LINE('',#6170,#6172);
#6174=EDGE_CURVE('',#6161,#6169,#6173,.T.);
#6175=ORIENTED_EDGE('',*,*,#6174,.T.);
#6176=CARTESIAN_POINT('',(-82.221047678,758.5,20.000000149));
#6177=DIRECTION('',(1.,0.,0.));
#6178=VECTOR('',#6177,14.442095355);
#6179=LINE('',#6176,#6178);
#6180=EDGE_CURVE('',#6006,#6169,#6179,.T.);
#6181=ORIENTED_EDGE('',*,*,#6180,.F.);
#6182=EDGE_LOOP('',(#6159,#6167,#6175,#6181));
#6183=FACE_BOUND('',#6182,.T.);
#6184=ADVANCED_FACE('',(#6183),#6158,.T.);
#6185=CARTESIAN_POINT('',(-85.,720.5,25.925764505));
#6186=DIRECTION('',(-1.,-0.,-0.));
#6187=DIRECTION('',(-0.,0.,1.));
#6188=AXIS2_PLACEMENT_3D('',#6185,#6186,#6187);
#6189=PLANE('',#6188);
#6190=CARTESIAN_POINT('',(-85.,721.558017407,20.000000149));
#6191=VERTEX_POINT('',#6190);
#6192=CARTESIAN_POINT('',(-85.,721.558017407,20.000000149));
#6193=DIRECTION('',(-0.,1.,-0.));
#6194=VECTOR('',#6193,34.163030271);
#6195=LINE('',#6192,#6194);
#6196=EDGE_CURVE('',#6191,#5989,#6195,.T.);
#6197=ORIENTED_EDGE('',*,*,#6196,.F.);
#6198=CARTESIAN_POINT('',(-85.,721.558017407,24.816636688));
#6199=VERTEX_POINT('',#6198);
#6200=CARTESIAN_POINT('',(-85.,721.558017407,20.000000149));
#6201=DIRECTION('',(-0.,0.,1.));
#6202=VECTOR('',#6201,4.816636539);
#6203=LINE('',#6200,#6202);
#6204=EDGE_CURVE('',#6191,#6199,#6203,.T.);
#6205=ORIENTED_EDGE('',*,*,#6204,.T.);
#6206=CARTESIAN_POINT('',(-85.,730.2,24.816636688));
#6207=VERTEX_POINT('',#6206);
#6208=CARTESIAN_POINT('',(-85.,721.558017407,24.816636688));
#6209=DIRECTION('',(-0.,1.,0.));
#6210=VECTOR('',#6209,8.641982593);
#6211=LINE('',#6208,#6210);
#6212=EDGE_CURVE('',#6199,#6207,#6211,.T.);
#6213=ORIENTED_EDGE('',*,*,#6212,.T.);
#6214=CARTESIAN_POINT('',(-85.,730.2,24.816636674));
#6215=DIRECTION('',(-0.,1.,-0.));
#6216=VECTOR('',#6215,25.521047678);
#6217=LINE('',#6214,#6216);
#6218=EDGE_CURVE('',#6207,#5987,#6217,.T.);
#6219=ORIENTED_EDGE('',*,*,#6218,.T.);
#6220=ORIENTED_EDGE('',*,*,#5994,.T.);
#6221=EDGE_LOOP('',(#6197,#6205,#6213,#6219,#6220));
#6222=FACE_BOUND('',#6221,.T.);
#6223=ADVANCED_FACE('',(#6222),#6189,.T.);
#6224=CARTESIAN_POINT('',(-75.,738.608067,-6.199478998));
#6225=DIRECTION('',(0.,0.,1.));
#6226=DIRECTION('',(1.,0.,-0.));
#6227=AXIS2_PLACEMENT_3D('',#6224,#6225,#6226);
#6228=CYLINDRICAL_SURFACE('',#6227,1.6);
#6229=CARTESIAN_POINT('',(-73.4,738.608067,22.925764505));
#6230=VERTEX_POINT('',#6229);
#6231=CARTESIAN_POINT('',(-73.4,738.608067,20.000000149));
#6232=VERTEX_POINT('',#6231);
#6233=CARTESIAN_POINT('',(-73.4,738.608067,22.925764505));
#6234=DIRECTION('',(-0.,-0.,-1.));
#6235=VECTOR('',#6234,2.925764356);
#6236=LINE('',#6233,#6235);
#6237=EDGE_CURVE('',#6230,#6232,#6236,.T.);
#6238=ORIENTED_EDGE('',*,*,#6237,.F.);
#6239=CARTESIAN_POINT('',(-74.407572981,737.121786331,22.925764505));
#6240=VERTEX_POINT('',#6239);
#6241=CARTESIAN_POINT('',(-75.,738.608067,22.925764505));
#6242=DIRECTION('',(0.,0.,1.));
#6243=DIRECTION('',(0.370266887,-0.928925418,0.));
#6244=AXIS2_PLACEMENT_3D('',#6241,#6242,#6243);
#6245=CIRCLE('',#6244,1.6);
#6246=EDGE_CURVE('',#6230,#6240,#6245,.T.);
#6247=ORIENTED_EDGE('',*,*,#6246,.T.);
#6248=CARTESIAN_POINT('',(-75.,738.608067,22.925764505));
#6249=DIRECTION('',(0.,0.,1.));
#6250=DIRECTION('',(0.370266887,-0.928925418,0.));
#6251=AXIS2_PLACEMENT_3D('',#6248,#6249,#6250);
#6252=CIRCLE('',#6251,1.6);
#6253=EDGE_CURVE('',#6240,#6230,#6252,.T.);
#6254=ORIENTED_EDGE('',*,*,#6253,.T.);
#6255=ORIENTED_EDGE('',*,*,#6237,.T.);
#6256=CARTESIAN_POINT('',(-75.,740.208067,20.000000149));
#6257=VERTEX_POINT('',#6256);
#6258=CARTESIAN_POINT('',(-75.,738.608067,20.000000149));
#6259=DIRECTION('',(0.,-0.,-1.));
#6260=DIRECTION('',(0.,1.,-0.));
#6261=AXIS2_PLACEMENT_3D('',#6258,#6259,#6260);
#6262=CIRCLE('',#6261,1.6);
#6263=EDGE_CURVE('',#6232,#6257,#6262,.T.);
#6264=ORIENTED_EDGE('',*,*,#6263,.T.);
#6265=CARTESIAN_POINT('',(-75.,738.608067,20.000000149));
#6266=DIRECTION('',(0.,-0.,-1.));
#6267=DIRECTION('',(0.,1.,-0.));
#6268=AXIS2_PLACEMENT_3D('',#6265,#6266,#6267);
#6269=CIRCLE('',#6268,1.6);
#6270=EDGE_CURVE('',#6257,#6232,#6269,.T.);
#6271=ORIENTED_EDGE('',*,*,#6270,.T.);
#6272=EDGE_LOOP('',(#6238,#6247,#6254,#6255,#6264,#6271));
#6273=FACE_BOUND('',#6272,.T.);
#6274=ADVANCED_FACE('',(#6273),#6228,.F.);
#6275=CARTESIAN_POINT('',(-75.,750.477133899,-6.199478998));
#6276=DIRECTION('',(0.,0.,1.));
#6277=DIRECTION('',(1.,0.,-0.));
#6278=AXIS2_PLACEMENT_3D('',#6275,#6276,#6277);
#6279=CYLINDRICAL_SURFACE('',#6278,1.6);
#6280=CARTESIAN_POINT('',(-73.4,750.477133899,22.925764505));
#6281=VERTEX_POINT('',#6280);
#6282=CARTESIAN_POINT('',(-73.4,750.477133899,20.000000149));
#6283=VERTEX_POINT('',#6282);
#6284=CARTESIAN_POINT('',(-73.4,750.477133899,22.925764505));
#6285=DIRECTION('',(-0.,-0.,-1.));
#6286=VECTOR('',#6285,2.925764356);
#6287=LINE('',#6284,#6286);
#6288=EDGE_CURVE('',#6281,#6283,#6287,.T.);
#6289=ORIENTED_EDGE('',*,*,#6288,.F.);
#6290=CARTESIAN_POINT('',(-75.,748.877133899,22.925764505));
#6291=VERTEX_POINT('',#6290);
#6292=CARTESIAN_POINT('',(-75.,750.477133899,22.925764505));
#6293=DIRECTION('',(0.,0.,1.));
#6294=DIRECTION('',(0.,-1.,0.));
#6295=AXIS2_PLACEMENT_3D('',#6292,#6293,#6294);
#6296=CIRCLE('',#6295,1.6);
#6297=EDGE_CURVE('',#6281,#6291,#6296,.T.);
#6298=ORIENTED_EDGE('',*,*,#6297,.T.);
#6299=CARTESIAN_POINT('',(-75.,750.477133899,22.925764505));
#6300=DIRECTION('',(0.,0.,1.));
#6301=DIRECTION('',(0.,-1.,0.));
#6302=AXIS2_PLACEMENT_3D('',#6299,#6300,#6301);
#6303=CIRCLE('',#6302,1.6);
#6304=EDGE_CURVE('',#6291,#6281,#6303,.T.);
#6305=ORIENTED_EDGE('',*,*,#6304,.T.);
#6306=ORIENTED_EDGE('',*,*,#6288,.T.);
#6307=CARTESIAN_POINT('',(-75.,752.077133899,20.000000149));
#6308=VERTEX_POINT('',#6307);
#6309=CARTESIAN_POINT('',(-75.,750.477133899,20.000000149));
#6310=DIRECTION('',(0.,-0.,-1.));
#6311=DIRECTION('',(0.,1.,-0.));
#6312=AXIS2_PLACEMENT_3D('',#6309,#6310,#6311);
#6313=CIRCLE('',#6312,1.6);
#6314=EDGE_CURVE('',#6283,#6308,#6313,.T.);
#6315=ORIENTED_EDGE('',*,*,#6314,.T.);
#6316=CARTESIAN_POINT('',(-75.,750.477133899,20.000000149));
#6317=DIRECTION('',(0.,-0.,-1.));
#6318=DIRECTION('',(0.,1.,-0.));
#6319=AXIS2_PLACEMENT_3D('',#6316,#6317,#6318);
#6320=CIRCLE('',#6319,1.6);
#6321=EDGE_CURVE('',#6308,#6283,#6320,.T.);
#6322=ORIENTED_EDGE('',*,*,#6321,.T.);
#6323=EDGE_LOOP('',(#6289,#6298,#6305,#6306,#6315,#6322));
#6324=FACE_BOUND('',#6323,.T.);
#6325=ADVANCED_FACE('',(#6324),#6279,.F.);
#6326=CARTESIAN_POINT('',(74.,755.100047274,20.000000149));
#6327=DIRECTION('',(0.,-0.,-1.));
#6328=DIRECTION('',(0.,1.,-0.));
#6329=AXIS2_PLACEMENT_3D('',#6326,#6327,#6328);
#6330=PLANE('',#6329);
#6331=ORIENTED_EDGE('',*,*,#6314,.F.);
#6332=ORIENTED_EDGE('',*,*,#6321,.F.);
#6333=EDGE_LOOP('',(#6331,#6332));
#6334=FACE_BOUND('',#6333,.T.);
#6335=ORIENTED_EDGE('',*,*,#6263,.F.);
#6336=ORIENTED_EDGE('',*,*,#6270,.F.);
#6337=EDGE_LOOP('',(#6335,#6336));
#6338=FACE_BOUND('',#6337,.T.);
#6339=ORIENTED_EDGE('',*,*,#5726,.T.);
#6340=CARTESIAN_POINT('',(-83.941982593,721.558017407,20.000000149));
#6341=DIRECTION('',(0.,-0.,-1.));
#6342=DIRECTION('',(0.,1.,-0.));
#6343=AXIS2_PLACEMENT_3D('',#6340,#6341,#6342);
#6344=CIRCLE('',#6343,1.058017407);
#6345=EDGE_CURVE('',#5713,#6191,#6344,.T.);
#6346=ORIENTED_EDGE('',*,*,#6345,.T.);
#6347=ORIENTED_EDGE('',*,*,#6196,.T.);
#6348=ORIENTED_EDGE('',*,*,#6018,.T.);
#6349=ORIENTED_EDGE('',*,*,#6180,.T.);
#6350=CARTESIAN_POINT('',(-67.778952322,755.721047678,20.000000149));
#6351=DIRECTION('',(0.,-0.,-1.));
#6352=DIRECTION('',(0.,1.,-0.));
#6353=AXIS2_PLACEMENT_3D('',#6350,#6351,#6352);
#6354=CIRCLE('',#6353,2.778952322);
#6355=EDGE_CURVE('',#6169,#6130,#6354,.T.);
#6356=ORIENTED_EDGE('',*,*,#6355,.T.);
#6357=ORIENTED_EDGE('',*,*,#6135,.T.);
#6358=CARTESIAN_POINT('',(-66.058017407,721.558017407,20.000000149));
#6359=DIRECTION('',(0.,-0.,-1.));
#6360=DIRECTION('',(0.,1.,-0.));
#6361=AXIS2_PLACEMENT_3D('',#6358,#6359,#6360);
#6362=CIRCLE('',#6361,1.058017407);
#6363=EDGE_CURVE('',#6122,#5753,#6362,.T.);
#6364=ORIENTED_EDGE('',*,*,#6363,.T.);
#6365=ORIENTED_EDGE('',*,*,#5758,.T.);
#6366=ORIENTED_EDGE('',*,*,#6076,.F.);
#6367=EDGE_LOOP('',(#6339,#6346,#6347,#6348,#6349,#6356,#6357,#6364,#6365,#6366));
#6368=FACE_BOUND('',#6367,.T.);
#6369=ADVANCED_FACE('',(#6334,#6338,#6368),#6330,.T.);
#6370=CARTESIAN_POINT('',(-67.778952322,755.721047678,25.925764505));
#6371=DIRECTION('',(0.,-0.,-1.));
#6372=DIRECTION('',(0.,1.,-0.));
#6373=AXIS2_PLACEMENT_3D('',#6370,#6371,#6372);
#6374=CYLINDRICAL_SURFACE('',#6373,2.778952322);
#6375=ORIENTED_EDGE('',*,*,#6174,.F.);
#6376=CARTESIAN_POINT('',(-67.778952322,755.721047678,24.816636674));
#6377=DIRECTION('',(0.,-0.,-1.));
#6378=DIRECTION('',(0.,1.,-0.));
#6379=AXIS2_PLACEMENT_3D('',#6376,#6377,#6378);
#6380=CIRCLE('',#6379,2.778952322);
#6381=EDGE_CURVE('',#6161,#6138,#6380,.T.);
#6382=ORIENTED_EDGE('',*,*,#6381,.T.);
#6383=ORIENTED_EDGE('',*,*,#6143,.F.);
#6384=ORIENTED_EDGE('',*,*,#6355,.F.);
#6385=EDGE_LOOP('',(#6375,#6382,#6383,#6384));
#6386=FACE_BOUND('',#6385,.T.);
#6387=ADVANCED_FACE('',(#6386),#6374,.T.);
#6388=CARTESIAN_POINT('',(-75.,750.477133899,22.925764505));
#6389=DIRECTION('',(0.,0.,1.));
#6390=DIRECTION('',(1.,0.,-0.));
#6391=AXIS2_PLACEMENT_3D('',#6388,#6389,#6390);
#6392=CYLINDRICAL_SURFACE('',#6391,2.848944);
#6393=CARTESIAN_POINT('',(-72.151056,750.477133899,22.925764505));
#6394=VERTEX_POINT('',#6393);
#6395=CARTESIAN_POINT('',(-72.151056,750.477133899,25.925764505));
#6396=DIRECTION('',(-0.,-0.,-1.));
#6397=VECTOR('',#6396,3.);
#6398=LINE('',#6395,#6397);
#6399=EDGE_CURVE('',#5862,#6394,#6398,.T.);
#6400=ORIENTED_EDGE('',*,*,#6399,.F.);
#6401=ORIENTED_EDGE('',*,*,#5868,.T.);
#6402=ORIENTED_EDGE('',*,*,#5859,.T.);
#6403=ORIENTED_EDGE('',*,*,#5875,.T.);
#6404=ORIENTED_EDGE('',*,*,#6399,.T.);
#6405=CARTESIAN_POINT('',(-75.,747.628189899,22.925764505));
#6406=VERTEX_POINT('',#6405);
#6407=CARTESIAN_POINT('',(-75.,750.477133899,22.925764505));
#6408=DIRECTION('',(0.,0.,1.));
#6409=DIRECTION('',(0.,-1.,0.));
#6410=AXIS2_PLACEMENT_3D('',#6407,#6408,#6409);
#6411=CIRCLE('',#6410,2.848944);
#6412=EDGE_CURVE('',#6406,#6394,#6411,.T.);
#6413=ORIENTED_EDGE('',*,*,#6412,.F.);
#6414=CARTESIAN_POINT('',(-75.,750.477133899,22.925764505));
#6415=DIRECTION('',(0.,0.,1.));
#6416=DIRECTION('',(0.,-1.,0.));
#6417=AXIS2_PLACEMENT_3D('',#6414,#6415,#6416);
#6418=CIRCLE('',#6417,2.848944);
#6419=EDGE_CURVE('',#6394,#6406,#6418,.T.);
#6420=ORIENTED_EDGE('',*,*,#6419,.F.);
#6421=EDGE_LOOP('',(#6400,#6401,#6402,#6403,#6404,#6413,#6420));
#6422=FACE_BOUND('',#6421,.T.);
#6423=ADVANCED_FACE('',(#6422),#6392,.F.);
#6424=CARTESIAN_POINT('',(75.,752.009046412,22.925764505));
#6425=DIRECTION('',(0.,0.,1.));
#6426=DIRECTION('',(1.,0.,0.));
#6427=AXIS2_PLACEMENT_3D('',#6424,#6425,#6426);
#6428=PLANE('',#6427);
#6429=ORIENTED_EDGE('',*,*,#6297,.F.);
#6430=ORIENTED_EDGE('',*,*,#6304,.F.);
#6431=EDGE_LOOP('',(#6429,#6430));
#6432=FACE_BOUND('',#6431,.T.);
#6433=ORIENTED_EDGE('',*,*,#6412,.T.);
#6434=ORIENTED_EDGE('',*,*,#6419,.T.);
#6435=EDGE_LOOP('',(#6433,#6434));
#6436=FACE_BOUND('',#6435,.T.);
#6437=ADVANCED_FACE('',(#6432,#6436),#6428,.T.);
#6438=CARTESIAN_POINT('',(-75.,738.608067,22.925764505));
#6439=DIRECTION('',(0.,0.,1.));
#6440=DIRECTION('',(1.,0.,-0.));
#6441=AXIS2_PLACEMENT_3D('',#6438,#6439,#6440);
#6442=CYLINDRICAL_SURFACE('',#6441,2.848944);
#6443=CARTESIAN_POINT('',(-72.151056,738.608067,22.925764505));
#6444=VERTEX_POINT('',#6443);
#6445=CARTESIAN_POINT('',(-72.151056,738.608067,25.925764505));
#6446=DIRECTION('',(-0.,-0.,-1.));
#6447=VECTOR('',#6446,3.);
#6448=LINE('',#6445,#6447);
#6449=EDGE_CURVE('',#5904,#6444,#6448,.T.);
#6450=ORIENTED_EDGE('',*,*,#6449,.F.);
#6451=ORIENTED_EDGE('',*,*,#5910,.T.);
#6452=ORIENTED_EDGE('',*,*,#5901,.T.);
#6453=ORIENTED_EDGE('',*,*,#5917,.T.);
#6454=ORIENTED_EDGE('',*,*,#6449,.T.);
#6455=CARTESIAN_POINT('',(-77.848944,738.608067,22.925764505));
#6456=VERTEX_POINT('',#6455);
#6457=CARTESIAN_POINT('',(-75.,738.608067,22.925764505));
#6458=DIRECTION('',(0.,0.,1.));
#6459=DIRECTION('',(-1.,0.,0.));
#6460=AXIS2_PLACEMENT_3D('',#6457,#6458,#6459);
#6461=CIRCLE('',#6460,2.848944);
#6462=EDGE_CURVE('',#6456,#6444,#6461,.T.);
#6463=ORIENTED_EDGE('',*,*,#6462,.F.);
#6464=CARTESIAN_POINT('',(-75.,738.608067,22.925764505));
#6465=DIRECTION('',(0.,0.,1.));
#6466=DIRECTION('',(-1.,0.,0.));
#6467=AXIS2_PLACEMENT_3D('',#6464,#6465,#6466);
#6468=CIRCLE('',#6467,2.848944);
#6469=EDGE_CURVE('',#6444,#6456,#6468,.T.);
#6470=ORIENTED_EDGE('',*,*,#6469,.F.);
#6471=EDGE_LOOP('',(#6450,#6451,#6452,#6453,#6454,#6463,#6470));
#6472=FACE_BOUND('',#6471,.T.);
#6473=ADVANCED_FACE('',(#6472),#6442,.F.);
#6474=CARTESIAN_POINT('',(75.,752.009046412,22.925764505));
#6475=DIRECTION('',(0.,0.,1.));
#6476=DIRECTION('',(1.,0.,0.));
#6477=AXIS2_PLACEMENT_3D('',#6474,#6475,#6476);
#6478=PLANE('',#6477);
#6479=ORIENTED_EDGE('',*,*,#6246,.F.);
#6480=ORIENTED_EDGE('',*,*,#6253,.F.);
#6481=EDGE_LOOP('',(#6479,#6480));
#6482=FACE_BOUND('',#6481,.T.);
#6483=ORIENTED_EDGE('',*,*,#6462,.T.);
#6484=ORIENTED_EDGE('',*,*,#6469,.T.);
#6485=EDGE_LOOP('',(#6483,#6484));
#6486=FACE_BOUND('',#6485,.T.);
#6487=ADVANCED_FACE('',(#6482,#6486),#6478,.T.);
#6488=CARTESIAN_POINT('',(-65.000000002,667.312020146,25.9257645));
#6489=DIRECTION('',(-0.000000001,0.,-1.));
#6490=DIRECTION('',(-1.,0.,0.000000001));
#6491=AXIS2_PLACEMENT_3D('',#6488,#6489,#6490);
#6492=PLANE('',#6491);
#6493=ORIENTED_EDGE('',*,*,#5953,.F.);
#6494=CARTESIAN_POINT('',(-68.016113104,727.917696426,25.925764503));
#6495=VERTEX_POINT('',#6494);
#6496=CARTESIAN_POINT('',(-70.298416679,727.917696426,25.925764506));
#6497=DIRECTION('',(-0.000000001,0.,-1.));
#6498=DIRECTION('',(-1.,0.,0.000000001));
#6499=AXIS2_PLACEMENT_3D('',#6496,#6497,#6498);
#6500=CIRCLE('',#6499,2.282303574);
#6501=EDGE_CURVE('',#5940,#6495,#6500,.T.);
#6502=ORIENTED_EDGE('',*,*,#6501,.T.);
#6503=CARTESIAN_POINT('',(-68.016113104,721.558017407,25.925764503));
#6504=VERTEX_POINT('',#6503);
#6505=CARTESIAN_POINT('',(-68.016113104,721.558017407,25.925764503));
#6506=DIRECTION('',(-0.,1.,0.));
#6507=VECTOR('',#6506,6.359679019);
#6508=LINE('',#6505,#6507);
#6509=EDGE_CURVE('',#6504,#6495,#6508,.T.);
#6510=ORIENTED_EDGE('',*,*,#6509,.F.);
#6511=CARTESIAN_POINT('',(-66.10912783,721.558017407,25.925764501));
#6512=VERTEX_POINT('',#6511);
#6513=CARTESIAN_POINT('',(-68.016113104,721.558017407,25.925764503));
#6514=DIRECTION('',(1.,0.,-0.000000001));
#6515=VECTOR('',#6514,1.906985274);
#6516=LINE('',#6513,#6515);
#6517=EDGE_CURVE('',#6504,#6512,#6516,.T.);
#6518=ORIENTED_EDGE('',*,*,#6517,.T.);
#6519=CARTESIAN_POINT('',(-66.10912783,721.558017407,25.925764501));
#6520=DIRECTION('',(-0.,1.,0.));
#6521=VECTOR('',#6520,8.641982593);
#6522=LINE('',#6519,#6521);
#6523=EDGE_CURVE('',#6512,#5948,#6522,.T.);
#6524=ORIENTED_EDGE('',*,*,#6523,.T.);
#6525=EDGE_LOOP('',(#6493,#6502,#6510,#6518,#6524));
#6526=FACE_BOUND('',#6525,.T.);
#6527=ADVANCED_FACE('',(#6526),#6492,.F.);
#6528=CARTESIAN_POINT('',(-66.109127831,667.312020146,24.81663667));
#6529=DIRECTION('',(0.,-1.,-0.));
#6530=DIRECTION('',(1.,0.,0.));
#6531=AXIS2_PLACEMENT_3D('',#6528,#6529,#6530);
#6532=CYLINDRICAL_SURFACE('',#6531,1.109127831);
#6533=ORIENTED_EDGE('',*,*,#6523,.F.);
#6534=CARTESIAN_POINT('',(-66.109127831,721.558017407,24.81663667));
#6535=DIRECTION('',(-0.,1.,-0.));
#6536=DIRECTION('',(0.,-0.,-1.));
#6537=AXIS2_PLACEMENT_3D('',#6534,#6535,#6536);
#6538=CIRCLE('',#6537,1.109127831);
#6539=EDGE_CURVE('',#6512,#6114,#6538,.T.);
#6540=ORIENTED_EDGE('',*,*,#6539,.T.);
#6541=ORIENTED_EDGE('',*,*,#6119,.F.);
#6542=CARTESIAN_POINT('',(-66.109127831,730.2,24.81663667));
#6543=DIRECTION('',(0.,1.,0.));
#6544=DIRECTION('',(0.,-0.,1.));
#6545=AXIS2_PLACEMENT_3D('',#6542,#6543,#6544);
#6546=CIRCLE('',#6545,1.109127831);
#6547=EDGE_CURVE('',#5948,#6112,#6546,.T.);
#6548=ORIENTED_EDGE('',*,*,#6547,.F.);
#6549=EDGE_LOOP('',(#6533,#6540,#6541,#6548));
#6550=FACE_BOUND('',#6549,.T.);
#6551=ADVANCED_FACE('',(#6550),#6532,.T.);
#6552=CARTESIAN_POINT('',(-66.109127831,758.5,24.816636674));
#6553=DIRECTION('',(-0.,1.,-0.));
#6554=DIRECTION('',(0.,0.,1.));
#6555=AXIS2_PLACEMENT_3D('',#6552,#6553,#6554);
#6556=CYLINDRICAL_SURFACE('',#6555,1.109127831);
#6557=ORIENTED_EDGE('',*,*,#6547,.T.);
#6558=ORIENTED_EDGE('',*,*,#6149,.F.);
#6559=CARTESIAN_POINT('',(-66.109127831,755.721047678,24.816636674));
#6560=DIRECTION('',(0.,1.,-0.));
#6561=DIRECTION('',(0.,0.,1.));
#6562=AXIS2_PLACEMENT_3D('',#6559,#6560,#6561);
#6563=CIRCLE('',#6562,1.109127831);
#6564=EDGE_CURVE('',#5956,#6138,#6563,.T.);
#6565=ORIENTED_EDGE('',*,*,#6564,.F.);
#6566=ORIENTED_EDGE('',*,*,#5961,.F.);
#6567=EDGE_LOOP('',(#6557,#6558,#6565,#6566));
#6568=FACE_BOUND('',#6567,.T.);
#6569=ADVANCED_FACE('',(#6568),#6556,.T.);
#6570=CARTESIAN_POINT('',(-67.778952322,755.721047678,24.816636674));
#6571=DIRECTION('',(0.,-0.,-1.));
#6572=DIRECTION('',(0.,1.,-0.));
#6573=AXIS2_PLACEMENT_3D('',#6570,#6571,#6572);
#6574=TOROIDAL_SURFACE('',#6573,1.669824491,1.109127831);
#6575=ORIENTED_EDGE('',*,*,#6564,.T.);
#6576=ORIENTED_EDGE('',*,*,#6381,.F.);
#6577=CARTESIAN_POINT('',(-67.778952322,757.390872169,24.816636674));
#6578=DIRECTION('',(-1.,-0.,-0.));
#6579=DIRECTION('',(-0.,0.,1.));
#6580=AXIS2_PLACEMENT_3D('',#6577,#6578,#6579);
#6581=CIRCLE('',#6580,1.109127831);
#6582=EDGE_CURVE('',#5964,#6161,#6581,.T.);
#6583=ORIENTED_EDGE('',*,*,#6582,.F.);
#6584=ORIENTED_EDGE('',*,*,#5970,.F.);
#6585=EDGE_LOOP('',(#6575,#6576,#6583,#6584));
#6586=FACE_BOUND('',#6585,.T.);
#6587=ADVANCED_FACE('',(#6586),#6574,.T.);
#6588=CARTESIAN_POINT('',(-85.,757.390872169,24.816636674));
#6589=DIRECTION('',(-1.,-0.,-0.));
#6590=DIRECTION('',(-0.,0.,1.));
#6591=AXIS2_PLACEMENT_3D('',#6588,#6589,#6590);
#6592=CYLINDRICAL_SURFACE('',#6591,1.109127831);
#6593=ORIENTED_EDGE('',*,*,#6582,.T.);
#6594=ORIENTED_EDGE('',*,*,#6166,.F.);
#6595=CARTESIAN_POINT('',(-82.221047678,757.390872169,24.816636674));
#6596=DIRECTION('',(-1.,-0.,-0.));
#6597=DIRECTION('',(-0.,0.,1.));
#6598=AXIS2_PLACEMENT_3D('',#6595,#6596,#6597);
#6599=CIRCLE('',#6598,1.109127831);
#6600=EDGE_CURVE('',#5922,#5997,#6599,.T.);
#6601=ORIENTED_EDGE('',*,*,#6600,.F.);
#6602=ORIENTED_EDGE('',*,*,#5976,.F.);
#6603=EDGE_LOOP('',(#6593,#6594,#6601,#6602));
#6604=FACE_BOUND('',#6603,.T.);
#6605=ADVANCED_FACE('',(#6604),#6592,.T.);
#6606=CARTESIAN_POINT('',(-82.221047678,755.721047678,24.816636674));
#6607=DIRECTION('',(0.,-0.,-1.));
#6608=DIRECTION('',(0.,1.,-0.));
#6609=AXIS2_PLACEMENT_3D('',#6606,#6607,#6608);
#6610=TOROIDAL_SURFACE('',#6609,1.669824491,1.109127831);
#6611=ORIENTED_EDGE('',*,*,#6600,.T.);
#6612=ORIENTED_EDGE('',*,*,#6003,.F.);
#6613=CARTESIAN_POINT('',(-83.890872169,755.721047678,24.816636674));
#6614=DIRECTION('',(-0.,-1.,0.));
#6615=DIRECTION('',(0.,-0.,-1.));
#6616=AXIS2_PLACEMENT_3D('',#6613,#6614,#6615);
#6617=CIRCLE('',#6616,1.109127831);
#6618=EDGE_CURVE('',#5924,#5987,#6617,.T.);
#6619=ORIENTED_EDGE('',*,*,#6618,.F.);
#6620=ORIENTED_EDGE('',*,*,#5930,.F.);
#6621=EDGE_LOOP('',(#6611,#6612,#6619,#6620));
#6622=FACE_BOUND('',#6621,.T.);
#6623=ADVANCED_FACE('',(#6622),#6610,.T.);
#6624=CARTESIAN_POINT('',(-83.890872169,667.312020146,24.816636688));
#6625=DIRECTION('',(-0.,1.,0.));
#6626=DIRECTION('',(-1.,-0.,0.));
#6627=AXIS2_PLACEMENT_3D('',#6624,#6625,#6626);
#6628=CYLINDRICAL_SURFACE('',#6627,1.109127831);
#6629=ORIENTED_EDGE('',*,*,#6212,.F.);
#6630=CARTESIAN_POINT('',(-83.890872169,721.558017407,24.816636688));
#6631=DIRECTION('',(-0.,1.,-0.));
#6632=DIRECTION('',(0.,-0.,-1.));
#6633=AXIS2_PLACEMENT_3D('',#6630,#6631,#6632);
#6634=CIRCLE('',#6633,1.109127831);
#6635=EDGE_CURVE('',#6199,#5653,#6634,.T.);
#6636=ORIENTED_EDGE('',*,*,#6635,.T.);
#6637=ORIENTED_EDGE('',*,*,#5691,.F.);
#6638=CARTESIAN_POINT('',(-83.890872169,730.2,24.816636688));
#6639=DIRECTION('',(0.,1.,-0.));
#6640=DIRECTION('',(0.,0.,1.));
#6641=AXIS2_PLACEMENT_3D('',#6638,#6639,#6640);
#6642=CIRCLE('',#6641,1.109127831);
#6643=EDGE_CURVE('',#6207,#5680,#6642,.T.);
#6644=ORIENTED_EDGE('',*,*,#6643,.F.);
#6645=EDGE_LOOP('',(#6629,#6636,#6637,#6644));
#6646=FACE_BOUND('',#6645,.T.);
#6647=ADVANCED_FACE('',(#6646),#6628,.T.);
#6648=CARTESIAN_POINT('',(-83.890872169,755.100047274,24.816636674));
#6649=DIRECTION('',(-0.,1.,-0.));
#6650=DIRECTION('',(0.,0.,1.));
#6651=AXIS2_PLACEMENT_3D('',#6648,#6649,#6650);
#6652=CYLINDRICAL_SURFACE('',#6651,1.109127831);
#6653=ORIENTED_EDGE('',*,*,#6618,.T.);
#6654=ORIENTED_EDGE('',*,*,#6218,.F.);
#6655=ORIENTED_EDGE('',*,*,#6643,.T.);
#6656=ORIENTED_EDGE('',*,*,#5936,.F.);
#6657=EDGE_LOOP('',(#6653,#6654,#6655,#6656));
#6658=FACE_BOUND('',#6657,.T.);
#6659=ADVANCED_FACE('',(#6658),#6652,.T.);
#6660=CARTESIAN_POINT('',(-65.000000003,721.558017407,24.867747093));
#6661=DIRECTION('',(-1.,-0.,0.000000001));
#6662=DIRECTION('',(0.000000001,0.,1.));
#6663=AXIS2_PLACEMENT_3D('',#6660,#6661,#6662);
#6664=CYLINDRICAL_SURFACE('',#6663,1.058017407);
#6665=ORIENTED_EDGE('',*,*,#5627,.F.);
#6666=CARTESIAN_POINT('',(-81.983886896,721.558017407,25.925764517));
#6667=DIRECTION('',(1.,0.,-0.000000001));
#6668=VECTOR('',#6667,4.186041569);
#6669=LINE('',#6666,#6668);
#6670=EDGE_CURVE('',#5655,#5601,#6669,.T.);
#6671=ORIENTED_EDGE('',*,*,#6670,.F.);
#6672=ORIENTED_EDGE('',*,*,#5660,.F.);
#6673=CARTESIAN_POINT('',(-83.890872169,721.558017407,24.867747112));
#6674=DIRECTION('',(-1.,0.,0.000000001));
#6675=DIRECTION('',(0.000000001,0.,1.));
#6676=AXIS2_PLACEMENT_3D('',#6673,#6674,#6675);
#6677=CIRCLE('',#6676,1.058017407);
#6678=EDGE_CURVE('',#5702,#5653,#6677,.T.);
#6679=ORIENTED_EDGE('',*,*,#6678,.F.);
#6680=ORIENTED_EDGE('',*,*,#5827,.F.);
#6681=EDGE_LOOP('',(#6665,#6671,#6672,#6679,#6680));
#6682=FACE_BOUND('',#6681,.T.);
#6683=ADVANCED_FACE('',(#6682),#6664,.T.);
#6684=CARTESIAN_POINT('',(-83.890872169,721.558017407,24.816636688));
#6685=DIRECTION('',(0.,-1.,0.));
#6686=DIRECTION('',(0.,-0.,-1.));
#6687=AXIS2_PLACEMENT_3D('',#6684,#6685,#6686);
#6688=DEGENERATE_TOROIDAL_SURFACE('',#6687,0.051110425,1.058017407,.T.);
#6689=ORIENTED_EDGE('',*,*,#6678,.T.);
#6690=ORIENTED_EDGE('',*,*,#6635,.F.);
#6691=CARTESIAN_POINT('',(-83.941982593,721.558017407,24.816636688));
#6692=DIRECTION('',(0.,-0.,-1.));
#6693=DIRECTION('',(0.,1.,-0.));
#6694=AXIS2_PLACEMENT_3D('',#6691,#6692,#6693);
#6695=CIRCLE('',#6694,1.058017407);
#6696=EDGE_CURVE('',#5704,#6199,#6695,.T.);
#6697=ORIENTED_EDGE('',*,*,#6696,.F.);
#6698=ORIENTED_EDGE('',*,*,#5710,.F.);
#6699=EDGE_LOOP('',(#6689,#6690,#6697,#6698));
#6700=FACE_BOUND('',#6699,.T.);
#6701=ADVANCED_FACE('',(#6700),#6688,.T.);
#6702=CARTESIAN_POINT('',(-83.941982593,721.558017407,25.925764505));
#6703=DIRECTION('',(0.,-0.,-1.));
#6704=DIRECTION('',(0.,1.,-0.));
#6705=AXIS2_PLACEMENT_3D('',#6702,#6703,#6704);
#6706=CYLINDRICAL_SURFACE('',#6705,1.058017407);
#6707=ORIENTED_EDGE('',*,*,#6696,.T.);
#6708=ORIENTED_EDGE('',*,*,#6204,.F.);
#6709=ORIENTED_EDGE('',*,*,#6345,.F.);
#6710=ORIENTED_EDGE('',*,*,#5718,.F.);
#6711=EDGE_LOOP('',(#6707,#6708,#6709,#6710));
#6712=FACE_BOUND('',#6711,.T.);
#6713=ADVANCED_FACE('',(#6712),#6706,.T.);
#6714=CARTESIAN_POINT('',(-66.058017407,721.558017407,25.925764505));
#6715=DIRECTION('',(0.,-0.,-1.));
#6716=DIRECTION('',(0.,1.,-0.));
#6717=AXIS2_PLACEMENT_3D('',#6714,#6715,#6716);
#6718=CYLINDRICAL_SURFACE('',#6717,1.058017407);
#6719=ORIENTED_EDGE('',*,*,#6363,.F.);
#6720=ORIENTED_EDGE('',*,*,#6127,.F.);
#6721=CARTESIAN_POINT('',(-66.058017407,721.558017407,24.81663667));
#6722=DIRECTION('',(-0.,0.,1.));
#6723=DIRECTION('',(0.,-1.,0.));
#6724=AXIS2_PLACEMENT_3D('',#6721,#6722,#6723);
#6725=CIRCLE('',#6724,1.058017407);
#6726=EDGE_CURVE('',#5761,#6114,#6725,.T.);
#6727=ORIENTED_EDGE('',*,*,#6726,.F.);
#6728=ORIENTED_EDGE('',*,*,#5766,.F.);
#6729=EDGE_LOOP('',(#6719,#6720,#6727,#6728));
#6730=FACE_BOUND('',#6729,.T.);
#6731=ADVANCED_FACE('',(#6730),#6718,.T.);
#6732=CARTESIAN_POINT('',(-66.109127831,721.558017407,24.81663667));
#6733=DIRECTION('',(0.,-1.,0.));
#6734=DIRECTION('',(0.,-0.,-1.));
#6735=AXIS2_PLACEMENT_3D('',#6732,#6733,#6734);
#6736=DEGENERATE_TOROIDAL_SURFACE('',#6735,0.051110425,1.058017407,.T.);
#6737=ORIENTED_EDGE('',*,*,#6726,.T.);
#6738=ORIENTED_EDGE('',*,*,#6539,.F.);
#6739=CARTESIAN_POINT('',(-66.109127831,721.558017407,24.867747095));
#6740=DIRECTION('',(-1.,0.,0.000000001));
#6741=DIRECTION('',(0.000000001,0.,1.));
#6742=AXIS2_PLACEMENT_3D('',#6739,#6740,#6741);
#6743=CIRCLE('',#6742,1.058017407);
#6744=EDGE_CURVE('',#5769,#6512,#6743,.T.);
#6745=ORIENTED_EDGE('',*,*,#6744,.F.);
#6746=ORIENTED_EDGE('',*,*,#5775,.F.);
#6747=EDGE_LOOP('',(#6737,#6738,#6745,#6746));
#6748=FACE_BOUND('',#6747,.T.);
#6749=ADVANCED_FACE('',(#6748),#6736,.T.);
#6750=CARTESIAN_POINT('',(-65.000000003,721.558017407,24.867747093));
#6751=DIRECTION('',(-1.,-0.,0.000000001));
#6752=DIRECTION('',(0.000000001,0.,1.));
#6753=AXIS2_PLACEMENT_3D('',#6750,#6751,#6752);
#6754=CYLINDRICAL_SURFACE('',#6753,1.058017407);
#6755=ORIENTED_EDGE('',*,*,#5583,.F.);
#6756=ORIENTED_EDGE('',*,*,#5781,.F.);
#6757=ORIENTED_EDGE('',*,*,#6744,.T.);
#6758=ORIENTED_EDGE('',*,*,#6517,.F.);
#6759=CARTESIAN_POINT('',(-72.202154673,721.558017407,25.925764507));
#6760=DIRECTION('',(1.,0.,-0.000000001));
#6761=VECTOR('',#6760,4.186041569);
#6762=LINE('',#6759,#6761);
#6763=EDGE_CURVE('',#5565,#6504,#6762,.T.);
#6764=ORIENTED_EDGE('',*,*,#6763,.F.);
#6765=EDGE_LOOP('',(#6755,#6756,#6757,#6758,#6764));
#6766=FACE_BOUND('',#6765,.T.);
#6767=ADVANCED_FACE('',(#6766),#6754,.T.);
#6768=CARTESIAN_POINT('',(-65.000000002,667.312020146,25.9257645));
#6769=DIRECTION('',(-0.000000001,0.,-1.));
#6770=DIRECTION('',(-1.,0.,0.000000001));
#6771=AXIS2_PLACEMENT_3D('',#6768,#6769,#6770);
#6772=PLANE('',#6771);
#6773=ORIENTED_EDGE('',*,*,#5590,.T.);
#6774=ORIENTED_EDGE('',*,*,#6763,.T.);
#6775=CARTESIAN_POINT('',(-69.074130511,721.558017407,25.925764504));
#6776=DIRECTION('',(-0.000000001,0.,-1.));
#6777=DIRECTION('',(-1.,0.,0.000000001));
#6778=AXIS2_PLACEMENT_3D('',#6775,#6776,#6777);
#6779=CIRCLE('',#6778,1.058017407);
#6780=EDGE_CURVE('',#6504,#5785,#6779,.T.);
#6781=ORIENTED_EDGE('',*,*,#6780,.T.);
#6782=ORIENTED_EDGE('',*,*,#5790,.F.);
#6783=EDGE_LOOP('',(#6773,#6774,#6781,#6782));
#6784=FACE_BOUND('',#6783,.T.);
#6785=ADVANCED_FACE('',(#6784),#6772,.T.);
#6786=CARTESIAN_POINT('',(-75.,717.123121445,24.101282581));
#6787=DIRECTION('',(0.,0.,-1.));
#6788=DIRECTION('',(-1.,0.,0.));
#6789=AXIS2_PLACEMENT_3D('',#6786,#6787,#6788);
#6790=PLANE('',#6789);
#6791=ORIENTED_EDGE('',*,*,#6068,.T.);
#6792=CARTESIAN_POINT('',(-75.,722.819787726,24.101282581));
#6793=DIRECTION('',(-0.,-0.,1.));
#6794=DIRECTION('',(-1.,0.,0.));
#6795=AXIS2_PLACEMENT_3D('',#6792,#6793,#6794);
#6796=CIRCLE('',#6795,1.5);
#6797=EDGE_CURVE('',#6056,#6030,#6796,.T.);
#6798=ORIENTED_EDGE('',*,*,#6797,.T.);
#6799=ORIENTED_EDGE('',*,*,#6036,.T.);
#6800=ORIENTED_EDGE('',*,*,#5742,.F.);
#6801=EDGE_LOOP('',(#6791,#6798,#6799,#6800));
#6802=FACE_BOUND('',#6801,.T.);
#6803=ADVANCED_FACE('',(#6802),#6790,.T.);
#6804=CARTESIAN_POINT('',(75.,752.009046412,37.469942416));
#6805=DIRECTION('',(0.,0.,1.));
#6806=DIRECTION('',(1.,0.,0.));
#6807=AXIS2_PLACEMENT_3D('',#6804,#6805,#6806);
#6808=PLANE('',#6807);
#6809=CARTESIAN_POINT('',(-73.5,722.819787726,37.469942416));
#6810=VERTEX_POINT('',#6809);
#6811=CARTESIAN_POINT('',(-75.,722.819787726,37.469942416));
#6812=DIRECTION('',(0.,0.,1.));
#6813=DIRECTION('',(1.,0.,-0.));
#6814=AXIS2_PLACEMENT_3D('',#6811,#6812,#6813);
#6815=CIRCLE('',#6814,1.5);
#6816=EDGE_CURVE('',#6810,#6810,#6815,.T.);
#6817=ORIENTED_EDGE('',*,*,#6816,.F.);
#6818=EDGE_LOOP('',(#6817));
#6819=FACE_BOUND('',#6818,.T.);
#6820=CARTESIAN_POINT('',(-81.983886896,721.558017407,37.469942416));
#6821=VERTEX_POINT('',#6820);
#6822=CARTESIAN_POINT('',(-81.983886896,727.917696426,37.469942416));
#6823=VERTEX_POINT('',#6822);
#6824=CARTESIAN_POINT('',(-81.983886896,721.558017407,37.469942416));
#6825=DIRECTION('',(-0.,1.,0.));
#6826=VECTOR('',#6825,6.359679019);
#6827=LINE('',#6824,#6826);
#6828=EDGE_CURVE('',#6821,#6823,#6827,.T.);
#6829=ORIENTED_EDGE('',*,*,#6828,.F.);
#6830=CARTESIAN_POINT('',(-80.925869489,721.558017407,37.469942416));
#6831=DIRECTION('',(0.,0.,1.));
#6832=DIRECTION('',(1.,0.,-0.));
#6833=AXIS2_PLACEMENT_3D('',#6830,#6831,#6832);
#6834=CIRCLE('',#6833,1.058017407);
#6835=EDGE_CURVE('',#6821,#5801,#6834,.T.);
#6836=ORIENTED_EDGE('',*,*,#6835,.T.);
#6837=ORIENTED_EDGE('',*,*,#5806,.F.);
#6838=CARTESIAN_POINT('',(-68.016113104,721.558017407,37.469942416));
#6839=VERTEX_POINT('',#6838);
#6840=CARTESIAN_POINT('',(-69.074130511,721.558017407,37.469942416));
#6841=DIRECTION('',(0.,0.,1.));
#6842=DIRECTION('',(1.,0.,-0.));
#6843=AXIS2_PLACEMENT_3D('',#6840,#6841,#6842);
#6844=CIRCLE('',#6843,1.058017407);
#6845=EDGE_CURVE('',#5793,#6839,#6844,.T.);
#6846=ORIENTED_EDGE('',*,*,#6845,.T.);
#6847=CARTESIAN_POINT('',(-68.016113104,727.917696426,37.469942416));
#6848=VERTEX_POINT('',#6847);
#6849=CARTESIAN_POINT('',(-68.016113104,727.917696426,37.469942416));
#6850=DIRECTION('',(0.,-1.,0.));
#6851=VECTOR('',#6850,6.359679019);
#6852=LINE('',#6849,#6851);
#6853=EDGE_CURVE('',#6848,#6839,#6852,.T.);
#6854=ORIENTED_EDGE('',*,*,#6853,.F.);
#6855=CARTESIAN_POINT('',(-70.298416679,730.2,37.469942416));
#6856=VERTEX_POINT('',#6855);
#6857=CARTESIAN_POINT('',(-70.298416679,727.917696426,37.469942416));
#6858=DIRECTION('',(0.,0.,1.));
#6859=DIRECTION('',(1.,0.,-0.));
#6860=AXIS2_PLACEMENT_3D('',#6857,#6858,#6859);
#6861=CIRCLE('',#6860,2.282303574);
#6862=EDGE_CURVE('',#6848,#6856,#6861,.T.);
#6863=ORIENTED_EDGE('',*,*,#6862,.T.);
#6864=CARTESIAN_POINT('',(-79.701583321,730.2,37.469942416));
#6865=VERTEX_POINT('',#6864);
#6866=CARTESIAN_POINT('',(-79.701583321,730.2,37.469942416));
#6867=DIRECTION('',(1.,0.,-0.));
#6868=VECTOR('',#6867,9.403166643);
#6869=LINE('',#6866,#6868);
#6870=EDGE_CURVE('',#6865,#6856,#6869,.T.);
#6871=ORIENTED_EDGE('',*,*,#6870,.F.);
#6872=CARTESIAN_POINT('',(-79.701583321,727.917696426,37.469942416));
#6873=DIRECTION('',(0.,0.,1.));
#6874=DIRECTION('',(1.,0.,-0.));
#6875=AXIS2_PLACEMENT_3D('',#6872,#6873,#6874);
#6876=CIRCLE('',#6875,2.282303574);
#6877=EDGE_CURVE('',#6865,#6823,#6876,.T.);
#6878=ORIENTED_EDGE('',*,*,#6877,.T.);
#6879=EDGE_LOOP('',(#6829,#6836,#6837,#6846,#6854,#6863,#6871,#6878));
#6880=FACE_BOUND('',#6879,.T.);
#6881=ADVANCED_FACE('',(#6819,#6880),#6808,.T.);
#6882=CARTESIAN_POINT('',(-68.016113104,758.5,25.925764505));
#6883=DIRECTION('',(1.,0.,0.));
#6884=DIRECTION('',(0.,0.,-1.));
#6885=AXIS2_PLACEMENT_3D('',#6882,#6883,#6884);
#6886=PLANE('',#6885);
#6887=ORIENTED_EDGE('',*,*,#6853,.T.);
#6888=CARTESIAN_POINT('',(-68.016113104,721.558017407,37.469942416));
#6889=DIRECTION('',(0.,-0.,-1.));
#6890=VECTOR('',#6889,11.544177912);
#6891=LINE('',#6888,#6890);
#6892=EDGE_CURVE('',#6839,#6504,#6891,.T.);
#6893=ORIENTED_EDGE('',*,*,#6892,.T.);
#6894=ORIENTED_EDGE('',*,*,#6509,.T.);
#6895=CARTESIAN_POINT('',(-68.016113104,727.917696426,25.925764503));
#6896=DIRECTION('',(-0.,-0.,1.));
#6897=VECTOR('',#6896,11.544177912);
#6898=LINE('',#6895,#6897);
#6899=EDGE_CURVE('',#6495,#6848,#6898,.T.);
#6900=ORIENTED_EDGE('',*,*,#6899,.T.);
#6901=EDGE_LOOP('',(#6887,#6893,#6894,#6900));
#6902=FACE_BOUND('',#6901,.T.);
#6903=ADVANCED_FACE('',(#6902),#6886,.T.);
#6904=CARTESIAN_POINT('',(-81.983886896,720.5,25.925764505));
#6905=DIRECTION('',(-1.,-0.,-0.));
#6906=DIRECTION('',(-0.,0.,1.));
#6907=AXIS2_PLACEMENT_3D('',#6904,#6905,#6906);
#6908=PLANE('',#6907);
#6909=ORIENTED_EDGE('',*,*,#5668,.F.);
#6910=CARTESIAN_POINT('',(-81.983886896,721.558017407,25.925764517));
#6911=DIRECTION('',(-0.,0.,1.));
#6912=VECTOR('',#6911,11.544177898);
#6913=LINE('',#6910,#6912);
#6914=EDGE_CURVE('',#5655,#6821,#6913,.T.);
#6915=ORIENTED_EDGE('',*,*,#6914,.T.);
#6916=ORIENTED_EDGE('',*,*,#6828,.T.);
#6917=CARTESIAN_POINT('',(-81.983886896,727.917696426,37.469942416));
#6918=DIRECTION('',(0.,0.,-1.));
#6919=VECTOR('',#6918,11.544177898);
#6920=LINE('',#6917,#6919);
#6921=EDGE_CURVE('',#6823,#5663,#6920,.T.);
#6922=ORIENTED_EDGE('',*,*,#6921,.T.);
#6923=EDGE_LOOP('',(#6909,#6915,#6916,#6922));
#6924=FACE_BOUND('',#6923,.T.);
#6925=ADVANCED_FACE('',(#6924),#6908,.T.);
#6926=CARTESIAN_POINT('',(-75.,722.819787726,11.513589272));
#6927=DIRECTION('',(0.,0.,1.));
#6928=DIRECTION('',(1.,0.,-0.));
#6929=AXIS2_PLACEMENT_3D('',#6926,#6927,#6928);
#6930=CYLINDRICAL_SURFACE('',#6929,1.5);
#6931=CARTESIAN_POINT('',(-73.5,722.819787726,37.469942416));
#6932=DIRECTION('',(-0.,-0.,-1.));
#6933=VECTOR('',#6932,11.544177911);
#6934=LINE('',#6931,#6933);
#6935=EDGE_CURVE('',#6810,#6088,#6934,.T.);
#6936=ORIENTED_EDGE('',*,*,#6935,.F.);
#6937=ORIENTED_EDGE('',*,*,#6816,.T.);
#6938=ORIENTED_EDGE('',*,*,#6935,.T.);
#6939=ORIENTED_EDGE('',*,*,#6094,.F.);
#6940=ORIENTED_EDGE('',*,*,#6044,.T.);
#6941=ORIENTED_EDGE('',*,*,#6797,.F.);
#6942=ORIENTED_EDGE('',*,*,#6061,.T.);
#6943=ORIENTED_EDGE('',*,*,#6101,.F.);
#6944=EDGE_LOOP('',(#6936,#6937,#6938,#6939,#6940,#6941,#6942,#6943));
#6945=FACE_BOUND('',#6944,.T.);
#6946=ADVANCED_FACE('',(#6945),#6930,.F.);
#6947=CARTESIAN_POINT('',(-85.,730.2,35.439190199));
#6948=DIRECTION('',(0.,1.,0.));
#6949=DIRECTION('',(0.,0.,1.));
#6950=AXIS2_PLACEMENT_3D('',#6947,#6948,#6949);
#6951=PLANE('',#6950);
#6952=ORIENTED_EDGE('',*,*,#6870,.T.);
#6953=CARTESIAN_POINT('',(-70.298416679,730.2,37.469942416));
#6954=DIRECTION('',(0.,0.,-1.));
#6955=VECTOR('',#6954,11.54417791);
#6956=LINE('',#6953,#6955);
#6957=EDGE_CURVE('',#6856,#5940,#6956,.T.);
#6958=ORIENTED_EDGE('',*,*,#6957,.T.);
#6959=ORIENTED_EDGE('',*,*,#5945,.T.);
#6960=CARTESIAN_POINT('',(-79.701583321,730.2,25.925764515));
#6961=DIRECTION('',(-0.,-0.,1.));
#6962=VECTOR('',#6961,11.544177901);
#6963=LINE('',#6960,#6962);
#6964=EDGE_CURVE('',#5671,#6865,#6963,.T.);
#6965=ORIENTED_EDGE('',*,*,#6964,.T.);
#6966=EDGE_LOOP('',(#6952,#6958,#6959,#6965));
#6967=FACE_BOUND('',#6966,.T.);
#6968=ADVANCED_FACE('',(#6967),#6951,.T.);
#6969=CARTESIAN_POINT('',(-65.000000002,667.312020146,25.9257645));
#6970=DIRECTION('',(-0.000000001,0.,-1.));
#6971=DIRECTION('',(-1.,0.,0.000000001));
#6972=AXIS2_PLACEMENT_3D('',#6969,#6970,#6971);
#6973=PLANE('',#6972);
#6974=CARTESIAN_POINT('',(-80.925869489,721.558017407,25.925764516));
#6975=DIRECTION('',(-0.000000001,0.,-1.));
#6976=DIRECTION('',(-1.,0.,0.000000001));
#6977=AXIS2_PLACEMENT_3D('',#6974,#6975,#6976);
#6978=CIRCLE('',#6977,1.058017407);
#6979=EDGE_CURVE('',#5809,#5655,#6978,.T.);
#6980=ORIENTED_EDGE('',*,*,#6979,.T.);
#6981=ORIENTED_EDGE('',*,*,#6670,.T.);
#6982=ORIENTED_EDGE('',*,*,#5642,.T.);
#6983=ORIENTED_EDGE('',*,*,#5820,.F.);
#6984=EDGE_LOOP('',(#6980,#6981,#6982,#6983));
#6985=FACE_BOUND('',#6984,.T.);
#6986=ADVANCED_FACE('',(#6985),#6973,.T.);
#6987=CARTESIAN_POINT('',(-70.298416679,727.917696426,35.439190199));
#6988=DIRECTION('',(0.,0.,-1.));
#6989=DIRECTION('',(-1.,0.,-0.));
#6990=AXIS2_PLACEMENT_3D('',#6987,#6988,#6989);
#6991=CYLINDRICAL_SURFACE('',#6990,2.282303574);
#6992=ORIENTED_EDGE('',*,*,#6862,.F.);
#6993=ORIENTED_EDGE('',*,*,#6899,.F.);
#6994=ORIENTED_EDGE('',*,*,#6501,.F.);
#6995=ORIENTED_EDGE('',*,*,#6957,.F.);
#6996=EDGE_LOOP('',(#6992,#6993,#6994,#6995));
#6997=FACE_BOUND('',#6996,.T.);
#6998=ADVANCED_FACE('',(#6997),#6991,.T.);
#6999=CARTESIAN_POINT('',(-79.701583321,727.917696426,25.925764505));
#7000=DIRECTION('',(0.,0.,-1.));
#7001=DIRECTION('',(-1.,0.,-0.));
#7002=AXIS2_PLACEMENT_3D('',#6999,#7000,#7001);
#7003=CYLINDRICAL_SURFACE('',#7002,2.282303574);
#7004=ORIENTED_EDGE('',*,*,#6877,.F.);
#7005=ORIENTED_EDGE('',*,*,#6964,.F.);
#7006=ORIENTED_EDGE('',*,*,#5677,.F.);
#7007=ORIENTED_EDGE('',*,*,#6921,.F.);
#7008=EDGE_LOOP('',(#7004,#7005,#7006,#7007));
#7009=FACE_BOUND('',#7008,.T.);
#7010=ADVANCED_FACE('',(#7009),#7003,.T.);
#7011=CARTESIAN_POINT('',(-80.925869489,721.558017407,25.925764505));
#7012=DIRECTION('',(0.,-0.,-1.));
#7013=DIRECTION('',(0.,1.,-0.));
#7014=AXIS2_PLACEMENT_3D('',#7011,#7012,#7013);
#7015=CYLINDRICAL_SURFACE('',#7014,1.058017407);
#7016=ORIENTED_EDGE('',*,*,#6835,.F.);
#7017=ORIENTED_EDGE('',*,*,#6914,.F.);
#7018=ORIENTED_EDGE('',*,*,#6979,.F.);
#7019=ORIENTED_EDGE('',*,*,#5814,.F.);
#7020=EDGE_LOOP('',(#7016,#7017,#7018,#7019));
#7021=FACE_BOUND('',#7020,.T.);
#7022=ADVANCED_FACE('',(#7021),#7015,.T.);
#7023=CARTESIAN_POINT('',(-69.074130511,721.558017407,25.925764505));
#7024=DIRECTION('',(0.,-0.,-1.));
#7025=DIRECTION('',(0.,1.,-0.));
#7026=AXIS2_PLACEMENT_3D('',#7023,#7024,#7025);
#7027=CYLINDRICAL_SURFACE('',#7026,1.058017407);
#7028=ORIENTED_EDGE('',*,*,#6845,.F.);
#7029=ORIENTED_EDGE('',*,*,#5798,.F.);
#7030=ORIENTED_EDGE('',*,*,#6780,.F.);
#7031=ORIENTED_EDGE('',*,*,#6892,.F.);
#7032=EDGE_LOOP('',(#7028,#7029,#7030,#7031));
#7033=FACE_BOUND('',#7032,.T.);
#7034=ADVANCED_FACE('',(#7033),#7027,.T.);
#7035=CLOSED_SHELL('',(#5594,#5646,#5695,#5831,#5980,#6022,#6080,#6105,#6153,#6184,#6223,#6274,#6325,#6369,#6387,#6423,#6437,#6473,#6487,#6527,#6551,#6569,#6587,#6605,#6623,#6647,
#6659,#6683,#6701,#6713,#6731,#6749,#6767,#6785,#6803,#6881,#6903,#6925,#6946,#6968,#6986,#6998,#7010,#7022,#7034));
#7036=MANIFOLD_SOLID_BREP('Stop Bracket.003',#7035);
#5548=STYLED_ITEM('',(),#7036);
#91=SHAPE_REPRESENTATION('PRINT FILES',(#15),#89);
#92=ADVANCED_BREP_SHAPE_REPRESENTATION('PRINT FILES',(#1360,#2611,#4296,#5547,#7036),#89);
#7044=SHAPE_REPRESENTATION_RELATIONSHIP('','',#91,#92);
#7045=APPLICATION_CONTEXT('configuration controlled 3D design of mechanical parts and assemblies');
#7046=APPLICATION_PROTOCOL_DEFINITION('international standard','configuration_control_3d_design_ed2_mim',2004,#7045);
#7047=PRODUCT_CONTEXT('',#7045,'mechanical');
#7048=PRODUCT_DEFINITION_CONTEXT('part definition',#7045,'design');
#99=PRODUCT('0','0','',(#7047));
#7049=PRODUCT_RELATED_PRODUCT_CATEGORY('part','',(#99));
#7050=PRODUCT_DEFINITION_FORMATION_WITH_SPECIFIED_SOURCE('','',#99,.NOT_KNOWN.);
#100=PRODUCT_DEFINITION('design','',#7050,#7048);
#98=PRODUCT_DEFINITION_SHAPE('','',#100);
#7051=SHAPE_DEFINITION_REPRESENTATION(#98,#91);
#90=DRAUGHTING_MODEL('',(),#89);
#63=SHAPE_REPRESENTATION('10mm Bed (LDO)',(#15,#104),#61);
#71=PRODUCT('0','0','',(#7047));
#7052=PRODUCT_RELATED_PRODUCT_CATEGORY('part','',(#71));
#7053=PRODUCT_DEFINITION_FORMATION_WITH_SPECIFIED_SOURCE('','',#71,.NOT_KNOWN.);
#72=PRODUCT_DEFINITION('design','',#7053,#7048);
#70=PRODUCT_DEFINITION_SHAPE('','',#72);
#7054=SHAPE_DEFINITION_REPRESENTATION(#70,#63);
#62=DRAUGHTING_MODEL('',(),#61);
#35=SHAPE_REPRESENTATION('300mm Voron 2.4',(#15,#76),#33);
#43=PRODUCT('0','0','',(#7047));
#7055=PRODUCT_RELATED_PRODUCT_CATEGORY('part','',(#43));
#7056=PRODUCT_DEFINITION_FORMATION_WITH_SPECIFIED_SOURCE('','',#43,.NOT_KNOWN.);
#44=PRODUCT_DEFINITION('design','',#7056,#7048);
#42=PRODUCT_DEFINITION_SHAPE('','',#44);
#7057=SHAPE_DEFINITION_REPRESENTATION(#42,#35);
#34=DRAUGHTING_MODEL('',(),#33);
#16=SHAPE_REPRESENTATION('root',(#15,#48),#10);
#24=PRODUCT('root','root','',(#7047));
#7058=PRODUCT_RELATED_PRODUCT_CATEGORY('part','',(#24));
#7059=PRODUCT_DEFINITION_FORMATION_WITH_SPECIFIED_SOURCE('','',#24,.NOT_KNOWN.);
#25=PRODUCT_DEFINITION('design','',#7059,#7048);
#23=PRODUCT_DEFINITION_SHAPE('','',#25);
#7060=SHAPE_DEFINITION_REPRESENTATION(#23,#16);
#11=DRAUGHTING_MODEL('',(),#10);
#1=MECHANICAL_DESIGN_GEOMETRIC_PRESENTATION_REPRESENTATION('',(#110,#1361,#2612,#4297,#5548),#10);
ENDSEC;
END-ISO-10303-21;
